week_of,None,Abnormally dry,Moderate drought,Severe drought,Extreme drought,Exceptional drought
2023-01-03,0.0,100.0,97.93,71.14,27.1,0.0
2022-12-27,0.0,100.0,97.94,80.56,35.5,7.16
2022-12-20,0.0,100.0,97.94,80.56,35.5,7.16
2022-12-13,0.0,100.0,97.94,80.56,35.5,7.16
2022-12-06,0.0,100.0,99.48,84.97,40.08,12.73
2022-11-29,0.0,100.0,99.48,84.97,40.92,12.73
2022-11-22,0.0,100.0,99.48,84.97,40.92,12.73
2022-11-15,0.0,100.0,99.48,84.97,40.92,12.73
2022-11-08,0.0,100.0,99.51,88.09,41.39,16.57
2022-11-01,0.0,100.0,99.77,91.83,43.06,16.57
2022-10-25,0.0,100.0,99.77,91.83,43.06,16.57
2022-10-18,0.0,100.0,99.77,91.83,40.91,16.57
2022-10-11,0.0,100.0,99.77,93.99,40.91,16.57
2022-10-04,0.0,100.0,99.77,94.02,40.91,16.57
2022-09-27,0.0,100.0,99.76,94.01,40.91,16.57
2022-09-20,0.0,100.0,99.76,94.06,40.91,16.57
2022-09-13,0.0,100.0,99.76,94.06,40.91,16.57
2022-09-06,0.0,100.0,99.76,97.52,40.18,16.57
2022-08-30,0.0,100.0,99.76,97.52,40.18,16.57
2022-08-23,0.0,100.0,99.76,97.53,43.16,16.57
2022-08-16,0.0,100.0,99.76,97.53,43.16,16.57
2022-08-09,0.0,100.0,99.77,97.52,45.81,16.53
2022-08-02,0.0,100.0,99.78,97.47,59.81,12.12
2022-07-26,0.0,100.0,99.78,97.47,59.81,12.74
2022-07-19,0.0,100.0,99.78,97.47,59.81,12.74
2022-07-12,0.0,100.0,99.8,97.48,59.81,12.74
2022-07-05,0.0,100.0,99.8,97.48,59.81,11.59
2022-06-28,0.0,100.0,99.79,97.48,59.81,11.59
2022-06-21,0.0,100.0,99.79,97.48,59.81,11.59
2022-06-14,0.0,100.0,99.79,97.48,59.81,11.59
2022-06-07,0.0,100.0,99.79,97.48,59.81,11.59
2022-05-31,0.0,100.0,99.86,97.56,59.81,11.59
2022-05-24,0.0,100.0,99.86,97.56,59.81,11.59
2022-05-17,0.0,100.0,99.86,95.14,59.81,0.18
2022-05-10,0.0,100.0,99.86,95.14,59.81,0.0
2022-05-03,0.0,100.0,100.0,95.18,40.51,0.0
2022-04-26,0.0,100.0,100.0,95.18,40.56,0.0
2022-04-19,0.0,100.0,100.0,95.18,40.81,0.0
2022-04-12,0.0,100.0,100.0,95.75,46.87,0.0
2022-04-05,0.0,100.0,100.0,93.65,40.67,0.0
2022-03-29,0.0,100.0,100.0,93.65,40.25,0.0
2022-03-22,0.0,100.0,100.0,93.65,37.69,0.0
2022-03-15,0.0,100.0,100.0,93.23,35.22,0.0
2022-03-08,0.0,100.0,100.0,86.98,12.82,0.0
2022-03-01,0.0,100.0,100.0,86.98,12.82,0.0
2022-02-22,0.0,100.0,100.0,68.77,6.7,0.0
2022-02-15,0.0,100.0,99.57,66.39,1.39,0.0
2022-02-08,0.0,100.0,99.25,66.42,1.39,0.0
2022-02-01,0.0,100.0,99.25,66.39,1.39,0.0
2022-01-25,0.0,100.0,99.25,66.39,1.39,0.0
2022-01-18,0.0,100.0,99.25,66.39,1.39,0.0
2022-01-11,0.0,100.0,99.25,66.39,1.39,0.0
2022-01-04,0.0,100.0,99.3,67.62,16.6,0.84
2021-12-28,0.0,100.0,100.0,86.28,32.93,0.84
2021-12-21,0.0,100.0,100.0,92.44,79.44,23.11
2021-12-14,0.0,100.0,100.0,92.43,80.28,28.27
2021-12-07,0.0,100.0,100.0,92.43,80.28,28.27
2021-11-30,0.0,100.0,100.0,92.43,80.28,28.27
2021-11-23,0.0,100.0,100.0,92.43,80.28,28.27
2021-11-16,0.0,100.0,100.0,92.43,80.28,37.62
2021-11-09,0.0,100.0,100.0,92.43,80.28,37.62
2021-11-02,0.0,100.0,100.0,93.81,83.33,38.74
2021-10-26,0.0,100.0,100.0,93.81,83.33,38.74
2021-10-19,0.0,100.0,100.0,93.81,87.18,45.66
2021-10-12,0.0,100.0,100.0,93.93,87.18,45.66
2021-10-05,0.0,100.0,100.0,93.93,87.88,45.66
2021-09-28,0.0,100.0,100.0,93.93,87.88,45.66
2021-09-21,0.0,100.0,100.0,93.93,87.88,45.66
2021-09-14,0.0,100.0,100.0,93.93,87.94,45.66
2021-09-07,0.0,100.0,100.0,93.93,87.94,45.66
2021-08-31,0.0,100.0,100.0,95.56,88.37,47.4
2021-08-24,0.0,100.0,100.0,95.58,88.37,47.4
2021-08-17,0.0,100.0,100.0,95.58,88.37,48.97
2021-08-10,0.0,100.0,100.0,95.07,88.37,47.1
2021-08-03,0.0,100.0,100.0,95.07,88.37,46.45
2021-07-27,0.0,100.0,100.0,95.09,88.59,46.49
2021-07-20,0.0,100.0,100.0,94.75,85.75,33.42
2021-07-13,0.0,100.0,100.0,94.75,85.73,33.32
2021-07-06,0.0,100.0,100.0,94.73,85.44,33.32
2021-06-29,0.0,100.0,100.0,94.73,85.44,33.32
2021-06-22,0.0,100.0,100.0,94.73,85.44,33.32
2021-06-15,0.0,100.0,100.0,94.75,85.44,33.32
2021-06-08,0.0,100.0,100.0,94.75,85.2,33.32
2021-06-01,0.0,100.0,100.0,94.61,74.46,26.04
2021-05-25,0.0,100.0,100.0,94.61,74.46,26.04
2021-05-18,0.0,100.0,100.0,94.31,73.33,15.91
2021-05-11,0.0,100.0,100.0,94.31,73.33,13.53
2021-05-04,0.0,100.0,97.52,92.88,73.31,5.36
2021-04-27,0.0,100.0,97.51,87.95,52.86,5.36
2021-04-20,0.0,100.0,96.54,85.37,49.86,5.36
2021-04-13,0.78,99.22,94.14,76.97,38.68,5.36
2021-04-06,0.77,99.23,92.65,69.68,35.42,5.36
2021-03-30,0.77,99.23,90.66,64.02,31.76,5.36
2021-03-23,0.7,99.3,90.66,64.02,31.76,5.36
2021-03-16,0.78,99.22,90.62,58.59,29.54,3.75
2021-03-09,0.75,99.25,90.89,58.59,29.54,3.75
2021-03-02,0.75,99.25,90.89,56.98,29.54,3.75
2021-02-23,0.7,99.3,84.88,56.98,29.54,3.75
2021-02-16,0.7,99.3,84.88,57.58,30.99,3.75
2021-02-09,0.64,99.36,85.1,57.87,31.41,3.75
2021-02-02,0.0,100.0,85.99,58.44,31.65,3.75
2021-01-26,0.0,100.0,95.2,75.74,39.46,3.86
2021-01-19,0.0,100.0,95.2,78.12,39.46,1.19
2021-01-12,0.0,100.0,95.2,79.1,39.5,1.19
2021-01-05,0.0,100.0,95.2,74.34,33.84,1.19
2020-12-29,0.0,100.0,95.17,74.34,33.75,1.19
2020-12-22,0.0,100.0,95.17,74.34,33.75,1.19
2020-12-15,0.0,100.0,95.17,74.35,33.75,1.19
2020-12-08,0.0,100.0,95.17,66.79,21.3,0.0
2020-12-01,3.46,96.54,75.03,48.19,19.36,0.0
2020-11-24,3.5,96.5,75.03,48.19,19.36,0.0
2020-11-17,15.61,84.39,70.91,41.25,15.83,0.0
2020-11-10,15.48,84.52,70.91,41.25,15.83,0.0
2020-11-03,15.48,84.52,67.54,35.61,12.74,0.0
2020-10-27,15.4,84.6,67.54,35.61,12.74,0.0
2020-10-20,15.4,84.6,67.54,35.61,12.74,0.0
2020-10-13,15.4,84.6,67.54,35.61,12.74,0.0
2020-10-06,15.4,84.6,67.54,35.61,12.74,0.0
2020-09-29,15.35,84.65,67.65,35.62,12.74,0.0
2020-09-22,15.62,84.38,67.09,35.27,3.39,0.0
2020-09-15,15.62,84.38,67.09,35.26,3.17,0.0
2020-09-08,20.45,79.55,54.18,32.98,3.04,0.0
2020-09-01,20.39,79.61,54.38,31.78,3.04,0.0
2020-08-25,20.55,79.45,54.38,31.88,3.04,0.0
2020-08-18,20.55,79.45,54.22,21.72,3.04,0.0
2020-08-11,33.74,66.26,50.39,21.72,3.04,0.0
2020-08-04,33.74,66.26,50.38,21.5,3.04,0.0
2020-07-28,40.34,59.66,50.38,21.5,3.04,0.0
2020-07-21,40.34,59.66,48.21,21.5,3.04,0.0
2020-07-14,40.38,59.62,48.19,21.5,2.45,0.0
2020-07-07,41.79,58.21,46.74,20.84,2.45,0.0
2020-06-30,41.79,58.21,46.74,20.84,2.45,0.0
2020-06-23,41.79,58.21,46.74,20.84,2.45,0.0
2020-06-16,41.79,58.21,46.74,20.84,2.45,0.0
2020-06-09,41.79,58.21,46.74,20.84,2.45,0.0
2020-06-02,41.8,58.2,46.67,20.84,2.97,0.0
2020-05-26,41.8,58.2,46.67,20.84,2.97,0.0
2020-05-19,41.8,58.2,46.67,20.84,2.97,0.0
2020-05-12,41.8,58.2,46.67,20.84,2.99,0.0
2020-05-05,41.8,58.2,42.87,19.56,3.94,0.0
2020-04-28,41.8,58.2,41.58,19.59,4.66,0.0
2020-04-21,41.8,58.2,35.7,19.59,4.66,0.0
2020-04-14,41.8,58.2,35.7,12.83,0.0,0.0
2020-04-07,32.29,67.71,43.31,1.3,0.0,0.0
2020-03-31,24.86,75.14,43.31,1.3,0.0,0.0
2020-03-24,24.86,75.14,40.42,1.3,0.0,0.0
2020-03-17,24.64,75.36,47.59,1.26,0.0,0.0
2020-03-10,21.5,78.5,48.09,0.0,0.0,0.0
2020-03-03,30.26,69.74,34.16,0.0,0.0,0.0
2020-02-25,30.26,69.74,23.34,0.0,0.0,0.0
2020-02-18,40.02,59.98,9.54,0.0,0.0,0.0
2020-02-11,53.85,46.15,9.54,0.0,0.0,0.0
2020-02-04,65.72,34.28,0.0,0.0,0.0,0.0
2020-01-28,65.72,34.28,0.0,0.0,0.0,0.0
2020-01-21,96.39,3.61,0.0,0.0,0.0,0.0
2020-01-14,96.39,3.61,0.0,0.0,0.0,0.0
2020-01-07,96.43,3.57,0.0,0.0,0.0,0.0
2019-12-31,96.43,3.57,0.0,0.0,0.0,0.0
2019-12-24,96.43,3.57,0.0,0.0,0.0,0.0
2019-12-17,96.43,3.57,0.0,0.0,0.0,0.0
2019-12-10,96.43,3.57,0.0,0.0,0.0,0.0
2019-12-03,14.74,85.26,0.01,0.0,0.0,0.0
2019-11-26,9.22,90.78,3.31,0.01,0.0,0.0
2019-11-19,18.55,81.45,3.59,0.01,0.0,0.0
2019-11-12,18.61,81.39,3.57,0.01,0.0,0.0
2019-11-05,82.26,17.74,2.06,0.0,0.0,0.0
2019-10-29,82.26,17.74,2.06,0.0,0.0,0.0
2019-10-22,82.26,17.74,2.06,0.0,0.0,0.0
2019-10-15,85.4,14.6,2.06,0.0,0.0,0.0
2019-10-08,95.29,4.71,2.06,0.0,0.0,0.0
2019-10-01,95.29,4.71,2.06,0.0,0.0,0.0
2019-09-24,89.73,10.27,2.06,0.0,0.0,0.0
2019-09-17,89.61,10.39,2.06,0.0,0.0,0.0
2019-09-10,90.94,9.06,1.09,0.01,0.0,0.0
2019-09-03,90.94,9.06,1.09,0.0,0.0,0.0
2019-08-27,90.94,9.06,1.09,0.0,0.0,0.0
2019-08-20,93.27,6.73,0.0,0.0,0.0,0.0
2019-08-13,94.07,5.93,0.0,0.0,0.0,0.0
2019-08-06,95.55,4.45,0.0,0.0,0.0,0.0
2019-07-30,95.68,4.32,0.0,0.0,0.0,0.0
2019-07-23,95.68,4.32,0.0,0.0,0.0,0.0
2019-07-16,95.68,4.32,0.0,0.0,0.0,0.0
2019-07-09,95.68,4.32,0.0,0.0,0.0,0.0
2019-07-02,95.68,4.32,0.0,0.0,0.0,0.0
2019-06-25,95.68,4.32,0.0,0.0,0.0,0.0
2019-06-18,95.68,4.32,0.0,0.0,0.0,0.0
2019-06-11,95.68,4.32,0.0,0.0,0.0,0.0
2019-06-04,95.68,4.32,0.0,0.0,0.0,0.0
2019-05-28,94.03,5.97,0.0,0.0,0.0,0.0
2019-05-21,94.03,5.97,0.0,0.0,0.0,0.0
2019-05-14,94.03,5.97,0.0,0.0,0.0,0.0
2019-05-07,94.03,5.97,0.0,0.0,0.0,0.0
2019-04-30,94.03,5.97,0.0,0.0,0.0,0.0
2019-04-23,94.03,5.97,0.0,0.0,0.0,0.0
2019-04-16,94.03,5.97,0.0,0.0,0.0,0.0
2019-04-09,94.03,5.97,0.0,0.0,0.0,0.0
2019-04-02,93.42,6.58,0.0,0.0,0.0,0.0
2019-03-26,93.42,6.58,0.0,0.0,0.0,0.0
2019-03-19,93.42,6.58,0.0,0.0,0.0,0.0
2019-03-12,93.42,6.58,0.0,0.0,0.0,0.0
2019-03-05,89.84,10.16,0.6,0.0,0.0,0.0
2019-02-26,87.17,12.83,2.33,0.0,0.0,0.0
2019-02-19,67.07,32.93,3.77,1.36,0.0,0.0
2019-02-12,36.77,63.23,10.55,1.63,0.0,0.0
2019-02-05,34.37,65.63,10.55,1.89,0.0,0.0
2019-01-29,23.93,76.07,23.66,1.89,0.0,0.0
2019-01-22,7.77,92.23,72.23,3.44,0.71,0.0
2019-01-15,7.77,92.23,75.17,5.54,0.71,0.0
2019-01-08,7.77,92.23,75.17,14.12,1.55,0.0
2019-01-01,7.77,92.23,75.17,14.12,2.1,0.0
2018-12-25,7.77,92.23,75.17,16.25,2.1,0.0
2018-12-18,7.77,92.23,75.17,16.87,2.1,0.0
2018-12-11,7.77,92.23,75.17,16.87,2.1,0.0
2018-12-04,7.77,92.23,79.69,18.34,3.78,0.0
2018-11-27,0.0,100.0,83.66,18.33,3.78,0.0
2018-11-20,0.0,100.0,77.62,18.36,3.78,0.0
2018-11-13,0.0,100.0,53.2,18.35,2.39,0.0
2018-11-06,0.0,100.0,51.92,18.35,2.39,0.0
2018-10-30,15.16,84.84,47.94,19.3,2.73,0.0
2018-10-23,15.16,84.84,47.94,19.3,2.73,0.0
2018-10-16,15.16,84.84,47.94,22.77,2.87,0.0
2018-10-09,15.16,84.84,47.94,22.77,4.87,0.0
2018-10-02,12.18,87.82,47.97,22.82,4.93,0.0
2018-09-25,12.18,87.82,47.97,22.82,4.94,0.0
2018-09-18,12.18,87.82,47.97,22.82,4.94,0.0
2018-09-11,12.18,87.82,47.97,22.82,4.94,0.0
2018-09-04,13.79,86.21,47.58,22.89,2.77,0.0
2018-08-28,13.79,86.21,47.58,21.05,2.77,0.0
2018-08-21,13.79,86.21,47.19,20.75,2.77,0.0
2018-08-14,13.84,86.16,47.19,20.75,2.77,0.0
2018-08-07,13.83,86.17,45.05,20.75,2.77,0.0
2018-07-31,13.84,86.16,44.8,20.75,2.77,0.0
2018-07-24,13.82,86.18,44.73,20.75,2.77,0.0
2018-07-17,14.85,85.15,44.14,20.75,2.77,0.0
2018-07-10,14.85,85.15,44.12,20.75,2.77,0.0
2018-07-03,14.85,85.15,44.17,20.75,2.77,0.0
2018-06-26,14.92,85.08,44.17,20.75,2.77,0.0
2018-06-19,30.37,69.63,37.07,20.75,2.77,0.0
2018-06-12,30.39,69.61,37.07,20.75,2.77,0.0
2018-06-05,30.39,69.61,37.08,20.75,2.78,0.0
2018-05-29,30.49,69.51,37.08,20.75,2.78,0.0
2018-05-22,30.49,69.51,37.08,20.75,2.78,0.0
2018-05-15,30.49,69.51,37.15,20.83,2.8,0.0
2018-05-08,34.19,65.81,37.1,13.99,2.8,0.0
2018-05-01,34.1,65.9,37.1,13.99,2.8,0.0
2018-04-24,34.1,65.9,37.1,13.77,2.55,0.0
2018-04-17,34.1,65.9,37.1,13.77,2.5,0.0
2018-04-10,33.85,66.15,37.1,13.77,2.5,0.0
2018-04-03,22.99,77.01,40.9,12.72,2.5,0.0
2018-03-27,22.99,77.01,40.77,12.56,2.5,0.0
2018-03-20,11.08,88.92,47.68,22.31,0.43,0.0
2018-03-13,11.08,88.92,47.68,22.31,0.43,0.0
2018-03-06,8.48,91.52,47.87,22.4,0.43,0.0
2018-02-27,8.48,91.52,47.87,19.98,0.0,0.0
2018-02-20,8.43,91.57,47.87,19.98,0.0,0.0
2018-02-13,18.29,81.71,45.71,19.98,0.0,0.0
2018-02-06,18.27,81.73,45.6,6.39,0.0,0.0
2018-01-30,26.67,73.33,43.72,4.92,0.0,0.0
2018-01-23,45.48,54.52,12.69,0.0,0.0,0.0
2018-01-16,53.21,46.79,12.69,0.0,0.0,0.0
2018-01-09,53.58,46.42,12.69,0.0,0.0,0.0
2018-01-02,55.7,44.3,12.69,0.0,0.0,0.0
2017-12-26,55.7,44.3,12.69,0.0,0.0,0.0
2017-12-19,55.7,44.3,12.69,0.0,0.0,0.0
2017-12-12,55.7,44.3,9.9,0.0,0.0,0.0
2017-12-05,65.38,34.62,9.9,0.0,0.0,0.0
2017-11-28,69.09,30.91,8.24,0.0,0.0,0.0
2017-11-21,73.98,26.02,8.24,0.0,0.0,0.0
2017-11-14,73.98,26.02,8.24,0.0,0.0,0.0
2017-11-07,77.9,22.1,8.24,0.0,0.0,0.0
2017-10-31,77.9,22.1,8.24,0.0,0.0,0.0
2017-10-24,77.9,22.1,8.24,0.0,0.0,0.0
2017-10-17,77.88,22.12,8.24,0.0,0.0,0.0
2017-10-10,77.88,22.12,8.24,0.0,0.0,0.0
2017-10-03,77.88,22.12,8.24,0.0,0.0,0.0
2017-09-26,77.88,22.12,8.24,0.0,0.0,0.0
2017-09-19,77.88,22.12,8.24,0.04,0.0,0.0
2017-09-12,77.88,22.12,8.24,0.04,0.0,0.0
2017-09-05,77.88,22.12,8.24,0.04,0.0,0.0
2017-08-29,77.88,22.12,8.24,0.04,0.0,0.0
2017-08-22,77.88,22.12,8.24,0.04,0.0,0.0
2017-08-15,77.86,22.14,8.24,0.04,0.0,0.0
2017-08-08,77.86,22.14,8.24,1.06,0.0,0.0
2017-08-01,77.86,22.14,8.24,1.06,0.0,0.0
2017-07-25,75.73,24.27,8.24,1.06,0.0,0.0
2017-07-18,75.69,24.31,8.24,1.06,0.0,0.0
2017-07-11,76.46,23.54,8.24,1.06,0.0,0.0
2017-07-04,76.46,23.54,8.24,1.06,0.0,0.0
2017-06-27,76.47,23.53,8.24,1.06,0.0,0.0
2017-06-20,76.47,23.53,8.24,1.06,0.0,0.0
2017-06-13,76.47,23.53,8.24,1.06,0.0,0.0
2017-06-06,76.47,23.53,8.24,1.06,0.0,0.0
2017-05-30,76.47,23.53,8.24,1.06,0.0,0.0
2017-05-23,76.47,23.53,8.24,1.06,0.0,0.0
2017-05-16,76.47,23.53,8.24,1.06,0.0,0.0
2017-05-09,76.47,23.53,8.24,1.06,0.0,0.0
2017-05-02,76.47,23.53,8.24,1.06,0.0,0.0
2017-04-25,76.54,23.46,8.24,1.06,0.0,0.0
2017-04-18,76.54,23.46,8.24,1.06,0.0,0.0
2017-04-11,76.54,23.46,8.24,1.06,0.0,0.0
2017-04-04,76.54,23.46,8.24,1.06,0.0,0.0
2017-03-28,76.54,23.46,8.24,1.06,0.0,0.0
2017-03-21,76.54,23.46,8.24,1.06,0.0,0.0
2017-03-14,76.54,23.46,8.24,1.06,0.0,0.0
2017-03-07,76.54,23.46,8.24,1.1,0.0,0.0
2017-02-28,74.49,25.51,8.73,4.08,0.0,0.0
2017-02-21,61.66,38.34,16.87,4.19,0.0,0.0
2017-02-14,43.94,56.06,24.19,7.41,0.73,0.0
2017-02-07,41.46,58.54,46.99,10.93,0.73,0.0
2017-01-31,38.98,61.02,50.8,20.3,1.87,0.0
2017-01-24,38.73,61.27,51.4,26.46,2.16,0.0
2017-01-17,35.56,64.44,57.51,44.35,24.3,2.13
2017-01-10,34.62,65.38,58.22,49.22,27.8,2.13
2017-01-03,18.07,81.93,67.61,54.02,38.17,18.31
2016-12-27,17.47,82.53,68.87,57.79,40.6,18.31
2016-12-20,15.09,84.91,70.11,59.09,41.55,19.75
2016-12-13,12.16,87.84,73.04,60.27,42.8,21.04
2016-12-06,12.03,87.97,73.04,60.27,42.8,21.04
2016-11-29,12.03,87.97,73.04,60.27,42.8,21.04
2016-11-22,12.03,87.97,73.04,60.27,42.8,21.04
2016-11-15,12.03,87.97,73.04,60.27,42.8,21.04
2016-11-08,12.03,87.97,73.04,60.27,42.8,21.04
2016-11-01,12.03,87.97,75.26,61.38,42.8,21.04
2016-10-25,8.96,91.04,81.12,61.81,42.8,21.04
2016-10-18,7.77,92.23,81.12,61.81,42.8,21.04
2016-10-11,0.0,100.0,83.59,62.27,42.8,21.04
2016-10-04,0.0,100.0,83.59,62.27,42.8,21.04
2016-09-27,0.0,100.0,83.59,62.27,42.8,21.04
2016-09-20,0.0,100.0,83.59,62.27,42.8,21.04
2016-09-13,0.0,100.0,83.59,62.27,42.8,21.04
2016-09-06,0.0,100.0,83.59,59.02,42.8,21.04
2016-08-30,0.0,100.0,83.59,59.02,42.8,21.04
2016-08-23,0.0,100.0,83.59,59.02,42.8,21.04
2016-08-16,0.0,100.0,83.59,59.02,42.8,21.04
2016-08-09,0.0,100.0,83.59,59.02,42.8,21.04
2016-08-02,0.0,100.0,83.59,59.02,42.8,21.04
2016-07-26,0.0,100.0,83.59,59.02,42.8,21.04
2016-07-19,0.0,100.0,83.59,59.02,42.8,21.04
2016-07-12,0.0,100.0,83.59,59.02,42.8,21.04
2016-07-05,0.0,100.0,83.59,59.02,42.8,21.04
2016-06-28,0.0,100.0,83.59,59.02,42.8,21.04
2016-06-21,0.0,100.0,83.59,59.02,42.8,21.04
2016-06-14,0.0,100.0,83.59,59.02,42.8,21.04
2016-06-07,4.27,95.73,83.91,59.02,42.99,21.04
2016-05-31,6.08,93.92,83.91,59.02,42.99,21.04
2016-05-24,5.5,94.5,86.39,61.0,42.99,21.04
2016-05-17,5.5,94.5,86.39,63.57,42.99,21.04
2016-05-10,4.27,95.73,89.68,72.72,47.92,21.04
2016-05-03,4.27,95.73,89.68,74.37,49.15,21.04
2016-04-26,4.24,95.76,90.09,74.37,49.15,21.04
2016-04-19,4.24,95.76,90.09,74.37,49.15,21.04
2016-04-12,3.55,96.45,90.58,74.37,55.25,31.68
2016-04-05,3.55,96.45,90.58,74.37,55.25,31.68
2016-03-29,3.55,96.45,90.58,72.82,55.25,34.74
2016-03-22,1.16,98.84,91.55,72.86,55.31,34.74
2016-03-15,0.43,99.57,93.28,73.64,55.31,34.74
2016-03-08,0.43,99.57,97.49,83.16,60.86,38.48
2016-03-01,0.43,99.57,95.13,82.66,60.86,38.48
2016-02-23,0.43,99.57,94.38,81.82,60.86,38.48
2016-02-16,0.29,99.71,94.69,81.82,61.4,38.48
2016-02-09,0.22,99.78,94.77,81.82,61.4,38.48
2016-02-02,0.0,100.0,95.26,86.13,63.9,39.41
2016-01-26,0.0,100.0,95.35,86.13,63.96,40.21
2016-01-19,0.0,100.0,97.17,86.13,68.15,42.66
2016-01-12,0.0,100.0,97.33,87.55,69.07,42.66
2016-01-05,0.0,100.0,97.33,87.55,69.07,44.84
2015-12-29,0.0,100.0,97.33,87.55,69.07,44.84
2015-12-22,0.0,100.0,97.33,90.63,69.09,44.84
2015-12-15,0.14,99.86,97.33,90.63,69.09,44.84
2015-12-08,0.14,99.86,97.33,92.26,69.09,44.84
2015-12-01,0.14,99.86,97.33,92.26,70.55,44.84
2015-11-24,0.14,99.86,97.33,92.26,70.55,44.84
2015-11-17,0.14,99.86,97.33,92.26,70.55,44.84
2015-11-10,0.14,99.86,97.33,92.27,70.55,44.84
2015-11-03,0.14,99.86,97.33,92.27,70.55,44.84
2015-10-27,0.14,99.86,97.33,92.27,71.08,46.0
2015-10-20,0.14,99.86,97.33,92.27,71.08,46.0
2015-10-13,0.14,99.86,97.33,92.36,71.08,46.0
2015-10-06,0.14,99.86,97.33,92.36,71.08,46.0
2015-09-29,0.14,99.86,97.33,92.36,71.08,46.0
2015-09-22,0.14,99.86,97.33,92.36,71.08,46.0
2015-09-15,0.14,99.86,97.33,92.36,71.08,46.0
2015-09-08,0.14,99.86,97.35,92.36,71.08,46.0
2015-09-01,0.14,99.86,97.35,92.36,71.08,46.0
2015-08-25,0.14,99.86,97.35,92.36,71.08,46.0
2015-08-18,0.14,99.86,97.35,92.36,71.08,46.0
2015-08-11,0.14,99.86,97.35,92.36,71.08,46.0
2015-08-04,0.14,99.86,97.35,94.59,71.08,46.0
2015-07-28,0.14,99.86,97.35,94.59,71.08,46.0
2015-07-21,0.14,99.86,97.35,94.59,71.08,46.0
2015-07-14,0.14,99.86,98.71,94.59,71.08,46.0
2015-07-07,0.14,99.86,98.71,94.59,71.08,46.73
2015-06-30,0.14,99.86,98.71,94.59,71.08,46.73
2015-06-23,0.14,99.86,98.71,94.59,71.08,46.73
2015-06-16,0.14,99.86,98.71,94.59,71.08,46.73
2015-06-09,0.14,99.86,98.71,93.91,71.08,46.73
2015-06-02,0.14,99.86,98.71,93.91,69.61,46.73
2015-05-26,0.14,99.86,98.71,93.91,66.6,46.73
2015-05-19,0.14,99.86,98.28,93.91,66.6,46.77
2015-05-12,0.14,99.86,98.28,93.91,66.6,46.77
2015-05-05,0.14,99.86,98.28,93.91,66.6,46.77
2015-04-28,0.14,99.86,98.11,93.44,66.6,46.77
2015-04-21,0.14,99.86,98.11,93.44,66.6,46.77
2015-04-14,0.14,99.86,98.11,93.44,66.6,44.32
2015-04-07,0.15,99.85,98.11,93.44,66.6,44.32
2015-03-31,0.15,99.85,98.11,93.44,66.6,41.41
2015-03-24,0.15,99.85,98.11,93.44,66.6,41.41
2015-03-17,0.16,99.84,98.11,93.44,67.46,39.92
2015-03-10,0.16,99.84,98.11,93.44,67.46,39.92
2015-03-03,0.16,99.84,98.1,93.44,67.46,39.92
2015-02-24,0.16,99.84,98.1,93.44,67.46,39.92
2015-02-17,0.16,99.84,98.1,93.44,67.46,41.2
2015-02-10,0.16,99.84,98.1,93.44,67.46,39.99
2015-02-03,0.16,99.84,98.13,93.57,77.46,39.99
2015-01-27,0.0,100.0,98.13,94.34,77.52,39.99
2015-01-20,0.0,100.0,98.13,94.34,77.52,39.15
2015-01-13,0.0,100.0,98.12,94.34,77.52,39.15
2015-01-06,0.0,100.0,98.12,94.34,77.94,32.21
2014-12-30,0.0,100.0,98.12,94.34,77.94,32.21
2014-12-23,0.0,100.0,98.41,94.42,77.94,32.21
2014-12-16,0.0,100.0,98.41,94.42,77.94,32.21
2014-12-09,0.0,100.0,99.72,94.42,79.69,55.08
2014-12-02,0.0,100.0,99.72,94.42,79.69,55.08
2014-11-25,0.0,100.0,99.72,94.42,79.69,55.08
2014-11-18,0.0,100.0,99.72,94.42,79.69,55.08
2014-11-11,0.0,100.0,99.72,94.42,79.69,55.08
2014-11-04,0.0,100.0,99.71,94.42,79.69,55.08
2014-10-28,0.0,100.0,100.0,95.04,81.92,58.41
2014-10-21,0.0,100.0,100.0,95.04,81.92,58.41
2014-10-14,0.0,100.0,100.0,95.04,81.92,58.41
2014-10-07,0.0,100.0,100.0,95.04,81.92,58.41
2014-09-30,0.0,100.0,100.0,95.04,81.92,58.41
2014-09-23,0.0,100.0,100.0,95.34,81.92,58.41
2014-09-16,0.0,100.0,100.0,95.42,81.92,58.41
2014-09-09,0.0,100.0,100.0,95.42,81.92,58.41
2014-09-02,0.0,100.0,100.0,95.42,81.92,58.41
2014-08-26,0.0,100.0,100.0,95.42,81.92,58.41
2014-08-19,0.0,100.0,100.0,97.59,81.92,58.41
2014-08-12,0.0,100.0,100.0,99.8,81.92,58.41
2014-08-05,0.0,100.0,100.0,99.8,81.92,58.41
2014-07-29,0.0,100.0,100.0,100.0,81.89,58.41
2014-07-22,0.0,100.0,100.0,100.0,81.89,36.49
2014-07-15,0.0,100.0,100.0,100.0,81.85,36.49
2014-07-08,0.0,100.0,100.0,100.0,78.97,36.46
2014-07-01,0.0,100.0,100.0,100.0,78.97,36.46
2014-06-24,0.0,100.0,100.0,100.0,76.69,32.98
2014-06-17,0.0,100.0,100.0,100.0,76.69,32.98
2014-06-10,0.0,100.0,100.0,100.0,76.68,24.77
2014-06-03,0.0,100.0,100.0,100.0,76.68,24.77
2014-05-27,0.0,100.0,100.0,100.0,76.68,24.77
2014-05-20,0.0,100.0,100.0,100.0,76.68,24.77
2014-05-13,0.0,100.0,100.0,100.0,76.68,24.77
2014-05-06,0.0,100.0,100.0,95.93,76.68,24.77
2014-04-29,0.0,100.0,100.0,96.01,76.68,24.77
2014-04-22,0.0,100.0,100.0,96.01,76.68,24.77
2014-04-15,0.0,100.0,99.8,95.21,68.76,23.49
2014-04-08,0.0,100.0,99.81,95.21,68.76,23.49
2014-04-01,0.0,100.0,99.81,95.21,68.76,23.49
2014-03-25,0.0,100.0,99.8,95.21,71.78,23.42
2014-03-18,0.01,99.99,99.8,93.08,71.78,22.37
2014-03-11,0.01,99.99,94.56,90.81,65.89,22.37
2014-03-04,0.0,100.0,94.56,90.82,65.89,22.37
2014-02-25,0.0,100.0,94.56,90.82,73.83,26.21
2014-02-18,0.0,100.0,94.54,90.82,68.3,14.62
2014-02-11,1.43,98.57,94.54,91.59,60.94,9.81
2014-02-04,1.43,98.57,94.18,89.91,67.13,9.81
2014-01-28,1.43,98.57,94.18,89.91,67.13,8.77
2014-01-21,1.43,98.57,94.18,89.91,62.71,0.0
2014-01-14,1.43,98.57,94.18,89.91,62.71,0.0
2014-01-07,1.43,98.57,94.25,87.53,27.59,0.0
2013-12-31,2.61,97.39,94.25,87.53,27.59,0.0
2013-12-24,2.61,97.39,94.25,84.88,27.59,0.0
2013-12-17,2.61,97.39,94.25,82.53,27.59,0.0
2013-12-10,2.61,97.39,94.15,82.53,27.59,0.0
2013-12-03,2.61,97.39,94.15,82.53,27.59,0.0
2013-11-26,2.61,97.39,94.15,82.53,27.59,0.0
2013-11-19,2.61,97.39,96.0,84.12,27.59,0.0
2013-11-12,2.61,97.39,96.0,84.12,11.36,0.0
2013-11-05,2.62,97.38,95.98,84.12,11.36,0.0
2013-10-29,2.66,97.34,95.98,84.12,11.36,0.0
2013-10-22,2.66,97.34,95.98,84.12,11.36,0.0
2013-10-15,2.65,97.35,95.95,84.12,11.36,0.0
2013-10-08,2.52,97.48,95.95,84.12,11.36,0.0
2013-10-01,2.63,97.37,95.95,84.12,11.36,0.0
2013-09-24,2.63,97.37,96.04,89.84,11.36,0.0
2013-09-17,2.63,97.37,96.04,89.84,11.36,0.0
2013-09-10,0.0,100.0,97.08,92.94,11.36,0.0
2013-09-03,0.0,100.0,97.08,92.94,11.36,0.0
2013-08-27,0.0,100.0,98.23,93.86,11.36,0.0
2013-08-20,0.0,100.0,98.23,93.86,11.36,0.0
2013-08-13,0.0,100.0,98.23,93.86,11.36,0.0
2013-08-06,0.0,100.0,98.23,93.86,0.0,0.0
2013-07-30,0.0,100.0,98.23,93.86,0.0,0.0
2013-07-23,0.0,100.0,98.23,93.96,0.0,0.0
2013-07-16,0.0,100.0,98.23,93.96,0.0,0.0
2013-07-09,0.0,100.0,98.23,92.7,0.0,0.0
2013-07-02,0.0,100.0,98.23,92.7,0.0,0.0
2013-06-25,0.0,100.0,98.21,92.61,0.0,0.0
2013-06-18,0.0,100.0,98.21,67.07,0.0,0.0
2013-06-11,0.0,100.0,98.16,53.54,0.0,0.0
2013-06-04,0.0,100.0,98.16,53.64,0.0,0.0
2013-05-28,0.0,100.0,98.16,46.25,0.0,0.0
2013-05-21,0.0,100.0,98.16,46.25,0.0,0.0
2013-05-14,0.0,100.0,98.16,46.25,0.0,0.0
2013-05-07,0.0,100.0,98.16,46.25,0.0,0.0
2013-04-30,0.0,100.0,64.3,32.82,0.0,0.0
2013-04-23,2.84,97.16,63.42,30.0,0.0,0.0
2013-04-16,2.84,97.16,48.39,23.22,0.0,0.0
2013-04-09,2.84,97.16,48.39,23.22,0.0,0.0
2013-04-02,0.0,100.0,48.38,24.22,0.0,0.0
2013-03-26,0.0,100.0,48.38,24.22,0.0,0.0
2013-03-19,12.85,87.15,48.38,24.19,0.0,0.0
2013-03-12,15.63,84.37,46.23,24.19,0.0,0.0
2013-03-05,0.03,99.97,47.37,26.96,0.0,0.0
2013-02-26,0.02,99.98,47.13,26.96,0.0,0.0
2013-02-19,15.45,84.55,47.18,23.72,0.0,0.0
2013-02-12,34.53,65.47,47.18,23.72,0.0,0.0
2013-02-05,34.2,65.8,47.18,21.57,0.0,0.0
2013-01-29,34.2,65.8,47.18,21.57,0.0,0.0
2013-01-22,34.2,65.8,53.58,21.57,0.0,0.0
2013-01-15,34.2,65.8,53.58,21.57,0.0,0.0
2013-01-08,32.42,67.58,55.02,21.37,0.0,0.0
2013-01-01,31.75,68.25,55.32,22.5,0.0,0.0
2012-12-25,30.94,69.06,56.19,25.22,0.05,0.0
2012-12-18,30.94,69.06,56.19,26.15,0.05,0.0
2012-12-11,30.94,69.06,57.94,26.59,0.05,0.0
2012-12-04,23.15,76.85,59.36,26.59,0.05,0.0
2012-11-27,6.77,93.23,70.47,28.16,1.14,0.0
2012-11-20,4.82,95.18,67.67,21.61,1.14,0.0
2012-11-13,7.19,92.81,66.37,19.1,1.14,0.0
2012-11-06,7.19,92.81,67.75,19.1,1.14,0.0
2012-10-30,6.73,93.27,68.48,19.1,1.14,0.0
2012-10-23,6.75,93.25,68.48,19.1,1.14,0.0
2012-10-16,6.64,93.36,68.48,19.1,1.14,0.0
2012-10-09,6.64,93.36,69.57,21.98,1.14,0.0
2012-10-02,11.94,88.06,69.41,21.98,1.14,0.0
2012-09-25,11.95,88.05,69.41,22.27,1.14,0.0
2012-09-18,11.95,88.05,69.09,22.27,1.14,0.0
2012-09-11,11.74,88.26,69.13,22.31,1.14,0.0
2012-09-04,11.74,88.26,69.28,22.76,1.14,0.0
2012-08-28,11.74,88.26,69.44,23.05,1.14,0.0
2012-08-21,11.3,88.7,69.2,23.3,0.29,0.0
2012-08-14,11.3,88.7,63.84,23.31,0.29,0.0
2012-08-07,11.64,88.36,63.8,23.31,0.29,0.0
2012-07-31,11.64,88.36,63.8,23.6,0.29,0.0
2012-07-24,11.64,88.36,63.8,26.85,0.29,0.0
2012-07-17,15.88,84.12,59.74,22.92,0.0,0.0
2012-07-10,15.88,84.12,59.74,22.92,0.0,0.0
2012-07-03,15.88,84.12,59.77,22.92,0.0,0.0
2012-06-26,15.89,84.11,59.51,22.76,0.0,0.0
2012-06-19,15.89,84.11,59.51,22.6,0.0,0.0
2012-06-12,15.89,84.11,58.89,22.6,0.0,0.0
2012-06-05,15.89,84.11,58.89,22.6,0.0,0.0
2012-05-29,15.89,84.11,58.89,22.6,0.0,0.0
2012-05-22,15.89,84.11,58.89,22.6,0.0,0.0
2012-05-15,15.89,84.11,58.89,22.6,0.0,0.0
2012-05-08,15.89,84.11,58.89,21.14,0.0,0.0
2012-05-01,15.84,84.16,58.97,21.14,0.0,0.0
2012-04-24,15.84,84.16,60.23,22.87,0.0,0.0
2012-04-17,15.84,84.16,60.23,26.35,0.0,0.0
2012-04-10,4.89,95.11,81.47,49.0,0.0,0.0
2012-04-03,3.54,96.46,82.01,46.25,0.0,0.0
2012-03-27,2.22,97.78,89.61,46.25,0.0,0.0
2012-03-20,2.22,97.78,89.61,40.14,0.0,0.0
2012-03-13,0.11,99.89,90.14,45.73,0.0,0.0
2012-03-06,4.39,95.61,75.24,16.02,0.0,0.0
2012-02-28,4.39,95.61,72.09,16.02,0.0,0.0
2012-02-21,4.77,95.23,67.76,5.06,0.0,0.0
2012-02-14,10.37,89.63,59.06,0.0,0.0,0.0
2012-02-07,10.37,89.63,59.06,0.0,0.0,0.0
2012-01-31,11.09,88.91,57.33,0.0,0.0,0.0
2012-01-24,19.12,80.88,41.23,0.0,0.0,0.0
2012-01-17,18.74,81.26,46.34,3.1,0.0,0.0
2012-01-10,19.1,80.9,46.34,3.1,0.0,0.0
2012-01-03,29.91,70.09,46.34,0.0,0.0,0.0
2011-12-27,33.91,66.09,5.41,0.0,0.0,0.0
2011-12-20,71.58,28.42,0.0,0.0,0.0,0.0
2011-12-13,74.32,25.68,0.0,0.0,0.0,0.0
2011-12-06,82.53,17.47,0.0,0.0,0.0,0.0
2011-11-29,88.32,11.68,0.0,0.0,0.0,0.0
2011-11-22,88.42,11.58,0.0,0.0,0.0,0.0
2011-11-15,88.42,11.58,0.0,0.0,0.0,0.0
2011-11-08,88.51,11.49,0.0,0.0,0.0,0.0
2011-11-01,89.22,10.78,0.0,0.0,0.0,0.0
2011-10-25,89.25,10.75,0.0,0.0,0.0,0.0
2011-10-18,89.25,10.75,0.0,0.0,0.0,0.0
2011-10-11,89.25,10.75,0.0,0.0,0.0,0.0
2011-10-04,89.25,10.75,0.0,0.0,0.0,0.0
2011-09-27,89.14,10.86,0.0,0.0,0.0,0.0
2011-09-20,89.14,10.86,0.0,0.0,0.0,0.0
2011-09-13,87.36,12.64,0.0,0.0,0.0,0.0
2011-09-06,87.55,12.45,0.0,0.0,0.0,0.0
2011-08-30,92.14,7.86,0.0,0.0,0.0,0.0
2011-08-23,92.12,7.88,0.0,0.0,0.0,0.0
2011-08-16,92.12,7.88,0.0,0.0,0.0,0.0
2011-08-09,85.34,14.66,0.0,0.0,0.0,0.0
2011-08-02,85.34,14.66,0.0,0.0,0.0,0.0
2011-07-26,85.34,14.66,0.0,0.0,0.0,0.0
2011-07-19,85.34,14.66,0.0,0.0,0.0,0.0
2011-07-12,87.87,12.13,0.0,0.0,0.0,0.0
2011-07-05,87.71,12.29,0.0,0.0,0.0,0.0
2011-06-28,87.71,12.29,0.0,0.0,0.0,0.0
2011-06-21,99.99,0.01,0.0,0.0,0.0,0.0
2011-06-14,99.99,0.01,0.0,0.0,0.0,0.0
2011-06-07,99.99,0.01,0.0,0.0,0.0,0.0
2011-05-31,99.99,0.01,0.0,0.0,0.0,0.0
2011-05-24,99.99,0.01,0.0,0.0,0.0,0.0
2011-05-17,99.99,0.01,0.0,0.0,0.0,0.0
2011-05-10,99.99,0.01,0.0,0.0,0.0,0.0
2011-05-03,99.99,0.01,0.0,0.0,0.0,0.0
2011-04-26,99.99,0.01,0.0,0.0,0.0,0.0
2011-04-19,99.99,0.01,0.0,0.0,0.0,0.0
2011-04-12,99.99,0.01,0.0,0.0,0.0,0.0
2011-04-05,99.99,0.01,0.0,0.0,0.0,0.0
2011-03-29,99.94,0.06,0.0,0.0,0.0,0.0
2011-03-22,96.87,3.13,0.0,0.0,0.0,0.0
2011-03-15,94.2,5.8,0.0,0.0,0.0,0.0
2011-03-08,94.2,5.8,0.0,0.0,0.0,0.0
2011-03-01,99.94,0.06,0.0,0.0,0.0,0.0
2011-02-22,99.94,0.06,0.0,0.0,0.0,0.0
2011-02-15,77.34,22.66,0.0,0.0,0.0,0.0
2011-02-08,77.34,22.66,0.0,0.0,0.0,0.0
2011-02-01,99.94,0.06,0.0,0.0,0.0,0.0
2011-01-25,99.94,0.06,0.0,0.0,0.0,0.0
2011-01-18,99.94,0.06,0.0,0.0,0.0,0.0
2011-01-11,99.93,0.07,0.0,0.0,0.0,0.0
2011-01-04,98.62,1.38,0.0,0.0,0.0,0.0
2010-12-28,98.62,1.38,0.0,0.0,0.0,0.0
2010-12-21,94.86,5.14,0.0,0.0,0.0,0.0
2010-12-14,79.56,20.44,1.25,0.0,0.0,0.0
2010-12-07,78.93,21.07,2.14,0.0,0.0,0.0
2010-11-30,81.67,18.33,2.41,0.0,0.0,0.0
2010-11-23,90.14,9.86,2.41,0.0,0.0,0.0
2010-11-16,90.14,9.86,4.62,0.19,0.0,0.0
2010-11-09,90.14,9.86,4.62,0.19,0.0,0.0
2010-11-02,90.14,9.86,4.62,0.19,0.0,0.0
2010-10-26,90.14,9.86,4.62,0.19,0.0,0.0
2010-10-19,88.08,11.92,6.07,0.24,0.0,0.0
2010-10-12,88.08,11.92,6.07,0.24,0.0,0.0
2010-10-05,85.44,14.56,8.08,0.24,0.0,0.0
2010-09-28,85.44,14.56,8.08,0.24,0.0,0.0
2010-09-21,85.44,14.56,8.08,0.24,0.0,0.0
2010-09-14,85.44,14.56,8.08,0.24,0.0,0.0
2010-09-07,85.44,14.56,8.08,0.24,0.0,0.0
2010-08-31,85.44,14.56,8.08,0.24,0.0,0.0
2010-08-24,85.44,14.56,8.08,0.24,0.0,0.0
2010-08-17,85.44,14.56,8.08,0.24,0.0,0.0
2010-08-10,85.44,14.56,8.08,0.24,0.0,0.0
2010-08-03,85.44,14.56,8.08,0.24,0.0,0.0
2010-07-27,87.46,12.54,8.08,0.24,0.0,0.0
2010-07-20,87.79,12.21,8.08,0.24,0.0,0.0
2010-07-13,87.97,12.03,8.08,0.24,0.0,0.0
2010-07-06,87.97,12.03,8.08,0.24,0.0,0.0
2010-06-29,87.97,12.03,8.08,0.24,0.0,0.0
2010-06-22,87.97,12.03,8.08,0.24,0.0,0.0
2010-06-15,87.97,12.03,8.08,0.24,0.0,0.0
2010-06-08,87.97,12.03,8.08,5.97,0.0,0.0
2010-06-01,87.02,12.98,8.08,5.97,0.0,0.0
2010-05-25,87.02,12.98,8.08,5.97,0.0,0.0
2010-05-18,81.3,18.7,8.58,6.96,0.0,0.0
2010-05-11,72.69,27.31,9.13,7.09,0.0,0.0
2010-05-04,72.82,27.18,9.89,7.1,0.0,0.0
2010-04-27,72.82,27.18,9.89,7.1,0.0,0.0
2010-04-20,67.61,32.39,9.89,7.1,0.0,0.0
2010-04-13,67.76,32.24,9.89,7.1,0.0,0.0
2010-04-06,63.21,36.79,9.89,7.1,0.0,0.0
2010-03-30,63.24,36.76,9.91,7.1,0.0,0.0
2010-03-23,64.29,35.71,9.91,7.1,0.0,0.0
2010-03-16,66.08,33.92,10.14,6.75,0.0,0.0
2010-03-09,66.67,33.33,10.91,5.88,0.0,0.0
2010-03-02,64.59,35.41,10.72,4.28,0.0,0.0
2010-02-23,64.59,35.41,10.72,4.28,0.0,0.0
2010-02-16,64.05,35.95,10.98,4.28,0.0,0.0
2010-02-09,44.32,55.68,10.98,2.19,0.0,0.0
2010-02-02,43.19,56.81,18.75,2.19,0.0,0.0
2010-01-26,42.61,57.39,19.41,2.19,0.0,0.0
2010-01-19,7.94,92.06,63.2,13.98,0.0,0.0
2010-01-12,6.56,93.44,72.94,21.22,0.0,0.0
2010-01-05,6.56,93.44,72.75,9.04,0.0,0.0
2009-12-29,6.56,93.44,72.16,9.24,0.0,0.0
2009-12-22,6.56,93.44,72.16,9.24,0.0,0.0
2009-12-15,6.56,93.44,72.16,9.24,0.0,0.0
2009-12-08,7.72,92.28,74.05,17.26,0.0,0.0
2009-12-01,7.72,92.28,74.05,17.26,0.0,0.0
2009-11-24,8.4,91.6,73.62,17.26,0.0,0.0
2009-11-17,7.59,92.41,77.32,17.7,0.0,0.0
2009-11-10,7.59,92.41,77.32,17.7,0.0,0.0
2009-11-03,7.59,92.41,77.35,17.7,0.0,0.0
2009-10-27,9.09,90.91,62.51,17.7,0.0,0.0
2009-10-20,10.59,89.41,61.23,17.7,0.0,0.0
2009-10-13,0.0,100.0,73.44,45.82,0.0,0.0
2009-10-06,0.0,100.0,73.44,45.82,0.0,0.0
2009-09-29,0.0,100.0,73.44,45.82,0.0,0.0
2009-09-22,0.0,100.0,73.44,45.82,0.0,0.0
2009-09-15,0.0,100.0,73.44,45.82,0.0,0.0
2009-09-08,0.0,100.0,73.44,45.82,0.0,0.0
2009-09-01,0.0,100.0,73.44,45.82,0.0,0.0
2009-08-25,0.02,99.98,72.86,42.8,0.0,0.0
2009-08-18,0.02,99.98,72.86,42.8,0.0,0.0
2009-08-11,0.8,99.2,72.86,42.8,0.0,0.0
2009-08-04,0.78,99.22,72.86,44.26,0.0,0.0
2009-07-28,2.47,97.53,72.86,44.26,0.0,0.0
2009-07-21,2.47,97.53,72.86,44.26,0.0,0.0
2009-07-14,2.47,97.53,72.86,44.26,0.0,0.0
2009-07-07,2.47,97.53,72.86,44.26,0.0,0.0
2009-06-30,2.86,97.14,72.01,44.26,0.0,0.0
2009-06-23,2.86,97.14,72.01,44.26,0.0,0.0
2009-06-16,2.81,97.19,72.01,44.26,0.0,0.0
2009-06-09,2.72,97.28,72.0,44.26,0.0,0.0
2009-06-02,2.72,97.28,72.32,44.25,0.0,0.0
2009-05-26,3.62,96.38,72.11,35.29,0.0,0.0
2009-05-19,3.62,96.38,72.11,35.29,0.0,0.0
2009-05-12,3.65,96.35,72.11,35.29,0.0,0.0
2009-05-05,3.65,96.35,72.11,35.29,0.0,0.0
2009-04-28,3.65,96.35,73.0,38.81,0.0,0.0
2009-04-21,3.65,96.35,73.0,38.81,0.0,0.0
2009-04-14,5.15,94.85,62.69,35.49,0.0,0.0
2009-04-07,5.15,94.85,62.69,35.49,0.0,0.0
2009-03-31,5.15,94.85,63.83,22.53,0.0,0.0
2009-03-24,5.15,94.85,63.83,22.53,0.0,0.0
2009-03-17,5.15,94.85,63.83,22.5,0.0,0.0
2009-03-10,5.15,94.85,62.32,22.5,0.0,0.0
2009-03-03,5.15,94.85,70.73,41.84,4.37,0.0
2009-02-24,5.15,94.85,70.73,49.69,14.78,0.0
2009-02-17,5.15,94.85,70.73,50.06,16.7,0.0
2009-02-10,0.9,99.1,78.76,54.7,19.0,0.0
2009-02-03,0.77,99.23,89.43,54.7,19.01,0.0
2009-01-27,1.23,98.77,88.21,48.9,15.94,0.0
2009-01-20,1.71,98.29,88.21,48.9,12.97,0.0
2009-01-13,1.71,98.29,88.21,44.08,2.77,0.0
2009-01-06,1.71,98.29,88.21,41.26,2.77,0.0
2008-12-30,1.69,98.31,88.21,43.02,2.77,0.0
2008-12-23,0.07,99.93,88.79,43.02,2.77,0.0
2008-12-16,0.0,100.0,93.97,50.72,5.83,0.0
2008-12-09,0.0,100.0,87.41,49.19,3.21,0.0
2008-12-02,0.0,100.0,86.02,41.34,0.0,0.0
2008-11-25,4.71,95.29,86.02,41.34,0.0,0.0
2008-11-18,4.71,95.29,86.02,41.34,0.0,0.0
2008-11-11,4.71,95.29,86.02,41.34,0.0,0.0
2008-11-04,0.0,100.0,90.51,40.37,0.0,0.0
2008-10-28,0.0,100.0,93.55,55.56,0.0,0.0
2008-10-21,0.0,100.0,93.48,55.62,0.0,0.0
2008-10-14,0.05,99.95,95.81,55.11,0.0,0.0
2008-10-07,0.04,99.96,95.9,55.0,0.0,0.0
2008-09-30,0.04,99.96,95.9,55.23,2.05,0.0
2008-09-23,0.04,99.96,95.9,55.23,2.05,0.0
2008-09-16,0.04,99.96,95.9,48.77,0.0,0.0
2008-09-09,0.04,99.96,95.9,48.77,0.0,0.0
2008-09-02,0.04,99.96,98.43,44.47,0.0,0.0
2008-08-26,0.04,99.96,97.69,43.08,0.0,0.0
2008-08-19,0.04,99.96,96.88,41.38,0.0,0.0
2008-08-12,0.04,99.96,88.88,38.7,0.0,0.0
2008-08-05,0.06,99.94,88.88,38.7,0.0,0.0
2008-07-29,0.06,99.94,88.88,38.7,0.0,0.0
2008-07-22,0.12,99.88,88.88,16.57,0.0,0.0
2008-07-15,0.06,99.94,89.2,18.07,0.0,0.0
2008-07-08,0.14,99.86,89.2,18.07,0.0,0.0
2008-07-01,0.14,99.86,89.2,18.07,0.0,0.0
2008-06-24,0.14,99.86,89.2,18.07,0.0,0.0
2008-06-17,0.17,99.83,89.2,18.07,0.0,0.0
2008-06-10,4.69,95.31,63.74,9.26,0.0,0.0
2008-06-03,4.78,95.22,63.74,9.26,0.0,0.0
2008-05-27,8.9,91.1,47.51,9.26,0.0,0.0
2008-05-20,7.75,92.25,48.43,9.26,0.0,0.0
2008-05-13,7.75,92.25,48.43,9.26,0.0,0.0
2008-05-06,7.73,92.27,48.43,9.26,0.0,0.0
2008-04-29,7.29,92.71,45.66,9.26,0.0,0.0
2008-04-22,24.58,75.42,39.61,5.45,0.0,0.0
2008-04-15,24.58,75.42,39.61,5.45,0.0,0.0
2008-04-08,36.77,63.23,39.61,5.45,0.0,0.0
2008-04-01,44.52,55.48,31.58,3.83,0.0,0.0
2008-03-25,44.52,55.48,30.08,3.88,0.0,0.0
2008-03-18,44.52,55.48,34.28,13.33,0.0,0.0
2008-03-11,44.52,55.48,34.28,13.33,0.0,0.0
2008-03-04,44.52,55.48,34.28,13.33,0.0,0.0
2008-02-26,44.52,55.48,34.28,13.33,0.0,0.0
2008-02-19,18.27,81.73,37.46,14.06,0.0,0.0
2008-02-12,18.27,81.73,37.37,14.06,0.0,0.0
2008-02-05,18.23,81.77,36.63,14.06,0.0,0.0
2008-01-29,18.23,81.77,41.6,14.83,0.0,0.0
2008-01-22,11.36,88.64,79.85,32.8,0.0,0.0
2008-01-15,11.36,88.64,79.77,32.8,0.0,0.0
2008-01-08,11.36,88.64,79.77,31.56,0.0,0.0
2008-01-01,8.87,91.13,84.7,58.04,14.55,0.0
2007-12-25,8.87,91.13,84.7,58.04,14.54,0.0
2007-12-18,8.87,91.13,84.7,58.04,14.54,0.0
2007-12-11,8.87,91.13,84.83,58.04,14.55,0.0
2007-12-04,8.87,91.13,84.83,58.04,14.53,0.0
2007-11-27,8.87,91.13,84.83,58.02,33.68,0.0
2007-11-20,8.87,91.13,84.83,58.02,33.68,0.0
2007-11-13,8.87,91.13,84.83,58.02,33.67,0.0
2007-11-06,8.87,91.13,84.83,58.3,33.69,0.0
2007-10-30,8.87,91.13,84.83,58.3,33.68,0.0
2007-10-23,5.61,94.39,86.09,64.62,33.74,0.0
2007-10-16,1.17,98.83,92.56,64.62,33.76,0.0
2007-10-09,0.1,99.9,92.56,64.62,33.75,0.0
2007-10-02,0.0,100.0,92.56,64.62,33.76,0.0
2007-09-25,0.0,100.0,92.56,64.62,33.76,0.0
2007-09-18,0.0,100.0,92.56,65.34,35.23,0.0
2007-09-11,0.0,100.0,92.56,65.34,35.22,0.0
2007-09-04,0.0,100.0,92.56,65.34,35.22,0.0
2007-08-28,0.0,100.0,92.56,65.34,35.21,0.0
2007-08-21,0.0,100.0,92.32,65.34,35.23,0.0
2007-08-14,0.0,100.0,92.32,65.34,35.23,0.0
2007-08-07,0.0,100.0,92.32,65.34,35.15,0.0
2007-07-31,0.0,100.0,92.32,65.34,35.15,0.0
2007-07-24,0.0,100.0,92.32,65.34,35.15,0.0
2007-07-17,0.0,100.0,92.32,65.34,35.15,0.0
2007-07-10,0.0,100.0,92.32,65.34,35.15,0.0
2007-07-03,0.0,100.0,92.32,65.34,35.14,0.0
2007-06-26,0.0,100.0,92.32,65.34,34.31,0.0
2007-06-19,0.0,100.0,92.32,65.34,34.31,0.0
2007-06-12,3.31,96.69,92.32,65.34,34.4,0.0
2007-06-05,3.31,96.69,92.32,65.34,34.4,0.0
2007-05-29,3.31,96.69,92.32,65.34,34.4,0.0
2007-05-22,3.31,96.69,92.06,65.34,34.39,0.0
2007-05-15,3.31,96.69,89.76,60.45,28.65,0.0
2007-05-08,7.51,92.49,82.35,51.64,28.65,0.0
2007-05-01,7.51,92.49,82.35,51.64,28.65,0.0
2007-04-24,7.75,92.25,82.43,51.64,28.65,0.0
2007-04-17,3.77,96.23,87.3,56.13,28.65,0.0
2007-04-10,5.3,94.7,82.27,38.57,21.32,0.0
2007-04-03,8.52,91.48,63.02,33.01,21.32,0.0
2007-03-27,19.95,80.05,60.74,33.69,21.32,0.0
2007-03-20,25.44,74.56,59.6,32.59,21.23,0.0
2007-03-13,25.41,74.59,59.37,32.59,21.23,0.0
2007-03-06,25.41,74.59,54.02,28.8,0.0,0.0
2007-02-27,25.41,74.59,54.02,28.8,0.0,0.0
2007-02-20,15.18,84.82,59.19,29.64,0.0,0.0
2007-02-13,24.95,75.05,54.44,29.73,0.0,0.0
2007-02-06,9.64,90.36,61.27,24.23,0.0,0.0
2007-01-30,9.82,90.18,61.27,22.87,0.0,0.0
2007-01-23,10.72,89.28,46.97,17.72,0.0,0.0
2007-01-16,34.97,65.03,27.15,2.62,0.0,0.0
2007-01-09,34.97,65.03,27.15,2.62,0.0,0.0
2007-01-02,40.73,59.27,26.77,0.0,0.0,0.0
2006-12-26,40.35,59.65,11.64,0.0,0.0,0.0
2006-12-19,40.35,59.65,11.64,0.0,0.0,0.0
2006-12-12,49.79,50.21,0.79,0.0,0.0,0.0
2006-12-05,44.03,55.97,0.79,0.0,0.0,0.0
2006-11-28,77.72,22.28,0.82,0.0,0.0,0.0
2006-11-21,77.64,22.36,0.82,0.0,0.0,0.0
2006-11-14,84.57,15.43,0.82,0.0,0.0,0.0
2006-11-07,84.57,15.43,0.82,0.0,0.0,0.0
2006-10-31,84.57,15.43,0.82,0.0,0.0,0.0
2006-10-24,84.57,15.43,0.82,0.0,0.0,0.0
2006-10-17,84.57,15.43,0.82,0.0,0.0,0.0
2006-10-10,85.15,14.85,0.82,0.0,0.0,0.0
2006-10-03,85.15,14.85,0.82,0.0,0.0,0.0
2006-09-26,84.97,15.03,0.82,0.0,0.0,0.0
2006-09-19,84.97,15.03,0.82,0.0,0.0,0.0
2006-09-12,84.97,15.03,2.62,0.13,0.0,0.0
2006-09-05,84.79,15.21,2.62,0.13,0.0,0.0
2006-08-29,93.23,6.77,0.05,0.0,0.0,0.0
2006-08-22,93.03,6.97,0.06,0.0,0.0,0.0
2006-08-15,92.27,7.73,0.16,0.0,0.0,0.0
2006-08-08,92.27,7.73,0.12,0.0,0.0,0.0
2006-08-01,92.27,7.73,0.12,0.0,0.0,0.0
2006-07-25,92.27,7.73,0.12,0.0,0.0,0.0
2006-07-18,92.27,7.73,0.12,0.0,0.0,0.0
2006-07-11,92.0,8.0,0.12,0.0,0.0,0.0
2006-07-04,91.7,8.3,0.07,0.0,0.0,0.0
2006-06-27,91.76,8.24,0.07,0.0,0.0,0.0
2006-06-20,92.46,7.54,0.07,0.0,0.0,0.0
2006-06-13,92.46,7.54,0.07,0.0,0.0,0.0
2006-06-06,92.46,7.54,0.07,0.0,0.0,0.0
2006-05-30,92.46,7.54,0.07,0.0,0.0,0.0
2006-05-23,92.36,7.64,0.07,0.0,0.0,0.0
2006-05-16,92.36,7.64,0.07,0.0,0.0,0.0
2006-05-09,92.36,7.64,0.0,0.0,0.0,0.0
2006-05-02,92.36,7.64,0.01,0.0,0.0,0.0
2006-04-25,92.92,7.08,0.16,0.0,0.0,0.0
2006-04-18,92.92,7.08,0.16,0.0,0.0,0.0
2006-04-11,92.92,7.08,0.16,0.0,0.0,0.0
2006-04-04,92.47,7.53,0.16,0.0,0.0,0.0
2006-03-28,91.62,8.38,0.55,0.0,0.0,0.0
2006-03-21,83.59,16.41,0.55,0.0,0.0,0.0
2006-03-14,83.59,16.41,0.52,0.0,0.0,0.0
2006-03-07,78.18,21.82,0.52,0.0,0.0,0.0
2006-02-28,75.86,24.14,0.48,0.0,0.0,0.0
2006-02-21,84.21,15.79,0.0,0.0,0.0,0.0
2006-02-14,86.59,13.41,0.0,0.0,0.0,0.0
2006-02-07,86.68,13.32,0.0,0.0,0.0,0.0
2006-01-31,97.08,2.92,0.0,0.0,0.0,0.0
2006-01-24,97.08,2.92,0.0,0.0,0.0,0.0
2006-01-17,97.08,2.92,0.0,0.0,0.0,0.0
2006-01-10,96.6,3.4,0.0,0.0,0.0,0.0
2006-01-03,98.32,1.68,0.0,0.0,0.0,0.0
2005-12-27,93.91,6.09,0.0,0.0,0.0,0.0
2005-12-20,93.69,6.31,0.0,0.0,0.0,0.0
2005-12-13,90.03,9.97,0.0,0.0,0.0,0.0
2005-12-06,90.03,9.97,0.0,0.0,0.0,0.0
2005-11-29,75.23,24.77,0.0,0.0,0.0,0.0
2005-11-22,99.66,0.34,0.0,0.0,0.0,0.0
2005-11-15,99.66,0.34,0.0,0.0,0.0,0.0
2005-11-08,99.66,0.34,0.0,0.0,0.0,0.0
2005-11-01,99.58,0.42,0.0,0.0,0.0,0.0
2005-10-25,99.58,0.42,0.0,0.0,0.0,0.0
2005-10-18,99.58,0.42,0.0,0.0,0.0,0.0
2005-10-11,99.58,0.42,0.0,0.0,0.0,0.0
2005-10-04,99.58,0.42,0.0,0.0,0.0,0.0
2005-09-27,99.58,0.42,0.0,0.0,0.0,0.0
2005-09-20,99.41,0.59,0.05,0.0,0.0,0.0
2005-09-13,99.2,0.8,0.06,0.0,0.0,0.0
2005-09-06,99.2,0.8,0.06,0.0,0.0,0.0
2005-08-30,98.84,1.16,0.06,0.0,0.0,0.0
2005-08-23,98.85,1.15,0.06,0.0,0.0,0.0
2005-08-16,99.04,0.96,0.06,0.0,0.0,0.0
2005-08-09,99.03,0.97,0.06,0.0,0.0,0.0
2005-08-02,98.96,1.04,0.06,0.0,0.0,0.0
2005-07-26,99.01,0.99,0.06,0.0,0.0,0.0
2005-07-19,99.01,0.99,0.06,0.0,0.0,0.0
2005-07-12,99.01,0.99,0.06,0.0,0.0,0.0
2005-07-05,99.01,0.99,0.06,0.0,0.0,0.0
2005-06-28,99.01,0.99,0.06,0.0,0.0,0.0
2005-06-21,98.71,1.29,0.06,0.0,0.0,0.0
2005-06-14,98.48,1.52,0.06,0.0,0.0,0.0
2005-06-07,98.48,1.52,0.06,0.0,0.0,0.0
2005-05-31,98.48,1.52,0.06,0.0,0.0,0.0
2005-05-24,98.48,1.52,0.06,0.0,0.0,0.0
2005-05-17,98.48,1.52,0.06,0.0,0.0,0.0
2005-05-10,97.0,3.0,1.09,0.0,0.0,0.0
2005-05-03,95.53,4.47,2.09,0.0,0.0,0.0
2005-04-26,96.16,3.84,2.09,0.0,0.0,0.0
2005-04-19,96.16,3.84,2.09,0.0,0.0,0.0
2005-04-12,95.46,4.54,2.64,0.04,0.0,0.0
2005-04-05,94.54,5.46,2.63,0.04,0.0,0.0
2005-03-29,95.35,4.65,2.87,0.21,0.0,0.0
2005-03-22,87.97,12.03,3.0,0.21,0.0,0.0
2005-03-15,87.97,12.03,3.0,0.21,0.0,0.0
2005-03-08,90.12,9.88,1.3,0.0,0.0,0.0
2005-03-01,90.4,9.6,1.22,0.0,0.0,0.0
2005-02-22,88.57,11.43,1.22,0.0,0.0,0.0
2005-02-15,88.57,11.43,1.22,0.0,0.0,0.0
2005-02-08,89.8,10.2,4.1,0.0,0.0,0.0
2005-02-01,88.93,11.07,4.1,0.0,0.0,0.0
2005-01-25,88.24,11.76,4.1,0.21,0.0,0.0
2005-01-18,88.37,11.63,4.1,0.21,0.0,0.0
2005-01-11,83.4,16.6,4.1,0.21,0.0,0.0
2005-01-04,69.05,30.95,7.85,1.77,0.0,0.0
2004-12-28,40.45,59.55,28.85,3.98,0.0,0.0
2004-12-21,32.23,67.77,29.37,3.98,0.0,0.0
2004-12-14,32.23,67.77,29.37,3.98,0.0,0.0
2004-12-07,26.62,73.38,29.37,4.84,0.0,0.0
2004-11-30,26.46,73.54,30.21,8.64,0.0,0.0
2004-11-23,24.23,75.77,31.28,8.3,0.0,0.0
2004-11-16,24.23,75.77,31.28,8.3,0.0,0.0
2004-11-09,20.84,79.16,31.28,8.3,0.0,0.0
2004-11-02,18.41,81.59,31.28,10.42,0.0,0.0
2004-10-26,18.23,81.77,40.55,10.42,0.0,0.0
2004-10-19,12.21,87.79,55.82,18.25,0.0,0.0
2004-10-12,5.41,94.59,61.09,21.1,0.0,0.0
2004-10-05,5.41,94.59,61.09,21.1,0.0,0.0
2004-09-28,5.41,94.59,61.09,21.1,0.0,0.0
2004-09-21,5.26,94.74,61.09,21.1,0.0,0.0
2004-09-14,5.35,94.65,61.09,21.1,0.0,0.0
2004-09-07,5.2,94.8,61.29,22.45,0.0,0.0
2004-08-31,5.1,94.9,61.29,22.45,0.0,0.0
2004-08-24,10.63,89.37,60.59,21.79,0.0,0.0
2004-08-17,10.62,89.38,60.59,21.79,0.0,0.0
2004-08-10,10.62,89.38,60.59,25.3,0.0,0.0
2004-08-03,15.64,84.36,52.05,14.97,0.0,0.0
2004-07-27,14.81,85.19,52.05,14.97,0.0,0.0
2004-07-20,14.81,85.19,52.02,9.89,0.0,0.0
2004-07-13,14.81,85.19,52.05,8.32,0.0,0.0
2004-07-06,14.81,85.19,52.05,8.32,0.0,0.0
2004-06-29,14.64,85.36,50.9,7.57,0.0,0.0
2004-06-22,17.95,82.05,50.66,7.57,0.0,0.0
2004-06-15,17.67,82.33,50.41,7.67,0.0,0.0
2004-06-08,17.67,82.33,50.41,7.67,0.0,0.0
2004-06-01,18.39,81.61,50.36,6.66,0.0,0.0
2004-05-25,16.9,83.1,48.33,6.96,0.0,0.0
2004-05-18,17.07,82.93,46.06,6.96,0.0,0.0
2004-05-11,17.07,82.93,46.06,6.96,0.0,0.0
2004-05-04,16.81,83.19,46.06,6.96,0.0,0.0
2004-04-27,29.2,70.8,22.67,6.96,0.0,0.0
2004-04-20,31.64,68.36,19.01,5.78,0.0,0.0
2004-04-13,31.64,68.36,19.01,5.78,0.0,0.0
2004-04-06,62.08,37.92,16.45,5.43,0.0,0.0
2004-03-30,61.85,38.15,17.16,7.94,0.0,0.0
2004-03-23,74.0,26.0,17.16,7.94,0.0,0.0
2004-03-16,74.0,26.0,17.16,7.94,0.0,0.0
2004-03-09,74.0,26.0,17.16,7.94,0.0,0.0
2004-03-02,74.0,26.0,17.16,7.94,0.0,0.0
2004-02-24,70.62,29.38,17.2,7.78,0.0,0.0
2004-02-17,67.47,32.53,17.2,7.78,0.0,0.0
2004-02-10,67.47,32.53,17.2,7.78,0.0,0.0
2004-02-03,67.18,32.82,17.3,7.79,0.0,0.0
2004-01-27,67.18,32.82,17.3,7.67,0.0,0.0
2004-01-20,66.01,33.99,18.38,7.67,0.0,0.0
2004-01-13,65.27,34.73,23.23,9.51,0.0,0.0
2004-01-06,69.55,30.45,20.28,8.05,0.0,0.0
2003-12-30,67.34,32.66,20.28,9.47,0.0,0.0
2003-12-23,47.84,52.16,32.06,9.8,0.01,0.0
2003-12-16,48.91,51.09,30.57,9.75,0.02,0.0
2003-12-09,47.46,52.54,29.64,8.86,0.01,0.0
2003-12-02,43.73,56.27,30.7,9.84,0.0,0.0
2003-11-25,46.19,53.81,30.69,10.91,0.0,0.0
2003-11-18,44.56,55.44,32.1,11.56,0.03,0.0
2003-11-11,45.87,54.13,31.34,10.2,0.0,0.0
2003-11-04,29.14,70.86,33.06,11.07,0.0,0.0
2003-10-28,6.6,93.4,42.17,11.32,0.02,0.0
2003-10-21,26.77,73.23,26.49,11.27,0.0,0.0
2003-10-14,28.25,71.75,23.96,9.48,0.0,0.0
2003-10-07,66.91,33.09,25.28,10.65,0.0,0.0
2003-09-30,67.98,32.02,23.86,8.94,0.0,0.0
2003-09-23,66.92,33.08,25.47,10.71,0.0,0.0
2003-09-16,67.25,32.75,24.9,10.18,0.0,0.0
2003-09-09,65.83,34.17,27.52,9.39,0.01,0.0
2003-09-02,65.32,34.68,30.54,15.26,0.0,0.0
2003-08-26,66.8,33.2,24.01,13.44,0.01,0.0
2003-08-19,66.81,33.19,24.08,12.7,0.0,0.0
2003-08-12,63.93,36.07,24.75,8.37,0.01,0.0
2003-08-05,63.37,36.63,25.72,9.1,0.05,0.0
2003-07-29,63.9,36.1,24.76,8.43,0.03,0.0
2003-07-22,62.96,37.04,26.04,8.9,0.01,0.0
2003-07-15,62.14,37.86,25.28,9.19,0.0,0.0
2003-07-08,62.41,37.59,25.72,9.38,0.0,0.0
2003-07-01,63.14,36.86,25.06,8.45,0.03,0.0
2003-06-24,64.7,35.3,25.23,8.28,0.04,0.0
2003-06-17,63.83,36.17,25.85,8.23,0.1,0.0
2003-06-10,63.7,36.3,25.72,8.66,0.0,0.0
2003-06-03,63.32,36.68,26.16,8.99,0.0,0.0
2003-05-27,65.05,34.95,25.13,8.38,0.0,0.0
2003-05-20,64.15,35.85,25.01,8.47,0.0,0.0
2003-05-13,63.81,36.19,25.47,8.03,0.0,0.0
2003-05-06,58.71,41.29,30.12,8.33,0.0,0.0
2003-04-29,59.37,40.63,29.46,7.67,0.0,0.0
2003-04-22,59.72,40.28,30.85,8.75,0.04,0.0
2003-04-15,58.56,41.44,29.0,10.17,0.05,0.0
2003-04-08,40.13,59.87,32.74,11.39,0.17,0.0
2003-04-01,39.64,60.36,32.57,11.57,0.21,0.0
2003-03-25,51.83,48.17,32.1,11.33,0.1,0.0
2003-03-18,51.5,48.5,32.9,11.55,0.04,0.0
2003-03-11,45.14,54.86,33.71,21.85,1.2,0.0
2003-03-04,60.17,39.83,30.65,21.81,1.35,0.0
2003-02-25,58.1,41.9,34.46,20.61,7.62,0.0
2003-02-18,57.82,42.18,34.47,20.69,7.93,0.0
2003-02-11,45.39,54.61,38.83,28.32,14.91,0.0
2003-02-04,47.36,52.64,31.78,25.8,15.7,0.0
2003-01-28,51.74,48.26,29.56,25.24,15.67,0.0
2003-01-21,61.07,38.93,29.7,24.2,17.18,0.0
2003-01-14,60.71,39.29,30.81,25.39,17.08,0.0
2003-01-07,58.16,41.84,32.14,25.42,16.93,0.0
2002-12-31,58.39,41.61,32.23,26.06,17.19,0.0
2002-12-24,56.56,43.44,33.12,26.29,17.58,0.0
2002-12-17,42.1,57.9,35.75,29.12,17.18,0.0
2002-12-10,0.0,100.0,51.74,30.89,17.39,0.0
2002-12-03,5.66,94.34,35.26,28.16,17.35,0.0
2002-11-26,4.95,95.05,36.15,28.59,20.81,0.0
2002-11-19,5.55,94.45,35.87,28.21,20.68,0.0
2002-11-12,5.29,94.71,35.19,28.1,20.41,0.0
2002-11-05,0.0,100.0,75.48,47.2,24.48,0.0
2002-10-29,0.0,100.0,72.23,39.41,24.28,0.0
2002-10-22,0.0,100.0,72.01,39.65,23.89,0.0
2002-10-15,0.0,100.0,70.48,39.6,23.64,0.0
2002-10-08,0.0,100.0,70.73,39.66,23.64,0.0
2002-10-01,6.12,93.88,51.75,38.19,23.61,0.0
2002-09-24,5.5,94.5,56.14,39.64,23.98,0.0
2002-09-17,5.77,94.23,55.61,39.39,23.92,0.0
2002-09-10,5.1,94.9,55.24,40.45,23.63,0.0
2002-09-03,5.28,94.72,56.36,39.93,22.95,0.0
2002-08-27,4.89,95.11,56.24,39.99,24.21,0.0
2002-08-20,4.99,95.01,56.57,40.31,23.95,0.0
2002-08-13,4.99,95.01,56.66,40.03,26.32,0.0
2002-08-06,5.23,94.77,56.22,40.05,26.05,0.0
2002-07-30,4.99,95.01,55.35,39.71,24.45,0.0
2002-07-23,5.69,94.31,55.3,37.9,23.07,0.0
2002-07-16,6.67,93.33,51.55,36.29,23.2,0.0
2002-07-09,6.55,93.45,53.57,36.09,15.15,0.0
2002-07-02,7.45,92.55,53.31,35.76,13.67,0.0
2002-06-25,7.56,92.44,52.99,35.49,13.46,0.0
2002-06-18,18.01,81.99,48.22,33.2,9.07,0.0
2002-06-11,17.86,82.14,42.35,27.08,4.09,0.0
2002-06-04,17.99,82.01,42.05,26.85,3.93,0.0
2002-05-28,19.89,80.11,41.79,27.18,3.87,0.0
2002-05-21,53.49,46.51,36.83,26.07,0.45,0.0
2002-05-14,53.27,46.73,37.31,26.59,0.55,0.0
2002-05-07,53.54,46.46,37.13,26.21,0.45,0.0
2002-04-30,53.26,46.74,37.89,26.4,0.45,0.0
2002-04-23,52.85,47.15,37.98,29.12,0.0,0.0
2002-04-16,52.61,47.39,38.23,29.37,0.0,0.0
2002-04-09,54.11,45.89,35.6,19.1,0.0,0.0
2002-04-02,55.18,44.82,26.77,6.56,0.0,0.0
2002-03-26,54.83,45.17,22.32,1.56,0.0,0.0
2002-03-19,55.6,44.4,22.3,0.0,0.0,0.0
2002-03-12,53.35,46.65,21.95,0.0,0.0,0.0
2002-03-05,52.91,47.09,0.29,0.0,0.0,0.0
2002-02-26,54.51,45.49,0.17,0.0,0.0,0.0
2002-02-19,54.76,45.24,0.07,0.0,0.0,0.0
2002-02-12,53.96,46.04,0.28,0.0,0.0,0.0
2002-02-05,75.57,24.43,0.16,0.0,0.0,0.0
2002-01-29,87.79,12.21,0.15,0.0,0.0,0.0
2002-01-22,87.24,12.76,0.11,0.0,0.0,0.0
2002-01-15,92.58,7.42,0.27,0.0,0.0,0.0
2002-01-08,92.84,7.16,0.11,0.0,0.0,0.0
2002-01-01,77.42,22.58,11.08,4.92,0.0,0.0
2001-12-25,66.53,33.47,18.81,9.92,0.0,0.0
2001-12-18,51.45,48.55,30.49,17.9,3.2,0.0
2001-12-11,48.36,51.64,30.49,20.09,6.77,0.0
2001-12-04,45.75,54.25,34.41,21.4,7.56,0.0
2001-11-27,40.93,59.07,45.1,30.64,17.59,0.0
2001-11-20,29.62,70.38,47.53,30.64,18.22,0.0
2001-11-13,29.62,70.38,47.53,32.69,18.22,0.0
2001-11-06,29.62,70.38,47.53,32.69,18.22,0.0
2001-10-30,29.62,70.38,47.53,32.69,18.22,0.0
2001-10-23,29.62,70.38,47.53,33.58,18.95,0.0
2001-10-16,29.62,70.38,47.53,33.58,18.95,0.0
2001-10-09,33.99,66.01,47.53,33.58,18.95,0.0
2001-10-02,33.99,66.01,47.53,33.57,18.95,0.0
2001-09-25,33.99,66.01,47.53,33.58,18.95,0.0
2001-09-18,33.99,66.01,47.53,33.58,18.95,0.0
2001-09-11,33.99,66.01,47.53,33.58,18.95,0.0
2001-09-04,50.28,49.72,35.87,28.25,18.6,0.0
2001-08-28,50.28,49.72,35.87,28.25,18.6,0.0
2001-08-21,53.0,47.0,32.15,25.19,16.26,0.0
2001-08-14,54.82,45.18,27.19,19.79,10.31,0.0
2001-08-07,54.82,45.18,27.19,19.79,9.69,0.0
2001-07-31,54.82,45.18,27.19,19.79,9.69,0.0
2001-07-24,54.82,45.18,27.19,19.79,9.69,0.0
2001-07-17,55.94,44.06,27.19,19.79,9.69,0.0
2001-07-10,56.08,43.92,26.69,17.04,9.69,0.0
2001-07-03,42.02,57.98,27.59,18.48,4.72,0.0
2001-06-26,46.12,53.88,27.59,17.28,0.93,0.0
2001-06-19,46.49,53.51,25.96,15.87,0.2,0.0
2001-06-12,49.85,50.15,24.34,8.93,0.05,0.0
2001-06-05,49.85,50.15,22.39,8.24,0.05,0.0
2001-05-29,59.65,40.35,17.23,6.1,0.04,0.0
2001-05-22,59.65,40.35,17.23,3.44,0.05,0.0
2001-05-15,59.65,40.35,17.23,3.44,0.05,0.0
2001-05-08,66.5,33.5,14.71,3.44,0.07,0.0
2001-05-01,66.5,33.5,14.71,3.44,0.58,0.0
2001-04-24,66.5,33.5,14.71,3.44,0.58,0.0
2001-04-17,66.5,33.5,14.71,3.44,0.58,0.0
2001-04-10,74.01,25.99,13.11,3.44,0.58,0.0
2001-04-03,69.79,30.21,12.93,3.44,0.58,0.0
2001-03-27,73.4,26.6,4.65,0.08,0.0,0.0
2001-03-20,73.4,26.6,4.65,0.08,0.0,0.0
2001-03-13,73.11,26.89,2.97,0.0,0.0,0.0
2001-03-06,73.11,26.89,2.97,0.0,0.0,0.0
2001-02-27,73.11,26.89,2.95,0.0,0.0,0.0
2001-02-20,68.1,31.9,2.28,0.0,0.0,0.0
2001-02-13,62.95,37.05,2.68,0.0,0.0,0.0
2001-02-06,63.65,36.35,0.0,0.0,0.0,0.0
2001-01-30,80.05,19.95,0.0,0.0,0.0,0.0
2001-01-23,74.23,25.77,0.0,0.0,0.0,0.0
2001-01-16,85.26,14.74,0.0,0.0,0.0,0.0
2001-01-09,56.33,43.67,0.0,0.0,0.0,0.0
2001-01-02,69.13,30.87,0.0,0.0,0.0,0.0
2000-12-26,100.0,0.0,0.0,0.0,0.0,0.0
2000-12-19,100.0,0.0,0.0,0.0,0.0,0.0
2000-12-12,100.0,0.0,0.0,0.0,0.0,0.0
2000-12-05,100.0,0.0,0.0,0.0,0.0,0.0
2000-11-28,100.0,0.0,0.0,0.0,0.0,0.0
2000-11-21,100.0,0.0,0.0,0.0,0.0,0.0
2000-11-14,100.0,0.0,0.0,0.0,0.0,0.0
2000-11-07,100.0,0.0,0.0,0.0,0.0,0.0
2000-10-31,100.0,0.0,0.0,0.0,0.0,0.0
2000-10-24,88.15,11.85,0.0,0.0,0.0,0.0
2000-10-17,84.08,15.92,0.0,0.0,0.0,0.0
2000-10-10,87.3,12.7,0.0,0.0,0.0,0.0
2000-10-03,87.3,12.7,0.0,0.0,0.0,0.0
2000-09-26,87.3,12.7,0.0,0.0,0.0,0.0
2000-09-19,87.82,12.18,0.0,0.0,0.0,0.0
2000-09-12,87.82,12.18,0.0,0.0,0.0,0.0
2000-09-05,87.82,12.18,0.0,0.0,0.0,0.0
2000-08-29,77.21,22.79,0.0,0.0,0.0,0.0
2000-08-22,75.09,24.91,0.99,0.0,0.0,0.0
2000-08-15,75.09,24.91,1.72,0.0,0.0,0.0
2000-08-08,87.98,12.02,0.0,0.0,0.0,0.0
2000-08-01,92.39,7.61,0.0,0.0,0.0,0.0
2000-07-25,92.39,7.61,0.0,0.0,0.0,0.0
2000-07-18,100.0,0.0,0.0,0.0,0.0,0.0
2000-07-11,100.0,0.0,0.0,0.0,0.0,0.0
2000-07-04,100.0,0.0,0.0,0.0,0.0,0.0
2000-06-27,100.0,0.0,0.0,0.0,0.0,0.0
2000-06-20,100.0,0.0,0.0,0.0,0.0,0.0
2000-06-13,100.0,0.0,0.0,0.0,0.0,0.0
2000-06-06,100.0,0.0,0.0,0.0,0.0,0.0
2000-05-30,100.0,0.0,0.0,0.0,0.0,0.0
2000-05-23,100.0,0.0,0.0,0.0,0.0,0.0
2000-05-16,100.0,0.0,0.0,0.0,0.0,0.0
2000-05-09,100.0,0.0,0.0,0.0,0.0,0.0
2000-05-02,100.0,0.0,0.0,0.0,0.0,0.0
2000-04-25,100.0,0.0,0.0,0.0,0.0,0.0
2000-04-18,95.93,4.07,0.0,0.0,0.0,0.0
2000-04-11,97.02,2.98,0.0,0.0,0.0,0.0
2000-04-04,97.02,2.98,0.0,0.0,0.0,0.0
2000-03-28,97.28,2.72,0.0,0.0,0.0,0.0
2000-03-21,97.45,2.55,0.0,0.0,0.0,0.0
2000-03-14,97.45,2.55,0.0,0.0,0.0,0.0
2000-03-07,90.56,9.44,0.03,0.0,0.0,0.0
2000-02-29,83.71,16.29,0.05,0.0,0.0,0.0
2000-02-22,81.29,18.71,0.0,0.0,0.0,0.0
2000-02-15,56.39,43.61,0.0,0.0,0.0,0.0
2000-02-08,55.8,44.2,0.0,0.0,0.0,0.0
2000-02-01,49.12,50.88,0.0,0.0,0.0,0.0
2000-01-25,44.03,55.97,0.0,0.0,0.0,0.0
2000-01-18,27.96,72.04,0.0,0.0,0.0,0.0
2000-01-11,18.25,81.75,0.0,0.0,0.0,0.0
2000-01-04,51.83,48.17,0.0,0.0,0.0,0.0
