reporting_month,hydrologic_region,total_pop,total_gallons,pop_weighted_rgpcd
2014-06-15,Central Coast,1222138.0,5604272259.419999,99.95867697608617
2014-06-15,Colorado River,753033.0,7206260587.599,221.82076220404684
2014-06-15,North Coast,372282.0,1545991194.977,88.4733684870609
2014-06-15,North Lahontan,92882.0,670151404.0,161.9491922869878
2014-06-15,Sacramento River,2611811.0,21909721818.288002,186.96235041815814
2014-06-15,San Francisco Bay,5763883.0,25034899181.97664,94.37149910837883
2014-06-15,San Joaquin River,1473820.0,11651166893.0,194.5979953640879
2014-06-15,South Coast,19641657.0,108312604767.07098,120.31269773866836
2014-06-15,South Lahontan,807220.0,6071374807.51868,187.87794989668245
2014-06-15,Tulare Lake,1770700.0,17356699405.078,200.96904681312478
2014-07-15,Central Coast,1245629.0,5939228057.2300005,95.00693521530087
2014-07-15,Colorado River,753203.0,8176263112.443,241.0783311911928
2014-07-15,North Coast,385033.0,1692176594.8049998,95.17714562492046
2014-07-15,North Lahontan,100332.0,756388237.0,147.98512638839057
2014-07-15,Sacramento River,2656513.0,24004033121.812,196.08602196526047
2014-07-15,San Francisco Bay,6335633.0,28343285077.63712,94.6465374508277
2014-07-15,San Joaquin River,1557772.0,12792597509.804,194.02051590290492
2014-07-15,South Coast,19980998.0,114060640683.253,118.76058727347855
2014-07-15,South Lahontan,817890.0,6380803504.191759,190.10779807345727
2014-07-15,Tulare Lake,1804234.0,18710317673.41,211.4354401485617
2014-08-15,Central Coast,1215476.0,5393243035.11,90.57015827272606
2014-08-15,Colorado River,806578.0,7942667834.065001,222.07756571143767
2014-08-15,North Coast,401108.0,1585725077.754,81.79729672058399
2014-08-15,North Lahontan,99825.0,642532717.0,131.09459919258703
2014-08-15,Sacramento River,2650062.0,21859962420.63,185.06198396233748
2014-08-15,San Francisco Bay,6341173.0,27178243205.754597,90.59305459625529
2014-08-15,San Joaquin River,1537932.0,11761771311.476,171.30222118104052
2014-08-15,South Coast,19985783.0,107414444500.20801,111.4888630116018
2014-08-15,South Lahontan,821997.0,6024024537.011041,178.63020720817713
2014-08-15,Tulare Lake,1824756.0,17090883583.911999,188.9239975876227
2014-09-15,Central Coast,1247651.0,5215422647.389999,88.63097643900419
2014-09-15,Colorado River,805719.0,6454450501.492001,185.3652489176748
2014-09-15,North Coast,400949.0,1544445055.164,84.25927708686142
2014-09-15,North Lahontan,93430.0,554197812.0,126.79055148881514
2014-09-15,Sacramento River,2677304.0,19305248034.843998,163.47399153099536
2014-09-15,San Francisco Bay,6385289.0,24512544700.05336,83.77517009692122
2014-09-15,San Joaquin River,1565780.0,10577341125.27,155.9143187301536
2014-09-15,South Coast,19968703.0,103223952882.022,110.50125141757078
2014-09-15,South Lahontan,741226.0,4612658736.228761,157.7466109722271
2014-09-15,Tulare Lake,1831285.0,15501923756.595001,178.60110310028205
2014-10-15,Central Coast,1247984.0,4989569700.129999,83.42539934141784
2014-10-15,Colorado River,803783.0,6085715914.9140005,172.5474956432271
2014-10-15,North Coast,401359.0,1261986302.4,66.87260928545267
2014-10-15,North Lahontan,89736.0,382613512.0,93.70060776054203
2014-10-15,Sacramento River,2642844.0,15967168300.912003,129.64032403921686
2014-10-15,San Francisco Bay,6386829.0,23088073921.145042,75.62291733465855
2014-10-15,San Joaquin River,1537676.0,9109388887.5,127.56831637653185
2014-10-15,South Coast,19925704.0,98084604714.42902,102.59827743208471
2014-10-15,South Lahontan,822877.0,4488346328.315761,132.3841180047565
2014-10-15,Tulare Lake,1806313.0,13336374770.439,148.23559557108874
2014-11-15,Central Coast,1247826.0,3675803447.28,65.89555030981884
2014-11-15,Colorado River,805847.0,5871291735.076,169.29000390731738
2014-11-15,North Coast,401348.0,961746681.921,54.805150695157316
2014-11-15,North Lahontan,87133.0,269223361.0,68.13586931931644
2014-11-15,Sacramento River,2643849.0,10343929050.328,87.99971578146103
2014-11-15,San Francisco Bay,6393497.0,18191077337.440643,59.29132317054346
2014-11-15,San Joaquin River,1543115.0,6053925146.6021,89.67948779643774
2014-11-15,South Coast,19934375.0,80487028599.336,87.89448714009845
2014-11-15,South Lahontan,826949.0,3456646998.1759596,107.17496977020348
2014-11-15,Tulare Lake,1793907.0,9114116642.202,105.49167259255914
2014-12-15,Central Coast,1248286.0,2947879153.5299997,54.35534288985056
2014-12-15,Colorado River,803952.0,4165216971.78,117.69382383425878
2014-12-15,North Coast,401386.0,1013724555.928,56.5361441542555
2014-12-15,North Lahontan,87706.0,298374424.0,72.78713196132533
2014-12-15,Sacramento River,2641026.0,8688211739.79,70.2222774884079
2014-12-15,San Francisco Bay,6395353.0,15713689009.81088,52.58454591189885
2014-12-15,San Joaquin River,1543377.0,4903209936.54817,70.72596609020349
2014-12-15,South Coast,19895271.0,59012712719.43619,64.49778487079668
2014-12-15,South Lahontan,834167.0,2420809843.98428,71.72801183791735
2014-12-15,Tulare Lake,1805184.0,7579402584.7560005,80.15180081465378
2015-01-15,Central Coast,1249699.0,3330093247.32,60.42388367142809
2015-01-15,Colorado River,809353.0,4130726954.8389997,117.59838095132781
2015-01-15,North Coast,401498.0,939614084.4319999,54.38390159452849
2015-01-15,North Lahontan,94104.0,320886735.0,70.34401539573238
2015-01-15,Sacramento River,2651749.0,8826815284.168,73.59051157639732
2015-01-15,San Francisco Bay,6409180.0,17022921855.769999,56.67359157792415
2015-01-15,San Joaquin River,1544134.0,4826572571.764629,67.74638178487099
2015-01-15,South Coast,19685360.0,65749868656.166855,72.7639222135841
2015-01-15,South Lahontan,837304.0,2390818379.41764,71.16042611405176
2015-01-15,Tulare Lake,1810503.0,6998949063.784,74.69862421702699
2015-02-15,Central Coast,1230796.0,3123858522.03,62.0589574390882
2015-02-15,Colorado River,809414.0,4302125360.959,135.4412887120806
2015-02-15,North Coast,400653.0,899921455.998,54.50521937412175
2015-02-15,North Lahontan,89424.0,257356282.0,63.845958360171764
2015-02-15,Sacramento River,2659556.0,8152031595.732,74.32680523102351
2015-02-15,San Francisco Bay,6406004.0,15797782752.212,57.19308225111943
2015-02-15,San Joaquin River,1544521.0,4555608559.0,71.10892122256675
2015-02-15,South Coast,19959286.0,65641739056.57263,78.7040393789287
2015-02-15,South Lahontan,831152.0,2394968469.4068804,77.58440489477256
2015-02-15,Tulare Lake,1808807.0,6432982460.843,77.66865842126884
2015-03-15,Central Coast,1210885.0,3778195427.06,65.10945705760662
2015-03-15,Colorado River,830178.0,4601525865.016001,124.46562497440306
2015-03-15,North Coast,400071.0,1120429599.758,61.520337637569334
2015-03-15,North Lahontan,88090.0,270053464.0,61.29787954137814
2015-03-15,Sacramento River,2661932.0,11650432810.05,97.99802010321828
2015-03-15,San Francisco Bay,6408767.0,19321690483.647007,64.67863873035172
2015-03-15,San Joaquin River,1545712.0,6520181318.1548,91.95362462153363
2015-03-15,South Coast,19976923.0,79455962526.20146,82.54999768300652
2015-03-15,South Lahontan,832649.0,3324622464.336,95.54658413196918
2015-03-15,Tulare Lake,1812606.0,8916193755.07,101.03698102439253
2015-04-15,Central Coast,1254583.0,4223035253.08,71.49634786060388
2015-04-15,Colorado River,827933.0,5721304853.0,163.11881108338477
2015-04-15,North Coast,402055.0,1046864926.414,59.58176227456441
2015-04-15,North Lahontan,88284.0,276202908.0,66.42090332110008
2015-04-15,Sacramento River,2683937.0,12330148634.358,104.03021083635717
2015-04-15,San Francisco Bay,6410935.0,19110757736.899002,66.65602458861305
2015-04-15,San Joaquin River,1552616.0,7186721341.5,103.61916480810451
2015-04-15,South Coast,19995081.0,82730158954.08098,89.22121630272966
2015-04-15,South Lahontan,834397.0,3831717008.3058805,113.23018199657955
2015-04-15,Tulare Lake,1839623.0,10612629584.3,127.01041231366428
2015-05-15,Central Coast,1253290.0,4261155782.4040003,70.45942349200904
2015-05-15,Colorado River,831626.0,5999075098.667999,163.14714380863515
2015-05-15,North Coast,402069.0,1185787733.385,64.09818585491546
2015-05-15,North Lahontan,89593.0,342883993.0,83.37346274374114
2015-05-15,Sacramento River,2696921.0,14289221447.245998,117.72825242845452
2015-05-15,San Francisco Bay,6420430.0,20124497615.180992,68.81996425012031
2015-05-15,San Joaquin River,1554753.0,7831961720.2,111.05101531793153
2015-05-15,South Coast,19980308.0,76274171056.02899,80.3663314765268
2015-05-15,South Lahontan,834816.0,4151414529.4044,120.92096299795404
2015-05-15,Tulare Lake,1850561.0,11426488580.343,130.64301586934988
2015-06-15,Central Coast,1254812.0,4286237345.92,74.48049788358735
2015-06-15,Colorado River,829416.0,6075456492.346,169.85796052041434
2015-06-15,North Coast,402187.0,1436990277.678,78.64992424991358
2015-06-15,North Lahontan,91732.0,470080152.0,115.4565443836393
2015-06-15,Sacramento River,2693845.0,16596701621.896,136.81861533725956
2015-06-15,San Francisco Bay,6423236.0,20842877729.873,73.14078945380491
2015-06-15,San Joaquin River,1588194.0,8835082501.085,127.22283128446524
2015-06-15,South Coast,19995176.0,83201494445.257,89.85226998898135
2015-06-15,South Lahontan,832398.0,4423308035.09392,133.36559986857247
2015-06-15,Tulare Lake,1866466.0,13246379579.013,153.6712241899933
2015-07-15,Central Coast,1255213.0,4583449751.7,74.71406030649779
2015-07-15,Colorado River,829202.0,5811753975.683,153.66550653170154
2015-07-15,North Coast,402203.0,1381816516.9039998,73.4978139514126
2015-07-15,North Lahontan,98452.0,542098996.0,113.42218257018648
2015-07-15,Sacramento River,2700246.0,18744392774.975998,152.75098677768617
2015-07-15,San Francisco Bay,6426161.0,22365192644.751,77.0865789428245
2015-07-15,San Joaquin River,1589475.0,9550211134.3,130.6692726253637
2015-07-15,South Coast,20009870.0,82695107632.848,87.11718988187329
2015-07-15,South Lahontan,831007.0,4279958664.5431595,131.29048402793237
2015-07-15,Tulare Lake,1871799.0,14254602384.334,161.69935054655974
2015-08-15,Central Coast,1255628.0,4652107139.209999,74.95092537327935
2015-08-15,Colorado River,829267.0,6415101099.0060005,171.77091221403964
2015-08-15,North Coast,401778.0,1465343062.695,75.77800754122921
2015-08-15,North Lahontan,96376.0,560144727.0,117.72377316344318
2015-08-15,Sacramento River,2696652.0,18399361668.536,147.1979058406498
2015-08-15,San Francisco Bay,6435102.0,22395377241.858006,71.41938492643939
2015-08-15,San Joaquin River,1589744.0,9579449706.247,131.52653641907128
2015-08-15,South Coast,20020242.0,88780839992.89601,93.10767446452945
2015-08-15,South Lahontan,831700.0,4886102067.40428,148.2457747602501
2015-08-15,Tulare Lake,1876831.0,14433665368.855,162.59659155182325
2015-09-15,Central Coast,1257036.0,4459513050.18,75.07425933839605
2015-09-15,Colorado River,829289.0,5749734098.437,161.5758286041416
2015-09-15,North Coast,401781.0,1364760785.5679998,73.35669301485136
2015-09-15,North Lahontan,91775.0,490339658.0,113.26828424298556
2015-09-15,Sacramento River,2697209.0,16694878554.932,141.62996675029632
2015-09-15,San Francisco Bay,6441512.0,21885214525.295,71.07123124401538
2015-09-15,San Joaquin River,1590110.0,8697677382.7,123.4136297137305
2015-09-15,South Coast,20040354.0,80675601509.48999,87.74320501057515
2015-09-15,South Lahontan,830606.0,4085353864.6921997,129.71522568570416
2015-09-15,Tulare Lake,1877519.0,13009647574.256,148.8697852412679
2015-10-15,Central Coast,1256104.0,4285842137.1019998,69.71367372701623
2015-10-15,Colorado River,829344.0,4825428174.646,132.03631947515143
2015-10-15,North Coast,401780.0,1326329080.6360002,69.5392932383394
2015-10-15,North Lahontan,88849.0,341107132.0,81.2916966955171
2015-10-15,Sacramento River,2693519.0,14540562564.872,117.8468051326165
2015-10-15,San Francisco Bay,6445514.0,20816520895.987,66.03704980719922
2015-10-15,San Joaquin River,1575930.0,7551279546.36,102.50682936938826
2015-10-15,South Coast,20019343.0,77990882526.16602,82.25405432751715
2015-10-15,South Lahontan,827658.0,3512504254.6658,107.04329494706752
2015-10-15,Tulare Lake,1878115.0,11274115038.831001,123.0381902126334
2015-11-15,Central Coast,1245679.0,3349855038.0099998,58.71473698408659
2015-11-15,Colorado River,829388.0,4952265806.684999,138.46101201367753
2015-11-15,North Coast,401505.0,969127854.646,53.41784337256073
2015-11-15,North Lahontan,87144.0,237147629.0,56.17327409115946
2015-11-15,Sacramento River,2692167.0,9678051956.958,80.46907219931006
2015-11-15,San Francisco Bay,6447932.0,16237709319.389002,54.199967554636125
2015-11-15,San Joaquin River,1574413.0,5192846471.4106,76.79274963526089
2015-11-15,South Coast,20050418.0,70378173489.754,77.3147675406069
2015-11-15,South Lahontan,833719.0,2865706317.4434,90.57475382341052
2015-11-15,Tulare Lake,1877923.0,7875258005.307,87.55828489144658
2015-12-15,Central Coast,1258523.0,3081388553.09,52.64783665439566
2015-12-15,Colorado River,829470.0,4029628367.8120003,111.6428363515257
2015-12-15,North Coast,401499.0,960048419.641,52.50597405149203
2015-12-15,North Lahontan,89992.0,277159717.0,61.80650015779181
2015-12-15,Sacramento River,2692971.0,8329890618.401999,68.46425889473002
2015-12-15,San Francisco Bay,6449168.0,15263248973.627,49.72393994394316
2015-12-15,San Joaquin River,1574261.0,4762532988.1816,66.45549074441914
2015-12-15,South Coast,20068822.0,64225163636.996796,69.46703544354024
2015-12-15,South Lahontan,854297.0,2477821117.2266397,73.92416693655719
2015-12-15,Tulare Lake,1877959.0,6935510949.469999,75.77785205848477
2016-01-15,Central Coast,1259041.0,2748357365.52,48.72075739090308
2016-01-15,Colorado River,796143.0,3388911573.434,98.84776527068632
2016-01-15,North Coast,401705.0,894822143.303,50.08047523929251
2016-01-15,North Lahontan,93081.0,245847602.0,53.87605389929202
2016-01-15,Sacramento River,2695252.0,8100012202.748,68.09945947173028
2016-01-15,San Francisco Bay,6462627.0,14893066578.033997,47.88736339890883
2016-01-15,San Joaquin River,1574672.0,4470810179.6,61.61117696599674
2016-01-15,South Coast,20078359.0,56096030776.31,61.86748776281468
2016-01-15,South Lahontan,843480.0,2233944506.8066397,67.53147422037274
2016-01-15,Tulare Lake,1879524.0,6322016844.297999,68.81649651635202
2016-02-15,Central Coast,1261090.0,2809058373.31,52.659469791291656
2016-02-15,Colorado River,796113.0,3601562426.1169996,110.09580967664138
2016-02-15,North Coast,401535.0,872030092.563,52.38081343145679
2016-02-15,North Lahontan,91139.0,233755010.0,54.75323950888204
2016-02-15,Sacramento River,2700793.0,7785159506.4539995,66.38099189630603
2016-02-15,San Francisco Bay,6467115.0,14535313936.567999,49.516581245825996
2016-02-15,San Joaquin River,1575027.0,4521596811.5303,67.05858824851892
2016-02-15,South Coast,19800821.0,60263794585.927,70.36798808406986
2016-02-15,South Lahontan,842152.0,2252673842.87576,68.9305471773504
2016-02-15,Tulare Lake,1880054.0,6114291301.122,69.91246498690995
2016-03-15,Central Coast,1264493.0,2987755762.82,51.76836251477865
2016-03-15,Colorado River,796113.0,4097551042.288,115.70287237603206
2016-03-15,North Coast,403940.0,937609503.314,51.95783160098035
2016-03-15,North Lahontan,88817.0,240389180.0,54.007462929394144
2016-03-15,Sacramento River,2704183.0,8384816893.16,68.75938105457358
2016-03-15,San Francisco Bay,6468436.0,15523948241.459,49.78569173927052
2016-03-15,San Joaquin River,1576944.0,4927765971.65,67.07622413871385
2016-03-15,South Coast,20105562.0,63299288490.289,67.3314926961405
2016-03-15,South Lahontan,841117.0,2645835816.49308,77.53177232061651
2016-03-15,Tulare Lake,1885035.0,7125847939.742001,78.54490364014463
2016-04-15,Central Coast,1269112.0,3627635290.7,62.40277282493586
2016-04-15,Colorado River,797047.0,4503017396.719999,132.92220867037955
2016-04-15,North Coast,403382.0,981145181.408,55.26610106797031
2016-04-15,North Lahontan,87841.0,234079997.0,57.499171858243876
2016-04-15,Sacramento River,2715253.0,11225112818.581999,92.62244694626983
2016-04-15,San Francisco Bay,6469334.0,17026651988.424002,56.30295898318126
2016-04-15,San Joaquin River,1584929.0,6079943036.0882,84.28298744492658
2016-04-15,South Coast,20178134.0,69827930500.657,75.74492902847707
2016-04-15,South Lahontan,835080.0,3152801460.2780805,97.77675774740142
2016-04-15,Tulare Lake,1887586.0,9001891201.560001,98.5992187188292
2016-05-15,Central Coast,1264852.0,4237074965.21,69.78570513293255
2016-05-15,Colorado River,797078.0,5261973634.729,148.2996155056343
2016-05-15,North Coast,403956.0,1180198509.5019999,62.473613684906276
2016-05-15,North Lahontan,87992.0,318715588.0,78.72802600122738
2016-05-15,Sacramento River,2711906.0,15024163339.026001,121.01367397210669
2016-05-15,San Francisco Bay,6473452.0,20663269532.739998,65.06267506990088
2016-05-15,San Joaquin River,1595079.0,7969129925.657,107.53006138473393
2016-05-15,South Coast,20172267.0,77509605834.811,80.40449895431682
2016-05-15,South Lahontan,835156.0,3972210552.13856,115.14804066809076
2016-05-15,Tulare Lake,1891658.0,11704462567.276,128.23752770780976
2016-06-15,Central Coast,1266027.0,4656265973.83,78.41921222983396
2016-06-15,Colorado River,797078.0,6154905346.742001,177.718372366318
2016-06-15,North Coast,415599.0,1598911956.434,85.87819338232286
2016-06-15,North Lahontan,90892.0,539287983.0,133.91828177397352
2016-06-15,Sacramento River,2717943.0,20012081592.908,163.24988920253296
2016-06-15,San Francisco Bay,6472597.0,23902128257.267,77.84777234298693
2016-06-15,San Joaquin River,1597527.0,9882075871.49,138.15387060343892
2016-06-15,South Coast,20170748.0,86308212379.907,92.93997607233999
2016-06-15,South Lahontan,835604.0,4878390737.9307995,144.98010122737566
2016-06-15,Tulare Lake,1898815.0,14388914051.202,167.05682557305477
2016-07-15,Central Coast,1266390.0,4957585748.889999,80.46833364074259
2016-07-15,Colorado River,798568.0,6719969043.459001,187.76381204606244
2016-07-15,North Coast,415298.0,1605333248.278,82.83678703726
2016-07-15,North Lahontan,97785.0,690730712.0,143.0132900772102
2016-07-15,Sacramento River,2726116.0,22890068705.739998,186.74642763279334
2016-07-15,San Francisco Bay,6477669.0,25559852414.715008,80.6834815939345
2016-07-15,San Joaquin River,1600941.0,11009276906.791,149.44049733687874
2016-07-15,South Coast,20140156.0,95913447928.63101,99.56650678430692
2016-07-15,South Lahontan,838168.0,5432185569.26488,159.66678361235458
2016-07-15,Tulare Lake,1893226.0,16208694940.06,190.33769583335533
2016-08-15,Central Coast,1269093.0,4841760938.27,78.35449006510949
2016-08-15,Colorado River,760968.0,6953218670.013,205.35479273898514
2016-08-15,North Coast,415235.0,1593421227.458,81.5598121232555
2016-08-15,North Lahontan,94816.0,672918822.0,144.07402129387447
2016-08-15,Sacramento River,2727026.0,22913734475.042,179.79656137814604
2016-08-15,San Francisco Bay,6479371.0,25446874794.888,81.10016401710907
2016-08-15,San Joaquin River,1603570.0,10931943633.77,148.89036349276927
2016-08-15,South Coast,20142011.0,98193054946.34341,101.83322472070442
2016-08-15,South Lahontan,835003.0,5198491973.4645195,147.37820498608988
2016-08-15,Tulare Lake,1893807.0,16240531543.562,187.57339222597653
2016-09-15,Central Coast,1266968.0,4556850708.49,77.11613437584849
2016-09-15,Colorado River,799427.0,6484380914.158001,189.6968478797939
2016-09-15,North Coast,415322.0,1558010943.4510002,82.3348800766634
2016-09-15,North Lahontan,90796.0,540652608.0,128.24826745671615
2016-09-15,Sacramento River,2727566.0,19670751842.197998,161.91978793041125
2016-09-15,San Francisco Bay,6480093.0,23957139786.501602,78.36841764503997
2016-09-15,San Joaquin River,1603124.0,9590117519.185001,130.7842857102757
2016-09-15,South Coast,20193268.0,88670123402.008,94.96321281698931
2016-09-15,South Lahontan,830022.0,4746654934.650399,147.37265965552723
2016-09-15,Tulare Lake,1895014.0,14394312376.89,176.02866598405072
2016-10-15,Central Coast,1268207.0,4190090172.55,68.81857216597922
2016-10-15,Colorado River,767947.0,5685300544.184999,168.89487355559694
2016-10-15,North Coast,415312.0,1297682814.229,68.15263266026506
2016-10-15,North Lahontan,88055.0,316595185.0,77.11243664754984
2016-10-15,Sacramento River,2729367.0,13635390023.688,108.78566872879315
2016-10-15,San Francisco Bay,6480817.0,20213198364.815704,64.5521479873448
2016-10-15,San Joaquin River,1587127.0,7572095954.044001,102.53581674516282
2016-10-15,South Coast,20198909.0,83073402253.00099,86.4714238191429
2016-10-15,South Lahontan,831328.0,3762679705.6422806,109.00669292601715
2016-10-15,Tulare Lake,1895771.0,12373887774.616001,143.52604279810166
2016-11-15,Central Coast,1268639.0,3274592465.03,58.0479137418919
2016-11-15,Colorado River,768040.0,5088738111.912,154.82928830230196
2016-11-15,North Coast,415315.0,937926652.8280001,51.21259393327955
2016-11-15,North Lahontan,85635.0,226410112.0,54.47400170257489
2016-11-15,Sacramento River,2728274.0,9084152765.816,76.35811406687893
2016-11-15,San Francisco Bay,6482152.0,16041870090.547104,54.0277025214466
2016-11-15,San Joaquin River,1587199.0,5337833142.7526,75.85344344533988
2016-11-15,South Coast,20137427.0,71583999891.406,78.21194055689439
2016-11-15,South Lahontan,828856.0,2990712717.1000004,93.70644733295049
2016-11-15,Tulare Lake,1890473.0,9081735948.717001,111.98196537601964
2016-12-15,Central Coast,1271457.0,2863166593.212,49.73450245584396
2016-12-15,Colorado River,768068.0,4023308363.125,120.05992890382103
2016-12-15,North Coast,415316.0,1001393220.0459999,52.10639854472257
2016-12-15,North Lahontan,88504.0,277757469.0,59.10873876321975
2016-12-15,Sacramento River,2729740.0,8513068262.8619995,68.94246079677919
2016-12-15,San Francisco Bay,6481898.0,15320337678.601,49.638556450101504
2016-12-15,San Joaquin River,1581728.0,4766075805.1035,65.14308317776508
2016-12-15,South Coast,20201465.0,60819504324.992,65.77157794871313
2016-12-15,South Lahontan,833265.0,2524791230.1548,73.8865904658182
2016-12-15,Tulare Lake,1895500.0,7286105471.353,82.18279014312849
2017-01-15,Central Coast,1271728.0,2737491709.217,48.16033536817621
2017-01-15,Colorado River,768491.0,3081029296.5280004,92.63440112714397
2017-01-15,North Coast,418033.0,964682952.9460001,50.24644484239283
2017-01-15,North Lahontan,93344.0,274687647.0,60.027536901139875
2017-01-15,Sacramento River,2735062.0,8239430462.007999,68.74789261234298
2017-01-15,San Francisco Bay,6490590.0,15049709796.081198,49.29760756846451
2017-01-15,San Joaquin River,1586619.0,4578228487.5696,62.8871311206408
2017-01-15,South Coast,20226978.0,51650883877.160995,56.36041164069591
2017-01-15,South Lahontan,859684.0,2153092277.03196,60.45022064816839
2017-01-15,Tulare Lake,1910072.0,6337982582.973,72.49268591314882
2017-02-15,Central Coast,1272795.0,2496502754.88,48.26923522554692
2017-02-15,Colorado River,766961.0,3258373923.0959997,109.10469199555126
2017-02-15,North Coast,418689.0,864018421.3429999,51.216958732615375
2017-02-15,North Lahontan,92514.0,244611447.0,57.57561211384223
2017-02-15,Sacramento River,2729915.0,7174598979.546,64.56961425414345
2017-02-15,San Francisco Bay,6489598.0,13586567516.8067,48.69425918474457
2017-02-15,San Joaquin River,1584357.0,4089118969.8,60.41586127766659
2017-02-15,South Coast,20248521.0,46332834731.13,56.05163563035048
2017-02-15,South Lahontan,835443.0,1931211054.6185598,62.575619302094815
2017-02-15,Tulare Lake,1908475.0,5626834372.27,68.96715817650218
2017-03-15,Central Coast,1273661.0,2986886298.93,50.12937593810283
2017-03-15,Colorado River,771446.0,3873475594.7539997,111.90056003881023
2017-03-15,North Coast,418311.0,921780647.6159999,47.76473158893742
2017-03-15,North Lahontan,90999.0,269684432.0,60.10794269607358
2017-03-15,Sacramento River,2732089.0,8728971755.146,70.56891231442314
2017-03-15,San Francisco Bay,6492194.0,15809994367.366,50.369662103658634
2017-03-15,San Joaquin River,1589049.0,4947169026.362801,68.12555632916292
2017-03-15,South Coast,20272450.0,65768143293.117,68.63391029312194
2017-03-15,South Lahontan,847284.0,2785059118.7989206,79.20317526272184
2017-03-15,Tulare Lake,1912527.0,7353273186.453,88.95597288195148
2017-04-15,Central Coast,1269362.0,3444456693.9000006,59.92097296870396
2017-04-15,Colorado River,772104.0,5523388350.973001,165.42407948980966
2017-04-15,North Coast,419642.0,1000783090.284,54.59941043818302
2017-04-15,North Lahontan,88717.0,249090069.0,65.51281416188554
2017-04-15,Sacramento River,2744088.0,9200338931.71,76.78001628737854
2017-04-15,San Francisco Bay,6491019.0,16367157993.492996,54.861280674575156
2017-04-15,San Joaquin River,1593169.0,5640115125.7,78.66459766302258
2017-04-15,South Coast,20280885.0,78870713041.569,84.18784195115747
2017-04-15,South Lahontan,837292.0,3565458963.30908,102.08542779376849
2017-04-15,Tulare Lake,1917542.0,9170686868.974998,105.29738404598177
2017-05-15,Central Coast,1270180.0,4488106201.369,72.63633298249069
2017-05-15,Colorado River,772104.0,5948538240.845,171.1693838023116
2017-05-15,North Coast,419547.0,1331349436.447,68.40138016598856
2017-05-15,North Lahontan,88583.0,369008655.0,92.44705729993339
2017-05-15,Sacramento River,2739436.0,17625086221.022,140.55732671944153
2017-05-15,San Francisco Bay,6493102.0,23342750681.760998,72.80052784699824
2017-05-15,San Joaquin River,1596245.0,9159428087.7,122.46525938693621
2017-05-15,South Coast,20275594.0,85162084026.82199,87.95477274041885
2017-05-15,South Lahontan,843315.0,4075910661.2334394,117.22846028767421
2017-05-15,Tulare Lake,1913281.0,13086072213.468,149.04774566767765
2017-06-15,Central Coast,1264392.0,4851131477.59,83.52798123706889
2017-06-15,Colorado River,772104.0,6900956636.686001,207.26310045382485
2017-06-15,North Coast,420017.0,1506756773.309,75.76797372273026
2017-06-15,North Lahontan,91041.0,570523608.0,139.73859328214758
2017-06-15,Sacramento River,2740371.0,21191151753.997,171.99579391159082
2017-06-15,San Francisco Bay,6497832.0,25558523228.65699,82.8250324277082
2017-06-15,San Joaquin River,1613837.0,10316022263.73,142.79293736628915
2017-06-15,South Coast,20232132.0,90488323323.649,97.53629647980749
2017-06-15,South Lahontan,837632.0,4792676131.099279,138.10059005112032
2017-06-15,Tulare Lake,1920133.0,15769609300.539999,182.44995388522568
2017-07-15,Central Coast,1270849.0,5173520747.38,84.61277529391768
2017-07-15,Colorado River,772288.0,7597080278.9210005,217.01830677415674
2017-07-15,North Coast,420206.0,1897150138.96,90.86063432744892
2017-07-15,North Lahontan,99240.0,736639963.0,151.1546125584442
2017-07-15,Sacramento River,2741163.0,25128663130.41,202.45175696045803
2017-07-15,San Francisco Bay,6504515.0,27644760080.698498,87.43329850383925
2017-07-15,San Joaquin River,1617804.0,11762248113.476,159.3671561609441
2017-07-15,South Coast,20196365.0,99965544761.31302,104.10763649594371
2017-07-15,South Lahontan,840185.0,5991244499.363599,170.0702076696204
2017-07-15,Tulare Lake,1911053.0,17078461839.843998,198.66041500403185
2017-08-15,Central Coast,1271908.0,5112289220.440001,82.62871301980961
2017-08-15,Colorado River,772562.0,7129633669.936999,206.09601395331376
2017-08-15,North Coast,420218.0,1673504141.3930001,80.66260822263682
2017-08-15,North Lahontan,95646.0,646206718.0,137.9122293875332
2017-08-15,Sacramento River,2730498.0,24518358130.315002,189.3950413891532
2017-08-15,San Francisco Bay,6506397.0,27594381183.718,86.83918200812218
2017-08-15,San Joaquin River,1618151.0,11682804909.33,154.06011741920253
2017-08-15,South Coast,20176520.0,98884061202.489,104.14285693323724
2017-08-15,South Lahontan,841378.0,5389411168.80696,151.05326333395928
2017-08-15,Tulare Lake,1909700.0,17214807329.368,193.67734066952923
2017-09-15,Central Coast,1272075.0,4799837108.959999,81.2148625601478
2017-09-15,Colorado River,772562.0,6481947229.233999,195.30649961582367
2017-09-15,North Coast,404145.0,1629328013.144,84.71062659020895
2017-09-15,North Lahontan,91455.0,489777190.0,115.31476046798973
2017-09-15,Sacramento River,2742400.0,21081322522.334,174.66132557781506
2017-09-15,San Francisco Bay,6507242.0,26231764599.434998,85.52560456059572
2017-09-15,San Joaquin River,1603061.0,10085471291.489,141.26310609515173
2017-09-15,South Coast,20188006.0,90949272217.082,97.98614445155704
2017-09-15,South Lahontan,840132.0,4878789055.919441,147.86593969804744
2017-09-15,Tulare Lake,1910313.0,14797821197.436,177.21672769839287
2017-10-15,Central Coast,1272137.0,4838105385.849999,77.59000049931728
2017-10-15,Colorado River,772562.0,5965186797.855999,177.20010349124087
2017-10-15,North Coast,404143.0,1427466512.827,72.09829888232629
2017-10-15,North Lahontan,88809.0,335945068.0,80.25131479241969
2017-10-15,Sacramento River,2731568.0,18154811521.920998,139.01902467344763
2017-10-15,San Francisco Bay,6509286.0,24279370012.16,76.10816833047433
2017-10-15,San Joaquin River,1601784.0,8996358768.944,123.08320412589963
2017-10-15,South Coast,19996822.0,90722865714.17499,96.89220664629609
2017-10-15,South Lahontan,839844.0,4184171959.5779195,119.39556620610492
2017-10-15,Tulare Lake,1911313.0,12960880433.949001,144.72706293537476
2017-11-15,Central Coast,1250538.0,3739838602.89,66.94533869918386
2017-11-15,Colorado River,772562.0,5558723008.554,168.38294667444165
2017-11-15,North Coast,404137.0,945128159.621,50.628713373930125
2017-11-15,North Lahontan,86074.0,233704937.0,56.031133233032044
2017-11-15,Sacramento River,2705671.0,10062377141.677,86.02113933150041
2017-11-15,San Francisco Bay,6464728.0,17881273911.059902,60.34769004156091
2017-11-15,San Joaquin River,1602114.0,6062209209.439,85.74886488052661
2017-11-15,South Coast,19728877.0,75975937531.35931,85.37763068866515
2017-11-15,South Lahontan,840282.0,3252241914.46784,96.36449017044276
2017-11-15,Tulare Lake,1912953.0,10078526664.573,117.96302395641715
2017-12-15,Central Coast,1237564.0,3560629855.52,62.50008859671095
2017-12-15,Colorado River,772562.0,4352424415.574,128.88220211348732
2017-12-15,North Coast,404135.0,923023482.734,47.78823535254309
2017-12-15,North Lahontan,88270.0,272654418.0,60.04850740342132
2017-12-15,Sacramento River,2706312.0,9181656574.557,73.64574081403032
2017-12-15,San Francisco Bay,6510547.0,17307264224.7956,55.55224839441294
2017-12-15,San Joaquin River,1424743.0,5006354601.082701,78.05266121384699
2017-12-15,South Coast,19438584.0,75635824732.429,82.70467355467868
2017-12-15,South Lahontan,719800.0,2469808534.8208,83.51044556293414
2017-12-15,Tulare Lake,1888557.0,8390029873.797,94.33720147191745
2018-01-15,Central Coast,1239809.0,3125775014.2799997,56.2944312499748
2018-01-15,Colorado River,772818.0,4120107983.7079997,120.26964836882682
2018-01-15,North Coast,404579.0,1000502592.6209999,52.606134596951385
2018-01-15,North Lahontan,91770.0,265637658.0,58.52309054484037
2018-01-15,Sacramento River,2711410.0,8432524879.667,69.25398597548877
2018-01-15,San Francisco Bay,6536302.0,16016080509.283699,52.15324909574252
2018-01-15,San Joaquin River,1425908.0,4586049977.644,71.36889544157128
2018-01-15,South Coast,19634105.0,66092384393.773,72.86382012863841
2018-01-15,South Lahontan,837521.0,2612098500.04,77.13790525825621
2018-01-15,Tulare Lake,1889773.0,7195779427.969,82.47214926316548
2018-02-15,Central Coast,1240085.0,3164862641.83,61.61107089683369
2018-02-15,Colorado River,772818.0,4154826940.017,136.14217512195626
2018-02-15,North Coast,403251.0,878421731.971,52.03372140354273
2018-02-15,North Lahontan,89554.0,242619568.0,56.91388950018983
2018-02-15,Sacramento River,2712584.0,8593079856.762001,76.53269340720877
2018-02-15,San Francisco Bay,6543711.0,16046120430.9465,56.48110398043251
2018-02-15,San Joaquin River,1426174.0,4610431673.8748,78.46126485428846
2018-02-15,South Coast,19612412.0,64608945476.392,78.74235670502945
2018-02-15,South Lahontan,842685.0,2651772947.54844,82.52612595584353
2018-02-15,Tulare Lake,1869741.0,7091960159.933001,88.55607162093574
2018-03-15,Central Coast,1197880.0,2837688281.33,51.71806673231041
2018-03-15,Colorado River,772818.0,4323386987.041,122.26337598490201
2018-03-15,North Coast,403254.0,914437987.7950001,49.59198452811379
2018-03-15,North Lahontan,89330.0,257181653.0,58.07812377812605
2018-03-15,Sacramento River,2716075.0,8773370170.909,71.84930575525345
2018-03-15,San Francisco Bay,6546250.0,16315350315.930101,51.69895798796257
2018-03-15,San Joaquin River,1405951.0,4616584839.722799,72.5523584466315
2018-03-15,South Coast,19615554.0,58220318778.85,64.1225268333334
2018-03-15,South Lahontan,850969.0,2638082032.9514804,73.2854939035382
2018-03-15,Tulare Lake,1869543.0,7299592463.729,81.04103210067916
2018-04-15,Central Coast,1211666.0,3398754826.8900003,60.578723501278404
2018-04-15,Colorado River,754737.0,5360000406.34,163.26000351460178
2018-04-15,North Coast,404946.0,1029555362.9959999,57.23834314896308
2018-04-15,North Lahontan,89586.0,237047167.0,57.7958032627866
2018-04-15,Sacramento River,2726884.0,10631466351.8,87.61437920171889
2018-04-15,San Francisco Bay,6577500.0,17653771435.9652,57.36689920939566
2018-04-15,San Joaquin River,1408712.0,5557207335.877,90.07153527456286
2018-04-15,South Coast,19512445.0,75005687826.546,82.21812525718332
2018-04-15,South Lahontan,845754.0,3430526503.288,94.60342236536867
2018-04-15,Tulare Lake,1847262.0,9435814375.393,110.88885987672566
2018-05-15,Central Coast,1243860.0,4413733159.67,71.69637205963691
2018-05-15,Colorado River,773532.0,6149907533.396999,175.3650940086512
2018-05-15,North Coast,406011.0,1223128390.017,64.66832229594765
2018-05-15,North Lahontan,89202.0,368349338.0,90.99019564023229
2018-05-15,Sacramento River,2727825.0,17174660206.01,136.7272335840092
2018-05-15,San Francisco Bay,6580924.0,23060314775.8703,71.11502104841206
2018-05-15,San Joaquin River,1412680.0,8203935329.079,126.59268079487214
2018-05-15,South Coast,19525063.0,80968433616.29799,84.67965622693767
2018-05-15,South Lahontan,843442.0,4213175527.866,116.80975029261052
2018-05-15,Tulare Lake,1838982.0,13302198866.358,157.90670589592503
2018-06-15,Central Coast,1244352.0,4888636700.02,84.08690513922105
2018-06-15,Colorado River,773760.0,6756380096.4279995,201.21215552755376
2018-06-15,North Coast,407509.0,1471468567.194,81.4363616815825
2018-06-15,North Lahontan,82839.0,526843200.0,139.76136522652374
2018-06-15,Sacramento River,2729915.0,21170234902.204002,170.2794195966541
2018-06-15,San Francisco Bay,6582594.0,25526210188.694595,81.89484605111602
2018-06-15,San Joaquin River,1415082.0,9518692265.865,152.58706850076535
2018-06-15,South Coast,19586083.0,87276337532.653,95.44482712508673
2018-06-15,South Lahontan,839599.0,5239632458.303999,151.98755724304104
2018-06-15,Tulare Lake,1848336.0,15267408926.188,183.54545575301245
2018-07-15,Central Coast,1239983.0,5182684727.799999,83.43830114219308
2018-07-15,Colorado River,774447.0,7342412436.9869995,207.88886340420976
2018-07-15,North Coast,407512.0,1734269180.855,87.66371161757199
2018-07-15,North Lahontan,82839.0,663775700.0,158.1129791523316
2018-07-15,Sacramento River,2711531.0,23794013713.636,197.4839340708257
2018-07-15,San Francisco Bay,6584364.0,27508334933.85408,85.77466530612524
2018-07-15,San Joaquin River,1419140.0,10534510364.287498,162.74248893090183
2018-07-15,South Coast,19797693.0,100874664083.15802,103.17803365177448
2018-07-15,South Lahontan,842285.0,5785953288.426,163.278625117389
2018-07-15,Tulare Lake,1853599.0,16777921563.096,196.63092206647718
2018-08-15,Central Coast,1244646.0,5141081030.209999,83.01397855342002
2018-08-15,Colorado River,774447.0,7300885377.472,210.32934295749095
2018-08-15,North Coast,384673.0,1460163219.0749998,79.41330678680333
2018-08-15,North Lahontan,82839.0,602306200.0,147.3563376911841
2018-08-15,Sacramento River,2578766.0,20783430299.166,169.39872940468425
2018-08-15,San Francisco Bay,6588374.0,27360387303.500237,84.69991533838243
2018-08-15,San Joaquin River,1419510.0,10371781642.972,154.26955885023705
2018-08-15,South Coast,19583379.0,100468788516.21501,105.918310543395
2018-08-15,South Lahontan,844326.0,5897529345.741599,159.80001064233485
2018-08-15,Tulare Lake,1855999.0,16641884623.202,191.50242866477836
2018-09-15,Central Coast,1227404.0,4621631024.860001,80.79714909491904
2018-09-15,Colorado River,774447.0,6882716066.384,207.23092725054138
2018-09-15,North Coast,384676.0,1343315374.0279999,77.26308153718973
2018-09-15,North Lahontan,82839.0,522213100.0,132.41471734328033
2018-09-15,Sacramento River,2579522.0,17857540479.629,150.59859838594124
2018-09-15,San Francisco Bay,6589011.0,24996132791.3724,80.66899950578319
2018-09-15,San Joaquin River,1419730.0,8956521605.314,143.9178739696985
2018-09-15,South Coast,19745344.0,90251413665.099,98.54201285549141
2018-09-15,South Lahontan,840902.0,4812862991.398,141.6171203954801
2018-09-15,Tulare Lake,1856445.0,14436159943.184,175.3234894834482
2018-10-15,Central Coast,1218877.0,4280222499.43,71.73540188304482
2018-10-15,Colorado River,774447.0,5547100973.037001,165.48677769982964
2018-10-15,North Coast,384679.0,1347391905.736,73.80031190265127
2018-10-15,North Lahontan,82839.0,324029400.0,82.8000296285566
2018-10-15,Sacramento River,2560532.0,15384444859.730999,128.6499706939027
2018-10-15,San Francisco Bay,6589772.0,23554792753.489117,73.6092783933951
2018-10-15,San Joaquin River,1420074.0,7805786833.635,117.48315336341626
2018-10-15,South Coast,19406073.0,80571591377.047,88.87709167666225
2018-10-15,South Lahontan,840604.0,3900276480.168,110.20550439600572
2018-10-15,Tulare Lake,1856523.0,12455141723.784,142.57382228272962
2018-11-15,Central Coast,1237185.0,3808029161.973,66.42559263279136
2018-11-15,Colorado River,774447.0,5394846143.159999,162.67747604277633
2018-11-15,North Coast,384682.0,1060104450.8610001,61.77643073993585
2018-11-15,North Lahontan,82839.0,229167150.0,55.35637302599017
2018-11-15,Sacramento River,2582915.0,11605910366.989,100.69257355600165
2018-11-15,San Francisco Bay,6590048.0,20007771403.19946,65.1921370913535
2018-11-15,San Joaquin River,1421571.0,6037237869.296,94.94677911627346
2018-11-15,South Coast,19720756.0,74348021259.717,85.18619720958975
2018-11-15,South Lahontan,719104.0,2852557451.912,100.75986492440593
2018-11-15,Tulare Lake,1826356.0,9813727730.077,121.06235539122713
2018-12-15,Central Coast,1239200.0,2918434552.0699997,52.10487355156552
2018-12-15,Colorado River,774447.0,4139067118.492,120.4431524955226
2018-12-15,North Coast,384685.0,961658187.1860001,55.659671765470456
2018-12-15,North Lahontan,84448.0,262541127.0,62.017249468311874
2018-12-15,Sacramento River,2548155.0,8127023583.995,68.77305072921386
2018-12-15,San Francisco Bay,6566626.0,16003382374.146,51.50198017341021
2018-12-15,San Joaquin River,1426524.0,4428754628.0877,69.18751455503026
2018-12-15,South Coast,19648126.0,58860876864.54,65.95939275186346
2018-12-15,South Lahontan,721053.0,2156553251.514,71.7390872263204
2018-12-15,Tulare Lake,1808909.0,7021848777.298,80.76815537210551
2019-01-15,Central Coast,1241361.0,2815309400.33,49.764661888121175
2019-01-15,Colorado River,784692.0,3942789818.0099998,116.2033650866837
2019-01-15,North Coast,384993.0,841899011.262,48.46513875473062
2019-01-15,North Lahontan,83501.0,250468009.0,59.80326817642903
2019-01-15,Sacramento River,2549673.0,7692205055.957001,65.83987698736269
2019-01-15,San Francisco Bay,6577377.0,15630921278.424398,48.5475940874455
2019-01-15,San Joaquin River,1427915.0,4270629950.9202003,65.88367166035793
2019-01-15,South Coast,19449949.0,54552126298.929,64.06684425275357
2019-01-15,South Lahontan,855567.0,2304385356.2819996,66.94807519983824
2019-01-15,Tulare Lake,1811403.0,6459134123.778,74.68549099526722
2019-02-15,Central Coast,1241386.0,2506431280.5699997,49.62814170741413
2019-02-15,Colorado River,747639.0,3101842790.526,106.36051570584196
2019-02-15,North Coast,384988.0,818037747.5929999,53.5110903719077
2019-02-15,North Lahontan,83501.0,211622934.0,53.94747559430426
2019-02-15,Sacramento River,2485384.0,6600149879.697,64.44985310632079
2019-02-15,San Francisco Bay,6575005.0,14016156289.74094,48.99959538018602
2019-02-15,San Joaquin River,1428056.0,3790755837.4080997,65.77813782351672
2019-02-15,South Coast,19580350.0,45803062073.93,58.44079616425141
2019-02-15,South Lahontan,837597.0,2137960779.162,64.75822371498467
2019-02-15,Tulare Lake,1811506.0,5578556398.789,71.7773108197268
2019-03-15,Central Coast,1241359.0,2844250274.65,48.42117133270875
2019-03-15,Colorado River,785249.0,4034064396.3449993,113.60295071868923
2019-03-15,North Coast,384912.0,893705073.342,51.48068854829156
2019-03-15,North Lahontan,83501.0,241859369.0,56.982202214344746
2019-03-15,Sacramento River,2486359.0,7351862715.241,67.60949710230904
2019-03-15,San Francisco Bay,6572277.0,15642127730.69248,48.84581057531507
2019-03-15,San Joaquin River,1430001.0,4356434130.1956005,66.77167975050367
2019-03-15,South Coast,19502983.0,54407959249.084,58.86626924395618
2019-03-15,South Lahontan,855888.0,2543730152.4119997,70.77050366297927
2019-03-15,Tulare Lake,1813586.0,6594512828.601,76.31697733837821
2019-04-15,Central Coast,1241357.0,3652312379.53,62.352521955730715
2019-04-15,Colorado River,785249.0,5332127749.565001,158.37360660643947
2019-04-15,North Coast,381898.0,978164303.646,58.626409515367996
2019-04-15,North Lahontan,83501.0,239444712.0,64.54522388594148
2019-04-15,Sacramento River,2470352.0,9534537962.742,83.80341396756414
2019-04-15,San Francisco Bay,6553162.0,18077072442.01488,58.28110269250173
2019-04-15,San Joaquin River,1418205.0,5975862346.729,96.52511505170267
2019-04-15,South Coast,19589449.0,72918962842.61499,79.19115876089216
2019-04-15,South Lahontan,848251.0,3510264866.0800004,94.90480408074968
2019-04-15,Tulare Lake,1813967.0,9624835471.524,116.35365103951726
2019-05-15,Central Coast,1241585.0,4027279578.5,66.54969643584612
2019-05-15,Colorado River,713569.0,5081983905.199999,161.22701707753558
2019-05-15,North Coast,374491.0,1005104926.158,58.07243211078504
2019-05-15,North Lahontan,83501.0,336275128.0,88.09043363313015
2019-05-15,Sacramento River,2472886.0,13407889692.28,116.56525050172151
2019-05-15,San Francisco Bay,6578853.0,22000285419.811596,68.01437537283475
2019-05-15,San Joaquin River,1415289.0,7471844597.927,113.19731706775083
2019-05-15,South Coast,19286438.0,69317021599.63899,75.08995286686427
2019-05-15,South Lahontan,850796.0,3861717833.9679995,103.71217172494934
2019-05-15,Tulare Lake,1814755.0,11157377728.52,132.096667274701
2019-06-15,Central Coast,1200531.0,4351082906.030001,76.95558664590918
2019-06-15,Colorado River,713618.0,5811487224.2,192.56827013864557
2019-06-15,North Coast,370334.0,1221081358.0570002,74.90539844113691
2019-06-15,North Lahontan,83501.0,483036246.0,124.91964461503456
2019-06-15,Sacramento River,2473912.0,17119635692.453,150.30259863503633
2019-06-15,San Francisco Bay,6579594.0,25025037269.247,79.5022506094601
2019-06-15,San Joaquin River,1399928.0,8914370328.393,144.94657427681994
2019-06-15,South Coast,19085593.0,77539975737.138,87.74533617678004
2019-06-15,South Lahontan,848549.0,4939932353.875999,140.56710553427084
2019-06-15,Tulare Lake,1818173.0,13743316314.753,169.99626357348836
2019-07-15,Central Coast,1206532.0,4844219252.26,81.32210591231728
2019-07-15,Colorado River,771459.0,7073910418.147,206.29533867114128
2019-07-15,North Coast,382433.0,1661694220.148,91.5404474629543
2019-07-15,North Lahontan,83501.0,621261964.0,146.2076150824541
2019-07-15,Sacramento River,2470303.0,19724239555.368,168.30638179567447
2019-07-15,San Francisco Bay,6579783.0,27172741883.7116,83.80226306255085
2019-07-15,San Joaquin River,1330666.0,9662173330.0,158.3312050867761
2019-07-15,South Coast,19094970.0,88961439785.977,98.51211190448583
2019-07-15,South Lahontan,852631.0,5420175081.462,147.0275642589819
2019-07-15,Tulare Lake,1809867.0,15946218358.744,194.94574909404946
2019-08-15,Central Coast,1206851.0,4945449300.72,82.60218428894703
2019-08-15,Colorado River,771459.0,7168533782.202999,208.5278248807778
2019-08-15,North Coast,382411.0,1537905634.578,85.36660516747686
2019-08-15,North Lahontan,83501.0,600934244.0,144.82105887354643
2019-08-15,Sacramento River,2549595.0,20668417782.851997,172.126498548593
2019-08-15,San Francisco Bay,6581819.0,27772284053.859695,86.18761334597625
2019-08-15,San Joaquin River,1331384.0,9623518833.3,154.84870541166185
2019-08-15,South Coast,19163745.0,92646210501.211,101.37428712837705
2019-08-15,South Lahontan,851869.0,5986383173.486,158.50179894232562
2019-08-15,Tulare Lake,1819000.0,16373005409.644001,195.09223577976908
2019-09-15,Central Coast,1206627.0,4732571942.27,83.59169608619729
2019-09-15,Colorado River,771459.0,6686446109.233999,202.20108364968198
2019-09-15,North Coast,382403.0,1425681165.781,84.89671848468763
2019-09-15,North Lahontan,83501.0,464842149.0,119.42051840337241
2019-09-15,Sacramento River,2539207.0,17523583147.342,156.32059743888544
2019-09-15,San Francisco Bay,6552274.0,25489834295.945198,82.71381153660546
2019-09-15,San Joaquin River,1331758.0,8500534029.0,142.73788975406944
2019-09-15,South Coast,18846128.0,83541546789.935,97.60185856683665
2019-09-15,South Lahontan,861513.0,4865302703.4939995,141.4146309599507
2019-09-15,Tulare Lake,1819720.0,14351531812.921999,178.2489053601653
2019-10-15,Central Coast,1247756.0,4768014508.03,76.9695821859402
2019-10-15,Colorado River,699779.0,4814145653.84,158.63164207314023
2019-10-15,North Coast,382395.0,1439816087.157,79.29924440277722
2019-10-15,North Lahontan,83501.0,282177860.0,70.99833167147699
2019-10-15,Sacramento River,2518552.0,14871781204.58,124.91820027678604
2019-10-15,San Francisco Bay,6553032.0,24329889810.105705,75.33945871475981
2019-10-15,San Joaquin River,1331965.0,7450360446.8,121.33748211807367
2019-10-15,South Coast,19219621.0,83767005144.239,93.63627396970523
2019-10-15,South Lahontan,851445.0,4048239642.46,111.9760224037959
2019-10-15,Tulare Lake,1820367.0,12463479543.559002,147.3404370543412
2019-11-15,Central Coast,1207444.0,3890999340.54,68.89551626998852
2019-11-15,Colorado River,730434.0,5228757972.379,166.39522360062645
2019-11-15,North Coast,382399.0,1161853255.0219998,69.31916950018174
2019-11-15,North Lahontan,83501.0,225520644.0,56.541195516221364
2019-11-15,Sacramento River,2357540.0,11292712246.839,110.3728900478889
2019-11-15,San Francisco Bay,6542041.0,20682382323.7168,67.37326227188122
2019-11-15,San Joaquin River,1332372.0,5943446159.5,100.27629992059275
2019-11-15,South Coast,19187122.0,69719339208.22101,81.13055536422296
2019-11-15,South Lahontan,853073.0,3320829668.6860003,95.35621608514161
2019-11-15,Tulare Lake,1821131.0,9850892258.626999,122.26688603593041
2019-12-15,Central Coast,1207353.0,2787002961.2339997,51.37338929327214
2019-12-15,Colorado River,711639.0,3609078416.289,113.27162588658014
2019-12-15,North Coast,382402.0,963288205.606,54.89869472387698
2019-12-15,North Lahontan,83501.0,246117984.0,61.4104409480126
2019-12-15,Sacramento River,2542375.0,8034310575.154999,68.23121885591229
2019-12-15,San Francisco Bay,6530277.0,15892467779.2758,52.339228375427254
2019-12-15,San Joaquin River,1332634.0,4312922183.9,71.72669458005724
2019-12-15,South Coast,19163049.0,52075880154.582,60.7350170760561
2019-12-15,South Lahontan,853518.0,2313230980.44,65.22803143015145
2019-12-15,Tulare Lake,1820660.0,7009847255.516001,86.89676299589159
2020-01-15,Central Coast,1200268.0,2763995642.4300003,49.48535324360893
2020-01-15,Colorado River,711848.0,3639467704.417,116.3144308320035
2020-01-15,North Coast,382408.0,841972862.961,50.502099348862984
2020-01-15,North Lahontan,94317.0,254557217.0,55.42786921021662
2020-01-15,Sacramento River,2706512.0,8079946684.497,67.55778776705961
2020-01-15,San Francisco Bay,6538847.0,15656114298.6777,51.80963730145391
2020-01-15,San Joaquin River,1351405.0,4138607065.7,65.03300304490512
2020-01-15,South Coast,19623937.0,58758710706.26128,67.3810621101413
2020-01-15,South Lahontan,856453.0,2326006811.6600003,67.3114926325204
2020-01-15,Tulare Lake,1766923.0,6396900922.141001,74.65591361027052
2020-02-15,Central Coast,1183569.0,3081513164.77,58.98111719122417
2020-02-15,Colorado River,730643.0,4042301794.8599997,134.68067403081943
2020-02-15,North Coast,381906.0,857499606.061,52.96422998748385
2020-02-15,North Lahontan,92498.0,230531106.0,52.07428240502497
2020-02-15,Sacramento River,2719253.0,9247718209.519,80.52710262443398
2020-02-15,San Francisco Bay,6533974.0,16862904091.6394,57.03725894625536
2020-02-15,San Joaquin River,1352855.0,4644878622.9,82.49392269267587
2020-02-15,South Coast,19737850.0,62655064929.417435,72.85393534366206
2020-02-15,South Lahontan,849441.0,2813669825.196,81.14647547422362
2020-02-15,Tulare Lake,1826868.0,7096638398.645,81.92726594296904
2020-03-15,Central Coast,1204748.0,3069985932.3599997,54.74314112868417
2020-03-15,Colorado River,724019.0,3675693424.0850005,113.78708327088103
2020-03-15,North Coast,381917.0,960776054.515,55.72271075731114
2020-03-15,North Lahontan,90916.0,235814594.0,53.639564546394475
2020-03-15,Sacramento River,2736063.0,10819695168.071,88.01721659274658
2020-03-15,San Francisco Bay,6537919.0,18499343621.658203,58.74460384786046
2020-03-15,San Joaquin River,1353067.0,5321801580.3,85.03881856995996
2020-03-15,South Coast,19742507.0,56524461758.55848,63.326989200262155
2020-03-15,South Lahontan,855825.0,2621031387.264,73.46038886010575
2020-03-15,Tulare Lake,1829630.0,7878762193.495,89.12429195979516
2020-04-15,Central Coast,1149174.0,3024551637.7999997,61.459320802419825
2020-04-15,Colorado River,724019.0,4143163827.906,134.4200975716107
2020-04-15,North Coast,379661.0,1056505920.4300001,67.1769050750538
2020-04-15,North Lahontan,88166.0,246256129.0,64.88684026041786
2020-04-15,Sacramento River,2741060.0,12050009623.424,100.01808488405946
2020-04-15,San Francisco Bay,6562489.0,18689482893.4333,64.61071443555943
2020-04-15,San Joaquin River,1354962.0,5815331218.9,96.06626255289817
2020-04-15,South Coast,19863087.0,58132856322.84628,67.83204529905146
2020-04-15,South Lahontan,866580.0,2909401681.114,79.39459173913546
2020-04-15,Tulare Lake,1833262.0,8307995026.723,98.45137371728644
2020-05-15,Central Coast,1184958.0,4311831632.030001,77.70396704094154
2020-05-15,Colorado River,742814.0,6478090608.499999,196.46114414941025
2020-05-15,North Coast,379946.0,1189203948.633,69.84503583693473
2020-05-15,North Lahontan,93061.0,440603321.0,106.89513214558193
2020-05-15,Sacramento River,2745286.0,17452658363.096,144.57164423123857
2020-05-15,San Francisco Bay,6543092.0,23662240971.692596,78.36963927614039
2020-05-15,San Joaquin River,1357228.0,8362635632.2,137.70370582989742
2020-05-15,South Coast,19866673.0,82374906620.83723,88.21936178963132
2020-05-15,South Lahontan,851819.0,4691621459.4,129.06859239310228
2020-05-15,Tulare Lake,1836417.0,12673941942.963001,152.47327672304274
2020-06-15,Central Coast,1202795.0,4678261458.43,87.26010235268686
2020-06-15,Colorado River,722279.0,7018483726.5060005,231.55608503888388
2020-06-15,North Coast,371757.0,1333821700.0970001,83.71740176701448
2020-06-15,North Lahontan,97443.0,577536360.0,136.28515640323062
2020-06-15,Sacramento River,2747589.0,21172313117.669,176.7981513965153
2020-06-15,San Francisco Bay,6542340.0,26279921749.5718,89.11909017564052
2020-06-15,San Joaquin River,1357614.0,9327330015.1,155.2300315767221
2020-06-15,South Coast,19882144.0,86903050451.47662,98.43368544575473
2020-06-15,South Lahontan,849575.0,5003759793.964001,140.00104077203306
2020-06-15,Tulare Lake,1836705.0,14942588982.508,183.47020635442274
2020-07-15,Central Coast,1203809.0,5069242659.73,92.78830108439129
2020-07-15,Colorado River,780814.0,7631076351.551001,217.25737654217264
2020-07-15,North Coast,379722.0,1737941902.681,99.67777537672298
2020-07-15,North Lahontan,104741.0,687940942.0,135.6581245644017
2020-07-15,Sacramento River,2748953.0,24219367782.107002,195.4357626445414
2020-07-15,San Francisco Bay,6582617.0,28230464345.4929,91.57821538104069
2020-07-15,San Joaquin River,1372967.0,10294440943.4,162.31635056632825
2020-07-15,South Coast,19797802.0,95206140983.67912,103.51577042612104
2020-07-15,South Lahontan,850548.0,5673707189.058001,157.09288103610845
2020-07-15,Tulare Lake,1809995.0,16415587365.097,200.4815741850116
2020-08-15,Central Coast,1201536.0,5147748487.469999,92.27674423221612
2020-08-15,Colorado River,780814.0,7951431666.715,230.29055958243578
2020-08-15,North Coast,380006.0,1577865785.482,92.99110155102814
2020-08-15,North Lahontan,102225.0,679761912.0,141.10776448031302
2020-08-15,Sacramento River,2766809.0,24810164538.36,193.42764428798662
2020-08-15,San Francisco Bay,6582756.0,28086550345.4923,90.55954849758977
2020-08-15,San Joaquin River,1381694.0,10194013097.5,161.59214150311138
2020-08-15,South Coast,19720751.0,97914689313.6285,107.3110136791748
2020-08-15,South Lahontan,850628.0,5896963536.904,160.96656544270823
2020-08-15,Tulare Lake,1837593.0,16422194092.366001,192.12134866915582
2020-09-15,Central Coast,1276343.0,4946616631.07,86.82901109552841
2020-09-15,Colorado River,778737.0,7079280451.624001,215.65273671855837
2020-09-15,North Coast,412363.0,1562650222.605,88.33354676704748
2020-09-15,North Lahontan,97494.0,591717127.0,134.24431124582028
2020-09-15,Sacramento River,2794911.0,21323475364.157,171.67502354547244
2020-09-15,San Francisco Bay,6639451.0,25748133318.337498,84.10784584016059
2020-09-15,San Joaquin River,1688836.0,10712756588.869999,147.17988518222018
2020-09-15,South Coast,20513985.0,95480820717.38449,105.23036290412126
2020-09-15,South Lahontan,875820.0,5562508327.295719,156.135917469343
2020-09-15,Tulare Lake,1912026.0,14738091546.908,173.69809758967713
2020-10-15,Central Coast,1289980.0,4877231519.47,82.80078955247367
2020-10-15,Colorado River,777841.0,6306867533.066,183.48699004475208
2020-10-15,North Coast,412506.0,1656219207.855,90.3138891604001
2020-10-15,North Lahontan,93508.0,443168732.0,104.37990056465758
2020-10-15,Sacramento River,2796329.0,19068449844.142,146.6996443314789
2020-10-15,San Francisco Bay,6545806.0,24303585641.021,77.581819428929
2020-10-15,San Joaquin River,1689100.0,9790506558.887,127.75975178888163
2020-10-15,South Coast,20541087.0,91708342154.6944,97.62976777853578
2020-10-15,South Lahontan,855687.0,4578164916.15588,126.75275393666142
2020-10-15,Tulare Lake,1942164.0,13261030639.973999,146.75139156353427
2020-11-15,Central Coast,1291255.0,4048859191.93,71.48629403727382
2020-11-15,Colorado River,778737.0,6084941389.617,182.03214439521943
2020-11-15,North Coast,412514.0,1202459217.071,69.3948898265271
2020-11-15,North Lahontan,90566.0,278284796.0,63.836770662279434
2020-11-15,Sacramento River,2797387.0,12976980424.425999,105.07455445009936
2020-11-15,San Francisco Bay,6684934.0,19804935560.3211,64.1916731050299
2020-11-15,San Joaquin River,1689619.0,7355384715.815,102.2381276484225
2020-11-15,South Coast,20508806.0,75877346259.15312,85.74430471866573
2020-11-15,South Lahontan,820821.0,3316616899.75264,97.59554537651934
2020-11-15,Tulare Lake,1974446.0,10043508548.326,113.70124554842218
2020-12-15,Central Coast,1292212.0,3655507221.05,64.60681565230783
2020-12-15,Colorado River,759942.0,4614958803.29,138.31925585426254
2020-12-15,North Coast,412517.0,1078247978.119,58.77950570958288
2020-12-15,North Lahontan,93430.0,276962810.0,61.08462782618003
2020-12-15,Sacramento River,2787973.0,10204243049.954998,79.42583189951985
2020-12-15,San Francisco Bay,6682166.0,17785727489.0351,57.15506184398891
2020-12-15,San Joaquin River,1689897.0,6118957339.271,80.59094006972022
2020-12-15,South Coast,20526700.0,75091807338.36139,82.2245485238543
2020-12-15,South Lahontan,859794.0,3047037272.91124,83.85983934954186
2020-12-15,Tulare Lake,1908604.0,8299264610.778999,91.39498353985425
2021-01-15,Central Coast,1293053.0,3336532464.12,60.07994410244592
2021-01-15,Colorado River,760860.0,4314153275.208,132.19347158662563
2021-01-15,North Coast,413118.0,1067349990.6767999,60.72034795070658
2021-01-15,North Lahontan,94148.0,277959757.0,60.74408070484768
2021-01-15,Sacramento River,2821054.0,9221961024.276375,72.16357227656755
2021-01-15,San Francisco Bay,6701024.0,16257140483.9982,53.02502222194698
2021-01-15,San Joaquin River,1690334.0,5638515934.848,75.49145205018652
2021-01-15,South Coast,20524696.0,65099592988.628845,72.38859249455875
2021-01-15,South Lahontan,860901.0,2635695854.574,75.95183314120905
2021-01-15,Tulare Lake,1981732.0,7671617234.3550005,85.38008255334222
2021-02-15,Central Coast,1292859.0,3042993065.329,60.67221534838679
2021-02-15,Colorado River,779717.0,3877174336.07,124.32940410174459
2021-02-15,North Coast,413124.0,924316343.9792,57.98782885283838
2021-02-15,North Lahontan,92748.0,252940514.0,60.998556513348
2021-02-15,Sacramento River,2832444.0,8313466026.170071,72.24642517546683
2021-02-15,San Francisco Bay,6679084.0,14885144499.4488,53.83758194117637
2021-02-15,San Joaquin River,1694001.0,5243742798.1675,78.08595278314476
2021-02-15,South Coast,20552947.0,59908880406.354004,73.02397461984893
2021-02-15,South Lahontan,816147.0,2390305582.45056,77.17727312726751
2021-02-15,Tulare Lake,1983377.0,7126783518.146156,83.78632182736816
2021-03-15,Central Coast,1156046.0,3285067707.4500003,64.55251882295342
2021-03-15,Colorado River,779829.0,4615327391.101001,130.07235690029478
2021-03-15,North Coast,384482.0,891972568.46592,52.39657528258801
2021-03-15,North Lahontan,92229.0,259276144.0,56.41619582560799
2021-03-15,Sacramento River,3811176.0,10762180823.645952,62.85972665305932
2021-03-15,San Francisco Bay,6678028.0,17925371176.5533,58.80350253245418
2021-03-15,San Joaquin River,1698396.0,6647243316.22571,87.00782079479697
2021-03-15,South Coast,20455086.0,66886483916.1644,72.03844070372034
2021-03-15,South Lahontan,845170.0,3022657685.35196,84.71491761539099
2021-03-15,Tulare Lake,1984591.0,8943416657.731361,94.75608663331639
2021-04-15,Central Coast,1294765.0,4297700786.690001,75.31018728448792
2021-04-15,Colorado River,779855.0,5742892967.244,171.48014954369722
2021-04-15,North Coast,386451.0,1250943878.46,74.79328554124585
2021-04-15,North Lahontan,91385.0,285140540.0,69.74131088581278
2021-04-15,Sacramento River,2835185.0,15910658129.824326,124.07066626357717
2021-04-15,San Francisco Bay,6678940.0,21473445023.376198,70.50288416402901
2021-04-15,San Joaquin River,1697434.0,8834622791.635,118.27145036054418
2021-04-15,South Coast,20512660.0,78609636915.67532,84.45964861654218
2021-04-15,South Lahontan,860766.0,4072047644.9960003,110.5008401728228
2021-04-15,Tulare Lake,1425208.0,8279274573.84,127.10737915027137
2021-05-15,Central Coast,1296843.0,4812139476.360001,80.95423285147085
2021-05-15,Colorado River,779985.0,6587945922.707999,191.27719718917672
2021-05-15,North Coast,414295.0,1398052350.4759998,72.80784129883295
2021-05-15,North Lahontan,93650.0,461870271.0,106.94952117245062
2021-05-15,Sacramento River,2841062.0,20986212970.252,159.61405098706047
2021-05-15,San Francisco Bay,6664533.0,24061894616.043995,74.70974187120086
2021-05-15,San Joaquin River,1702226.0,10299950200.704899,134.0010266868794
2021-05-15,South Coast,20369004.0,86813806777.231,90.24238328925655
2021-05-15,South Lahontan,836239.0,4436379111.684,124.71457582808264
2021-05-15,Tulare Lake,1985220.0,14527277091.69,155.77923037381248
2021-06-15,Central Coast,1293175.0,5093608787.66,88.46988937676649
2021-06-15,Colorado River,780206.0,7372790695.746,211.039697053086
2021-06-15,North Coast,414320.0,1452548123.616,77.30821561232864
2021-06-15,North Lahontan,97744.0,617913288.0,144.8783810382223
2021-06-15,Sacramento River,2841485.0,23341965361.188,179.92322843052133
2021-06-15,San Francisco Bay,6670422.0,25046185942.9562,79.99344110170242
2021-06-15,San Joaquin River,1702746.0,11646515268.464,155.28994647128818
2021-06-15,South Coast,20307515.0,91723007767.2348,99.99755246879788
2021-06-15,South Lahontan,862184.0,5440289642.0942,146.051831212711
2021-06-15,Tulare Lake,1986254.0,16256033587.039999,183.362244016878
2021-07-15,Central Coast,1293270.0,5212147271.440001,86.09802817045164
2021-07-15,Colorado River,780308.0,7506508631.934999,215.5579362385109
2021-07-15,North Coast,414740.0,1611137932.0750003,83.60651117471187
2021-07-15,North Lahontan,103768.0,687724755.0,135.97593549263743
2021-07-15,Sacramento River,2843785.0,25000200708.31928,187.29161063955257
2021-07-15,San Francisco Bay,6671142.0,25877553286.924698,80.67497820485609
2021-07-15,San Joaquin River,1706054.0,12403430598.416,155.750144126329
2021-07-15,South Coast,20452904.0,99311076526.22488,102.71916452605946
2021-07-15,South Lahontan,863361.0,5851177874.277599,158.42996350761732
2021-07-15,Tulare Lake,1982976.0,17655317228.313,196.33557483096112
2021-08-15,Central Coast,1293576.0,5169003883.32,86.01031631554697
2021-08-15,Colorado River,768253.0,7363552780.89,214.2292145657745
2021-08-15,North Coast,414722.0,1449838776.90276,73.74881813865674
2021-08-15,North Lahontan,97955.0,644655128.0,139.34594489306315
2021-08-15,Sacramento River,2844680.0,23480557328.072735,176.09058592565773
2021-08-15,San Francisco Bay,6683616.0,25440315703.503094,76.70193344168787
2021-08-15,San Joaquin River,1707768.0,12000962492.52883,152.75827859346234
2021-08-15,South Coast,20450713.0,99455323077.41368,103.0174243264379
2021-08-15,South Lahontan,856828.0,5772582758.664399,157.67591929757197
2021-08-15,Tulare Lake,1988146.0,17128192089.022001,185.85458032307486
2021-09-15,Central Coast,1293805.0,4811897491.6,84.43036255115724
2021-09-15,Colorado River,780471.0,6789077113.49872,206.87824877695653
2021-09-15,North Coast,414930.0,1359177676.7,70.9628784281686
2021-09-15,North Lahontan,91778.0,514489038.0,124.73609945738632
2021-09-15,Sacramento River,2847575.0,20634304961.101997,158.43529718532437
2021-09-15,San Francisco Bay,6662745.0,23833922384.455444,75.55374201490527
2021-09-15,San Joaquin River,1709120.0,10778952507.762001,139.4733932221845
2021-09-15,South Coast,20448448.0,91750318456.72672,100.76687876273544
2021-09-15,South Lahontan,856031.0,5114087095.1048,149.11551012147925
2021-09-15,Tulare Lake,1989966.0,15487285985.537998,173.07828040901205
2021-10-15,Central Coast,1284986.0,4303866951.809999,73.48276023069512
2021-10-15,Colorado River,780634.0,5713083223.99952,169.80641218343044
2021-10-15,North Coast,414931.0,1268589583.296,69.39726717430128
2021-10-15,North Lahontan,91707.0,331929613.0,79.8892667582627
2021-10-15,Sacramento River,2852199.0,15560027242.74132,116.07717628643721
2021-10-15,San Francisco Bay,6708682.0,20609842579.6206,62.037292278885765
2021-10-15,San Joaquin River,1712383.0,8510707131.203001,109.06739583948216
2021-10-15,South Coast,20441154.0,80548177857.37799,85.617094011977
2021-10-15,South Lahontan,858324.0,3978700250.9248004,109.93402466784103
2021-10-15,Tulare Lake,1988920.0,12530244674.5,137.38075044069143
2021-11-15,Central Coast,1293319.0,3556115511.12,63.80475880088362
2021-11-15,Colorado River,780674.0,5999858871.404,174.3554917177977
2021-11-15,North Coast,414998.0,911864121.28,50.27173836211259
2021-11-15,North Lahontan,87484.0,231411973.0,56.41118419025194
2021-11-15,Sacramento River,2853008.0,9457584448.67784,74.6394266233393
2021-11-15,San Francisco Bay,6708681.0,15846572187.571402,50.508785182646186
2021-11-15,San Joaquin River,1711777.0,6038605211.959209,78.46799180085956
2021-11-15,South Coast,20442017.0,76358530011.25009,82.89013360010414
2021-11-15,South Lahontan,854902.0,3370343180.3715997,99.01852337542782
2021-11-15,Tulare Lake,1990236.0,9065000202.651999,98.57176068456204
2021-12-15,Central Coast,1288017.0,3109619860.9900002,56.217473826432425
2021-12-15,Colorado River,780710.0,4406923994.225,132.68731545324127
2021-12-15,North Coast,414998.0,987764338.35464,53.43532815652124
2021-12-15,North Lahontan,91090.0,250900654.0,57.71057797672631
2021-12-15,Sacramento River,2855445.0,8916007522.02656,66.97594467779979
2021-12-15,San Francisco Bay,6708823.0,15540282703.648998,48.02864611024915
2021-12-15,San Joaquin River,1712083.0,5391136842.791,69.24352738313506
2021-12-15,South Coast,20440053.0,61104080987.139084,68.06071235582903
2021-12-15,South Lahontan,855772.0,2770375385.66,77.28905122661176
2021-12-15,Tulare Lake,1989363.0,7465317786.216,77.97793360311817
2022-01-15,Central Coast,1288530.0,3104755154.88,55.97869790645152
2022-01-15,Colorado River,738841.0,4455171885.083,133.65640470209422
2022-01-15,North Coast,416485.0,942861020.332,51.804221516501194
2022-01-15,North Lahontan,94945.0,266750108.0,56.94611360998473
2022-01-15,Sacramento River,2858830.0,8954568213.127,70.26633478367025
2022-01-15,San Francisco Bay,6715670.0,15487543162.629797,48.534868913272994
2022-01-15,San Joaquin River,1711936.0,5462207026.096001,72.15388637659352
2022-01-15,South Coast,20416117.0,62678685062.51424,68.44049425697355
2022-01-15,South Lahontan,853877.0,2536588380.6920004,73.93997199139922
2022-01-15,Tulare Lake,1998726.0,7144127938.525,72.40043526791565
2022-02-15,Central Coast,1275144.0,3409568936.4300003,64.6382954678844
2022-02-15,Colorado River,751012.0,4315143425.55,146.2518882670317
2022-02-15,North Coast,416519.0,891034530.73892,53.335455722307984
2022-02-15,North Lahontan,91458.0,233621663.0,56.114684794113145
2022-02-15,Sacramento River,2859263.0,10233112778.718,86.98010158838133
2022-02-15,San Francisco Bay,6824746.0,16601172559.0244,55.831731594172155
2022-02-15,San Joaquin River,1711829.0,5839248964.871,85.31031780154441
2022-02-15,South Coast,20808417.0,67039536349.84143,76.51244203114537
2022-02-15,South Lahontan,981086.0,2959073707.0359993,77.43358478645095
2022-02-15,Tulare Lake,2000337.0,7470795172.794001,84.56219911814858
2022-03-15,Central Coast,1290095.0,3966963456.21,65.22400372205149
2022-03-15,Colorado River,751056.0,4782542144.776999,139.54395596706505
2022-03-15,North Coast,416743.0,1021726724.0224401,52.84348593689636
2022-03-15,North Lahontan,91426.0,237376917.0,50.835713824295055
2022-03-15,Sacramento River,2879336.0,12762198994.5208,94.88127480745563
2022-03-15,San Francisco Bay,6727942.0,19078316542.7499,58.15647034006834
2022-03-15,San Joaquin River,1685290.0,7288866929.785,93.26106085130749
2022-03-15,South Coast,20171950.0,73580494268.34795,76.86505336428556
2022-03-15,South Lahontan,851491.0,3265577092.766,90.28342216629417
2022-03-15,Tulare Lake,2003314.0,9026834786.803001,92.87099872211745
2022-04-15,Central Coast,1290700.0,4000507651.38,70.7017274310839
2022-04-15,Colorado River,749977.0,5958503524.882999,189.00351651703986
2022-04-15,North Coast,416399.0,999214243.99072,55.29482047219133
2022-04-15,North Lahontan,88699.0,218589577.0,53.978692790223114
2022-04-15,Sacramento River,2879754.0,12854275869.46752,99.8055987250647
2022-04-15,San Francisco Bay,6732056.0,18707606671.5622,59.427074318202344
2022-04-15,San Joaquin River,1720528.0,7851532881.167,103.29988691948053
2022-04-15,South Coast,20412881.0,76552728261.60757,80.72818093294623
2022-04-15,South Lahontan,857145.0,3640861682.7660003,107.04382100379749
2022-04-15,Tulare Lake,2004635.0,10649960860.927,116.10005418203313
2022-05-15,Central Coast,1279465.0,4566516297.969,74.7822944740966
2022-05-15,Colorado River,755845.0,6450159034.545001,185.96476026010626
2022-05-15,North Coast,416339.0,1276372024.1248,63.973323125625996
2022-05-15,North Lahontan,89721.0,358507092.0,85.88189772182655
2022-05-15,Sacramento River,2883359.0,17413646625.10524,131.8210086568478
2022-05-15,San Francisco Bay,6713731.0,21898715546.8195,64.81085614541304
2022-05-15,San Joaquin River,1719028.0,9827615233.436,124.94001920562084
2022-05-15,South Coast,20416464.0,84256521798.23729,84.98438271104635
2022-05-15,South Lahontan,859726.0,4265427518.3910003,115.45892133156379
2022-05-15,Tulare Lake,1976896.0,13387327727.309,140.93960036764705
2022-06-15,Central Coast,1289350.0,4743863397.92,80.4204699239927
2022-06-15,Colorado River,754061.0,6884645540.294001,214.75432636325178
2022-06-15,North Coast,416327.0,1357000934.56504,71.35510043619558
2022-06-15,North Lahontan,95696.0,496761355.0,116.00654296940311
2022-06-15,Sacramento River,2883555.0,19747674118.778,152.90345861230318
2022-06-15,San Francisco Bay,6713847.0,23086037781.891296,71.5683101471928
2022-06-15,San Joaquin River,1720683.0,10866322820.595001,138.32447542365443
2022-06-15,South Coast,20397489.0,85421169066.86205,91.87913674327757
2022-06-15,South Lahontan,866515.0,4515639763.056001,124.64820115174001
2022-06-15,Tulare Lake,2005853.0,15256544440.814999,164.21198376516122
2022-07-15,Central Coast,1291185.0,4991888267.77,81.56405436897114
2022-07-15,Colorado River,760599.0,7156642431.711,207.09556551034115
2022-07-15,North Coast,416321.0,1397872551.47256,71.81660521184375
2022-07-15,North Lahontan,94632.0,525139456.0,112.84459054019781
2022-07-15,Sacramento River,2868690.0,21712786417.28836,164.18426462357382
2022-07-15,San Francisco Bay,6700798.0,23443310951.500603,71.2094499254268
2022-07-15,San Joaquin River,1699905.0,11186720770.7,144.74481481629854
2022-07-15,South Coast,20217909.0,90046862979.94849,93.28807418495651
2022-07-15,South Lahontan,861053.0,4828663916.875999,131.96445454774562
2022-07-15,Tulare Lake,1978365.0,16423679482.251,179.7658628613021
2022-08-15,Central Coast,1291487.0,5063775453.690001,82.1090545273007
2022-08-15,Colorado River,740785.0,7528912814.537999,222.53305439688975
2022-08-15,North Coast,416318.0,1557943746.65188,77.74628881768264
2022-08-15,North Lahontan,98132.0,567517707.0,121.56594338849713
2022-08-15,Sacramento River,2888279.0,22278029563.955006,163.0672986481223
2022-08-15,San Francisco Bay,6719668.0,23995675306.756104,71.97125272116124
2022-08-15,San Joaquin River,1723030.0,11441890586.691,144.2268139103788
2022-08-15,South Coast,20191613.0,92058946595.0342,94.88358080208847
2022-08-15,South Lahontan,857762.0,4946942155.314,133.39810739948845
2022-08-15,Tulare Lake,1983034.0,16190181649.141,171.59304911983355
2022-09-15,Central Coast,1260155.0,4569755097.27,79.17101820664918
2022-09-15,Colorado River,728621.0,5911470990.070999,195.4922142677743
2022-09-15,North Coast,416301.0,1337882590.06284,69.62697236686917
2022-09-15,North Lahontan,93133.0,521420939.0,125.32917845446835
2022-09-15,Sacramento River,2891110.0,19148412166.695,148.55064361397527
2022-09-15,San Francisco Bay,6697661.0,22352603993.3209,70.8425396542614
2022-09-15,San Joaquin River,1723261.0,10277900292.585,129.75910439254415
2022-09-15,South Coast,20354700.0,84453137833.51903,90.63087846946897
2022-09-15,South Lahontan,871860.0,4430414098.46,128.60595833597137
2022-09-15,Tulare Lake,1983683.0,14757830878.948,167.2374651485141
2022-10-15,Central Coast,1271151.0,4311482586.82,71.53947373128761
2022-10-15,Colorado River,690681.0,5684828858.511001,185.2960359181735
2022-10-15,North Coast,400420.0,1207548952.85988,64.24214284426351
2022-10-15,North Lahontan,91159.0,427985470.0,107.86040864314
2022-10-15,Sacramento River,2889229.0,17177037291.620998,125.87957488229559
2022-10-15,San Francisco Bay,6508385.0,20323703645.9761,62.908454596770156
2022-10-15,San Joaquin River,1624836.0,8444662910.382999,111.74511005147599
2022-10-15,South Coast,19876069.0,76333869021.8024,81.05136758863134
2022-10-15,South Lahontan,824128.0,3513144039.298,100.82546487899937
2022-10-15,Tulare Lake,1936363.0,12577672475.132,137.7681944125146
