STATION_ID,DURATION,SENSOR_NUMBER,SENSOR_TYPE,DATE TIME,OBS DATE,VALUE,DATA_FLAG,UNITS
SWV,D,15,STORAGE,2021-10-01,20211001 0000,12600000, ,AF
SWV,D,15,STORAGE,2021-10-02,20211002 0000,12500000, ,AF
SWV,D,15,STORAGE,2021-10-03,20211003 0000,12500000, ,AF
SWV,D,15,STORAGE,2021-10-04,20211004 0000,12500000, ,AF
SWV,D,15,STORAGE,2021-10-05,20211005 0000,12400000, ,AF
SWV,D,15,STORAGE,2021-10-06,20211006 0000,12400000, ,AF
SWV,D,15,STORAGE,2021-10-07,20211007 0000,12400000, ,AF
SWV,D,15,STORAGE,2021-10-08,20211008 0000,12300000, ,AF
SWV,D,15,STORAGE,2021-10-09,20211009 0000,12300000, ,AF
SWV,D,15,STORAGE,2021-10-10,20211010 0000,12300000, ,AF
SWV,D,15,STORAGE,2021-10-11,20211011 0000,12200000, ,AF
SWV,D,15,STORAGE,2021-10-12,20211012 0000,12200000, ,AF
SWV,D,15,STORAGE,2021-10-13,20211013 0000,12200000, ,AF
SWV,D,15,STORAGE,2021-10-14,20211014 0000,12200000, ,AF
SWV,D,15,STORAGE,2021-10-15,20211015 0000,12100000, ,AF
SWV,D,15,STORAGE,2021-10-16,20211016 0000,12100000, ,AF
SWV,D,15,STORAGE,2021-10-17,20211017 0000,12100000, ,AF
SWV,D,15,STORAGE,2021-10-18,20211018 0000,12100000, ,AF
SWV,D,15,STORAGE,2021-10-19,20211019 0000,12100000, ,AF
SWV,D,15,STORAGE,2021-10-20,20211020 0000,12100000, ,AF
SWV,D,15,STORAGE,2021-10-21,20211021 0000,12100000, ,AF
SWV,D,15,STORAGE,2021-10-22,20211022 0000,12100000, ,AF
SWV,D,15,STORAGE,2021-10-23,20211023 0000,12000000, ,AF
SWV,D,15,STORAGE,2021-10-24,20211024 0000,12200000, ,AF
SWV,D,15,STORAGE,2021-10-25,20211025 0000,12500000, ,AF
SWV,D,15,STORAGE,2021-10-26,20211026 0000,12800000, ,AF
SWV,D,15,STORAGE,2021-10-27,20211027 0000,13000000, ,AF
SWV,D,15,STORAGE,2021-10-28,20211028 0000,13000000, ,AF
SWV,D,15,STORAGE,2021-10-29,20211029 0000,13100000, ,AF
SWV,D,15,STORAGE,2021-10-30,20211030 0000,13100000, ,AF
SWV,D,15,STORAGE,2021-10-31,20211031 0000,13200000, ,AF
SWV,D,15,STORAGE,2021-11-01,20211101 0000,13300000, ,AF
SWV,D,15,STORAGE,2021-11-02,20211102 0000,13300000, ,AF
SWV,D,15,STORAGE,2021-11-03,20211103 0000,13300000, ,AF
SWV,D,15,STORAGE,2021-11-04,20211104 0000,13400000, ,AF
SWV,D,15,STORAGE,2021-11-05,20211105 0000,13400000, ,AF
SWV,D,15,STORAGE,2021-11-06,20211106 0000,13400000, ,AF
SWV,D,15,STORAGE,2021-11-07,20211107 0000,13500000, ,AF
SWV,D,15,STORAGE,2021-11-08,20211108 0000,13500000, ,AF
SWV,D,15,STORAGE,2021-11-09,20211109 0000,13600000, ,AF
SWV,D,15,STORAGE,2021-11-10,20211110 0000,13600000, ,AF
SWV,D,15,STORAGE,2021-11-11,20211111 0000,13700000, ,AF
SWV,D,15,STORAGE,2021-11-12,20211112 0000,13700000, ,AF
SWV,D,15,STORAGE,2021-11-13,20211113 0000,13800000, ,AF
SWV,D,15,STORAGE,2021-11-14,20211114 0000,13800000, ,AF
SWV,D,15,STORAGE,2021-11-15,20211115 0000,13900000, ,AF
SWV,D,15,STORAGE,2021-11-16,20211116 0000,13900000, ,AF
SWV,D,15,STORAGE,2021-11-17,20211117 0000,13900000, ,AF
SWV,D,15,STORAGE,2021-11-18,20211118 0000,13900000, ,AF
SWV,D,15,STORAGE,2021-11-19,20211119 0000,13900000, ,AF
SWV,D,15,STORAGE,2021-11-20,20211120 0000,13900000, ,AF
SWV,D,15,STORAGE,2021-11-21,20211121 0000,13900000, ,AF
SWV,D,15,STORAGE,2021-11-22,20211122 0000,13900000, ,AF
SWV,D,15,STORAGE,2021-11-23,20211123 0000,13900000, ,AF
SWV,D,15,STORAGE,2021-11-24,20211124 0000,13900000, ,AF
SWV,D,15,STORAGE,2021-11-25,20211125 0000,13900000, ,AF
SWV,D,15,STORAGE,2021-11-26,20211126 0000,13800000, ,AF
SWV,D,15,STORAGE,2021-11-27,20211127 0000,13800000, ,AF
SWV,D,15,STORAGE,2021-11-28,20211128 0000,13900000, ,AF
SWV,D,15,STORAGE,2021-11-29,20211129 0000,13900000, ,AF
SWV,D,15,STORAGE,2021-11-30,20211130 0000,---, ,AF
SWV,D,15,STORAGE,2021-12-01,20211201 0000,14000000, ,AF
SWV,D,15,STORAGE,2021-12-02,20211202 0000,14000000, ,AF
SWV,D,15,STORAGE,2021-12-03,20211203 0000,14000000, ,AF
SWV,D,15,STORAGE,2021-12-04,20211204 0000,13900000, ,AF
SWV,D,15,STORAGE,2021-12-05,20211205 0000,13900000, ,AF
SWV,D,15,STORAGE,2021-12-06,20211206 0000,13900000, ,AF
SWV,D,15,STORAGE,2021-12-07,20211207 0000,13900000, ,AF
SWV,D,15,STORAGE,2021-12-08,20211208 0000,13900000, ,AF
SWV,D,15,STORAGE,2021-12-09,20211209 0000,13900000, ,AF
SWV,D,15,STORAGE,2021-12-10,20211210 0000,13900000, ,AF
SWV,D,15,STORAGE,2021-12-11,20211211 0000,13900000, ,AF
SWV,D,15,STORAGE,2021-12-12,20211212 0000,13900000, ,AF
SWV,D,15,STORAGE,2021-12-13,20211213 0000,14000000, ,AF
SWV,D,15,STORAGE,2021-12-14,20211214 0000,14100000, ,AF
SWV,D,15,STORAGE,2021-12-15,20211215 0000,14300000, ,AF
SWV,D,15,STORAGE,2021-12-16,20211216 0000,14400000, ,AF
SWV,D,15,STORAGE,2021-12-17,20211217 0000,14500000, ,AF
SWV,D,15,STORAGE,2021-12-18,20211218 0000,14500000, ,AF
SWV,D,15,STORAGE,2021-12-19,20211219 0000,14600000, ,AF
SWV,D,15,STORAGE,2021-12-20,20211220 0000,14600000, ,AF
SWV,D,15,STORAGE,2021-12-21,20211221 0000,14700000, ,AF
SWV,D,15,STORAGE,2021-12-22,20211222 0000,14700000, ,AF
SWV,D,15,STORAGE,2021-12-23,20211223 0000,14800000, ,AF
SWV,D,15,STORAGE,2021-12-24,20211224 0000,15100000, ,AF
SWV,D,15,STORAGE,2021-12-25,20211225 0000,15300000, ,AF
SWV,D,15,STORAGE,2021-12-26,20211226 0000,15500000, ,AF
SWV,D,15,STORAGE,2021-12-27,20211227 0000,15700000, ,AF
SWV,D,15,STORAGE,2021-12-28,20211228 0000,15800000, ,AF
SWV,D,15,STORAGE,2021-12-29,20211229 0000,15900000, ,AF
SWV,D,15,STORAGE,2021-12-30,20211230 0000,16000000, ,AF
SWV,D,15,STORAGE,2021-12-31,20211231 0000,16000000, ,AF
SWV,D,15,STORAGE,2022-01-01,20220101 0000,16100000, ,AF
SWV,D,15,STORAGE,2022-01-02,20220102 0000,16100000, ,AF
SWV,D,15,STORAGE,2022-01-03,20220103 0000,16100000, ,AF
SWV,D,15,STORAGE,2022-01-04,20220104 0000,16100000, ,AF
SWV,D,15,STORAGE,2022-01-05,20220105 0000,16200000, ,AF
SWV,D,15,STORAGE,2022-01-06,20220106 0000,16300000, ,AF
SWV,D,15,STORAGE,2022-01-07,20220107 0000,16400000, ,AF
SWV,D,15,STORAGE,2022-01-08,20220108 0000,16500000, ,AF
SWV,D,15,STORAGE,2022-01-09,20220109 0000,16500000, ,AF
SWV,D,15,STORAGE,2022-01-10,20220110 0000,16600000, ,AF
SWV,D,15,STORAGE,2022-01-11,20220111 0000,16600000, ,AF
SWV,D,15,STORAGE,2022-01-12,20220112 0000,16600000, ,AF
SWV,D,15,STORAGE,2022-01-13,20220113 0000,16700000, ,AF
SWV,D,15,STORAGE,2022-01-14,20220114 0000,16700000, ,AF
SWV,D,15,STORAGE,2022-01-15,20220115 0000,16800000, ,AF
SWV,D,15,STORAGE,2022-01-16,20220116 0000,16800000, ,AF
SWV,D,15,STORAGE,2022-01-17,20220117 0000,16900000, ,AF
SWV,D,15,STORAGE,2022-01-18,20220118 0000,16900000, ,AF
SWV,D,15,STORAGE,2022-01-19,20220119 0000,16900000,r,AF
SWV,D,15,STORAGE,2022-01-20,20220120 0000,17000000, ,AF
SWV,D,15,STORAGE,2022-01-21,20220121 0000,17100000, ,AF
SWV,D,15,STORAGE,2022-01-22,20220122 0000,17000000, ,AF
SWV,D,15,STORAGE,2022-01-23,20220123 0000,17100000, ,AF
SWV,D,15,STORAGE,2022-01-24,20220124 0000,17100000, ,AF
SWV,D,15,STORAGE,2022-01-25,20220125 0000,17100000, ,AF
SWV,D,15,STORAGE,2022-01-26,20220126 0000,17200000, ,AF
SWV,D,15,STORAGE,2022-01-27,20220127 0000,17200000, ,AF
SWV,D,15,STORAGE,2022-01-28,20220128 0000,17200000, ,AF
SWV,D,15,STORAGE,2022-01-29,20220129 0000,17200000, ,AF
SWV,D,15,STORAGE,2022-01-30,20220130 0000,17200000, ,AF
SWV,D,15,STORAGE,2022-01-31,20220131 0000,17200000, ,AF
SWV,D,15,STORAGE,2022-02-01,20220201 0000,17200000, ,AF
SWV,D,15,STORAGE,2022-02-02,20220202 0000,17200000, ,AF
SWV,D,15,STORAGE,2022-02-03,20220203 0000,17200000, ,AF
SWV,D,15,STORAGE,2022-02-04,20220204 0000,17200000, ,AF
SWV,D,15,STORAGE,2022-02-05,20220205 0000,17200000, ,AF
SWV,D,15,STORAGE,2022-02-06,20220206 0000,17200000, ,AF
SWV,D,15,STORAGE,2022-02-07,20220207 0000,17200000, ,AF
SWV,D,15,STORAGE,2022-02-08,20220208 0000,17200000, ,AF
SWV,D,15,STORAGE,2022-02-09,20220209 0000,17200000, ,AF
SWV,D,15,STORAGE,2022-02-10,20220210 0000,17200000, ,AF
SWV,D,15,STORAGE,2022-02-11,20220211 0000,17300000, ,AF
SWV,D,15,STORAGE,2022-02-12,20220212 0000,17300000,r,AF
SWV,D,15,STORAGE,2022-02-13,20220213 0000,17300000,r,AF
SWV,D,15,STORAGE,2022-02-14,20220214 0000,17300000,r,AF
SWV,D,15,STORAGE,2022-02-15,20220215 0000,17400000, ,AF
SWV,D,15,STORAGE,2022-02-16,20220216 0000,17400000, ,AF
SWV,D,15,STORAGE,2022-02-17,20220217 0000,17400000, ,AF
SWV,D,15,STORAGE,2022-02-18,20220218 0000,17400000, ,AF
SWV,D,15,STORAGE,2022-02-19,20220219 0000,17500000,r,AF
SWV,D,15,STORAGE,2022-02-20,20220220 0000,17500000,r,AF
SWV,D,15,STORAGE,2022-02-21,20220221 0000,17500000, ,AF
SWV,D,15,STORAGE,2022-02-22,20220222 0000,17500000, ,AF
SWV,D,15,STORAGE,2022-02-23,20220223 0000,17500000, ,AF
SWV,D,15,STORAGE,2022-02-24,20220224 0000,17500000, ,AF
SWV,D,15,STORAGE,2022-02-25,20220225 0000,17500000, ,AF
SWV,D,15,STORAGE,2022-02-26,20220226 0000,17500000, ,AF
SWV,D,15,STORAGE,2022-02-27,20220227 0000,17500000, ,AF
SWV,D,15,STORAGE,2022-02-28,20220228 0000,17500000, ,AF
SWV,D,15,STORAGE,2022-03-01,20220301 0000,17500000, ,AF
SWV,D,15,STORAGE,2022-03-02,20220302 0000,17500000, ,AF
SWV,D,15,STORAGE,2022-03-03,20220303 0000,17500000, ,AF
SWV,D,15,STORAGE,2022-03-04,20220304 0000,17500000, ,AF
SWV,D,15,STORAGE,2022-03-05,20220305 0000,17500000, ,AF
SWV,D,15,STORAGE,2022-03-06,20220306 0000,17500000, ,AF
SWV,D,15,STORAGE,2022-03-07,20220307 0000,17500000, ,AF
SWV,D,15,STORAGE,2022-03-08,20220308 0000,17500000, ,AF
SWV,D,15,STORAGE,2022-03-09,20220309 0000,17500000, ,AF
SWV,D,15,STORAGE,2022-03-10,20220310 0000,17500000, ,AF
SWV,D,15,STORAGE,2022-03-11,20220311 0000,17500000, ,AF
SWV,D,15,STORAGE,2022-03-12,20220312 0000,17500000, ,AF
SWV,D,15,STORAGE,2022-03-13,20220313 0000,17500000, ,AF
SWV,D,15,STORAGE,2022-03-14,20220314 0000,17500000, ,AF
SWV,D,15,STORAGE,2022-03-15,20220315 0000,17500000, ,AF
SWV,D,15,STORAGE,2022-03-16,20220316 0000,17600000, ,AF
SWV,D,15,STORAGE,2022-03-17,20220317 0000,17600000, ,AF
SWV,D,15,STORAGE,2022-03-18,20220318 0000,17600000, ,AF
SWV,D,15,STORAGE,2022-03-19,20220319 0000,17600000,r,AF
SWV,D,15,STORAGE,2022-03-20,20220320 0000,17600000,r,AF
SWV,D,15,STORAGE,2022-03-21,20220321 0000,17700000, ,AF
SWV,D,15,STORAGE,2022-03-22,20220322 0000,17700000, ,AF
SWV,D,15,STORAGE,2022-03-23,20220323 0000,17700000, ,AF
SWV,D,15,STORAGE,2022-03-24,20220324 0000,17800000, ,AF
SWV,D,15,STORAGE,2022-03-25,20220325 0000,17800000, ,AF
SWV,D,15,STORAGE,2022-03-26,20220326 0000,17900000, ,AF
SWV,D,15,STORAGE,2022-03-27,20220327 0000,17900000, ,AF
SWV,D,15,STORAGE,2022-03-28,20220328 0000,18000000, ,AF
SWV,D,15,STORAGE,2022-03-29,20220329 0000,18100000, ,AF
SWV,D,15,STORAGE,2022-03-30,20220330 0000,18200000, ,AF
SWV,D,15,STORAGE,2022-03-31,20220331 0000,18200000, ,AF
SWV,D,15,STORAGE,2022-04-01,20220401 0000,18200000, ,AF
SWV,D,15,STORAGE,2022-04-02,20220402 0000,18300000,r,AF
SWV,D,15,STORAGE,2022-04-03,20220403 0000,18300000, ,AF
SWV,D,15,STORAGE,2022-04-04,20220404 0000,18300000, ,AF
SWV,D,15,STORAGE,2022-04-05,20220405 0000,18400000, ,AF
SWV,D,15,STORAGE,2022-04-06,20220406 0000,18400000, ,AF
SWV,D,15,STORAGE,2022-04-07,20220407 0000,18500000, ,AF
SWV,D,15,STORAGE,2022-04-08,20220408 0000,18500000, ,AF
SWV,D,15,STORAGE,2022-04-09,20220409 0000,18600000, ,AF
SWV,D,15,STORAGE,2022-04-10,20220410 0000,18600000, ,AF
SWV,D,15,STORAGE,2022-04-11,20220411 0000,18700000, ,AF
SWV,D,15,STORAGE,2022-04-12,20220412 0000,18700000, ,AF
SWV,D,15,STORAGE,2022-04-13,20220413 0000,18700000, ,AF
SWV,D,15,STORAGE,2022-04-14,20220414 0000,18800000, ,AF
SWV,D,15,STORAGE,2022-04-15,20220415 0000,18800000, ,AF
SWV,D,15,STORAGE,2022-04-16,20220416 0000,18800000, ,AF
SWV,D,15,STORAGE,2022-04-17,20220417 0000,18900000, ,AF
SWV,D,15,STORAGE,2022-04-18,20220418 0000,19000000, ,AF
SWV,D,15,STORAGE,2022-04-19,20220419 0000,19000000, ,AF
SWV,D,15,STORAGE,2022-04-20,20220420 0000,19100000, ,AF
SWV,D,15,STORAGE,2022-04-21,20220421 0000,19100000, ,AF
SWV,D,15,STORAGE,2022-04-22,20220422 0000,19200000, ,AF
SWV,D,15,STORAGE,2022-04-23,20220423 0000,19300000, ,AF
SWV,D,15,STORAGE,2022-04-24,20220424 0000,19400000, ,AF
SWV,D,15,STORAGE,2022-04-25,20220425 0000,19400000, ,AF
SWV,D,15,STORAGE,2022-04-26,20220426 0000,19500000, ,AF
SWV,D,15,STORAGE,2022-04-27,20220427 0000,19500000, ,AF
SWV,D,15,STORAGE,2022-04-28,20220428 0000,19600000, ,AF
SWV,D,15,STORAGE,2022-04-29,20220429 0000,19600000, ,AF
SWV,D,15,STORAGE,2022-04-30,20220430 0000,19700000,r,AF
SWV,D,15,STORAGE,2022-05-01,20220501 0000,19700000, ,AF
SWV,D,15,STORAGE,2022-05-02,20220502 0000,19700000, ,AF
SWV,D,15,STORAGE,2022-05-03,20220503 0000,19800000, ,AF
SWV,D,15,STORAGE,2022-05-04,20220504 0000,19800000, ,AF
SWV,D,15,STORAGE,2022-05-05,20220505 0000,19800000, ,AF
SWV,D,15,STORAGE,2022-05-06,20220506 0000,19900000, ,AF
SWV,D,15,STORAGE,2022-05-07,20220507 0000,19900000, ,AF
SWV,D,15,STORAGE,2022-05-08,20220508 0000,20000000, ,AF
SWV,D,15,STORAGE,2022-05-09,20220509 0000,20000000, ,AF
SWV,D,15,STORAGE,2022-05-10,20220510 0000,20000000, ,AF
SWV,D,15,STORAGE,2022-05-11,20220511 0000,20100000, ,AF
SWV,D,15,STORAGE,2022-05-12,20220512 0000,20100000, ,AF
SWV,D,15,STORAGE,2022-05-13,20220513 0000,20100000, ,AF
SWV,D,15,STORAGE,2022-05-14,20220514 0000,20100000, ,AF
SWV,D,15,STORAGE,2022-05-15,20220515 0000,20100000, ,AF
SWV,D,15,STORAGE,2022-05-16,20220516 0000,20100000, ,AF
SWV,D,15,STORAGE,2022-05-17,20220517 0000,20100000, ,AF
SWV,D,15,STORAGE,2022-05-18,20220518 0000,20200000, ,AF
SWV,D,15,STORAGE,2022-05-19,20220519 0000,20200000, ,AF
SWV,D,15,STORAGE,2022-05-20,20220520 0000,20200000, ,AF
SWV,D,15,STORAGE,2022-05-21,20220521 0000,20300000, ,AF
SWV,D,15,STORAGE,2022-05-22,20220522 0000,20300000, ,AF
SWV,D,15,STORAGE,2022-05-23,20220523 0000,20300000, ,AF
SWV,D,15,STORAGE,2022-05-24,20220524 0000,20300000, ,AF
SWV,D,15,STORAGE,2022-05-25,20220525 0000,20300000, ,AF
SWV,D,15,STORAGE,2022-05-26,20220526 0000,20300000, ,AF
SWV,D,15,STORAGE,2022-05-27,20220527 0000,20400000, ,AF
SWV,D,15,STORAGE,2022-05-28,20220528 0000,20400000, ,AF
SWV,D,15,STORAGE,2022-05-29,20220529 0000,20400000, ,AF
SWV,D,15,STORAGE,2022-05-30,20220530 0000,20400000, ,AF
SWV,D,15,STORAGE,2022-05-31,20220531 0000,20300000, ,AF
SWV,D,15,STORAGE,2022-06-01,20220601 0000,20300000, ,AF
SWV,D,15,STORAGE,2022-06-02,20220602 0000,20300000, ,AF
SWV,D,15,STORAGE,2022-06-03,20220603 0000,20300000, ,AF
SWV,D,15,STORAGE,2022-06-04,20220604 0000,20300000, ,AF
SWV,D,15,STORAGE,2022-06-05,20220605 0000,20300000, ,AF
SWV,D,15,STORAGE,2022-06-06,20220606 0000,20300000, ,AF
SWV,D,15,STORAGE,2022-06-07,20220607 0000,20300000, ,AF
SWV,D,15,STORAGE,2022-06-08,20220608 0000,20300000, ,AF
SWV,D,15,STORAGE,2022-06-09,20220609 0000,20200000, ,AF
SWV,D,15,STORAGE,2022-06-10,20220610 0000,20200000, ,AF
SWV,D,15,STORAGE,2022-06-11,20220611 0000,20200000, ,AF
SWV,D,15,STORAGE,2022-06-12,20220612 0000,20200000, ,AF
SWV,D,15,STORAGE,2022-06-13,20220613 0000,20200000, ,AF
SWV,D,15,STORAGE,2022-06-14,20220614 0000,20100000, ,AF
SWV,D,15,STORAGE,2022-06-15,20220615 0000,20100000, ,AF
SWV,D,15,STORAGE,2022-06-16,20220616 0000,20100000, ,AF
SWV,D,15,STORAGE,2022-06-17,20220617 0000,20000000, ,AF
SWV,D,15,STORAGE,2022-06-18,20220618 0000,20000000, ,AF
SWV,D,15,STORAGE,2022-06-19,20220619 0000,19900000, ,AF
SWV,D,15,STORAGE,2022-06-20,20220620 0000,19800000, ,AF
SWV,D,15,STORAGE,2022-06-21,20220621 0000,19800000, ,AF
SWV,D,15,STORAGE,2022-06-22,20220622 0000,19800000, ,AF
SWV,D,15,STORAGE,2022-06-23,20220623 0000,19700000, ,AF
SWV,D,15,STORAGE,2022-06-24,20220624 0000,19700000, ,AF
SWV,D,15,STORAGE,2022-06-25,20220625 0000,19600000, ,AF
SWV,D,15,STORAGE,2022-06-26,20220626 0000,19600000, ,AF
SWV,D,15,STORAGE,2022-06-27,20220627 0000,19500000, ,AF
SWV,D,15,STORAGE,2022-06-28,20220628 0000,19400000, ,AF
SWV,D,15,STORAGE,2022-06-29,20220629 0000,19400000, ,AF
SWV,D,15,STORAGE,2022-06-30,20220630 0000,19300000, ,AF
SWV,D,15,STORAGE,2022-07-01,20220701 0000,19200000, ,AF
SWV,D,15,STORAGE,2022-07-02,20220702 0000,19200000, ,AF
SWV,D,15,STORAGE,2022-07-03,20220703 0000,19100000, ,AF
SWV,D,15,STORAGE,2022-07-04,20220704 0000,19000000, ,AF
SWV,D,15,STORAGE,2022-07-05,20220705 0000,18900000, ,AF
SWV,D,15,STORAGE,2022-07-06,20220706 0000,18900000, ,AF
SWV,D,15,STORAGE,2022-07-07,20220707 0000,18800000, ,AF
SWV,D,15,STORAGE,2022-07-08,20220708 0000,18700000, ,AF
SWV,D,15,STORAGE,2022-07-09,20220709 0000,18700000, ,AF
SWV,D,15,STORAGE,2022-07-10,20220710 0000,18600000, ,AF
SWV,D,15,STORAGE,2022-07-11,20220711 0000,18500000, ,AF
SWV,D,15,STORAGE,2022-07-12,20220712 0000,18500000, ,AF
SWV,D,15,STORAGE,2022-07-13,20220713 0000,18400000, ,AF
SWV,D,15,STORAGE,2022-07-14,20220714 0000,18300000, ,AF
SWV,D,15,STORAGE,2022-07-15,20220715 0000,18300000, ,AF
SWV,D,15,STORAGE,2022-07-16,20220716 0000,18200000,r,AF
SWV,D,15,STORAGE,2022-07-17,20220717 0000,18100000,r,AF
SWV,D,15,STORAGE,2022-07-18,20220718 0000,18100000,r,AF
SWV,D,15,STORAGE,2022-07-19,20220719 0000,18000000,r,AF
SWV,D,15,STORAGE,2022-07-20,20220720 0000,17900000, ,AF
SWV,D,15,STORAGE,2022-07-21,20220721 0000,17900000, ,AF
SWV,D,15,STORAGE,2022-07-22,20220722 0000,17800000, ,AF
SWV,D,15,STORAGE,2022-07-23,20220723 0000,17800000, ,AF
SWV,D,15,STORAGE,2022-07-24,20220724 0000,17700000, ,AF
SWV,D,15,STORAGE,2022-07-25,20220725 0000,17600000, ,AF
SWV,D,15,STORAGE,2022-07-26,20220726 0000,17500000, ,AF
SWV,D,15,STORAGE,2022-07-27,20220727 0000,17400000, ,AF
SWV,D,15,STORAGE,2022-07-28,20220728 0000,17400000, ,AF
SWV,D,15,STORAGE,2022-07-29,20220729 0000,17300000, ,AF
SWV,D,15,STORAGE,2022-07-30,20220730 0000,17300000, ,AF
SWV,D,15,STORAGE,2022-07-31,20220731 0000,17200000, ,AF
SWV,D,15,STORAGE,2022-08-01,20220801 0000,17200000, ,AF
SWV,D,15,STORAGE,2022-08-02,20220802 0000,17100000, ,AF
SWV,D,15,STORAGE,2022-08-03,20220803 0000,17100000, ,AF
SWV,D,15,STORAGE,2022-08-04,20220804 0000,17000000, ,AF
SWV,D,15,STORAGE,2022-08-05,20220805 0000,17000000, ,AF
SWV,D,15,STORAGE,2022-08-06,20220806 0000,16900000, ,AF
SWV,D,15,STORAGE,2022-08-07,20220807 0000,16900000, ,AF
SWV,D,15,STORAGE,2022-08-08,20220808 0000,16800000, ,AF
SWV,D,15,STORAGE,2022-08-09,20220809 0000,16800000, ,AF
SWV,D,15,STORAGE,2022-08-10,20220810 0000,16700000, ,AF
SWV,D,15,STORAGE,2022-08-11,20220811 0000,16600000,r,AF
SWV,D,15,STORAGE,2022-08-12,20220812 0000,16600000,r,AF
SWV,D,15,STORAGE,2022-08-13,20220813 0000,16600000,r,AF
SWV,D,15,STORAGE,2022-08-14,20220814 0000,16500000,r,AF
SWV,D,15,STORAGE,2022-08-15,20220815 0000,16500000, ,AF
SWV,D,15,STORAGE,2022-08-16,20220816 0000,16300000, ,AF
SWV,D,15,STORAGE,2022-08-17,20220817 0000,16200000, ,AF
SWV,D,15,STORAGE,2022-08-18,20220818 0000,16200000, ,AF
SWV,D,15,STORAGE,2022-08-19,20220819 0000,16100000, ,AF
SWV,D,15,STORAGE,2022-08-20,20220820 0000,16100000, ,AF
SWV,D,15,STORAGE,2022-08-21,20220821 0000,16100000, ,AF
SWV,D,15,STORAGE,2022-08-22,20220822 0000,16000000, ,AF
SWV,D,15,STORAGE,2022-08-23,20220823 0000,16000000, ,AF
SWV,D,15,STORAGE,2022-08-24,20220824 0000,16000000, ,AF
SWV,D,15,STORAGE,2022-08-25,20220825 0000,15900000, ,AF
SWV,D,15,STORAGE,2022-08-26,20220826 0000,15900000, ,AF
SWV,D,15,STORAGE,2022-08-27,20220827 0000,15800000, ,AF
SWV,D,15,STORAGE,2022-08-28,20220828 0000,15800000, ,AF
SWV,D,15,STORAGE,2022-08-29,20220829 0000,15700000, ,AF
SWV,D,15,STORAGE,2022-08-30,20220830 0000,15700000, ,AF
SWV,D,15,STORAGE,2022-08-31,20220831 0000,15600000, ,AF
SWV,D,15,STORAGE,2022-09-01,20220901 0000,15600000, ,AF
SWV,D,15,STORAGE,2022-09-02,20220902 0000,15500000, ,AF
SWV,D,15,STORAGE,2022-09-03,20220903 0000,15500000, ,AF
SWV,D,15,STORAGE,2022-09-04,20220904 0000,15400000, ,AF
SWV,D,15,STORAGE,2022-09-05,20220905 0000,15400000, ,AF
SWV,D,15,STORAGE,2022-09-06,20220906 0000,15300000, ,AF
SWV,D,15,STORAGE,2022-09-07,20220907 0000,15300000, ,AF
SWV,D,15,STORAGE,2022-09-08,20220908 0000,15300000, ,AF
SWV,D,15,STORAGE,2022-09-09,20220909 0000,15200000, ,AF
SWV,D,15,STORAGE,2022-09-10,20220910 0000,15200000, ,AF
SWV,D,15,STORAGE,2022-09-11,20220911 0000,15100000, ,AF
SWV,D,15,STORAGE,2022-09-12,20220912 0000,15100000, ,AF
SWV,D,15,STORAGE,2022-09-13,20220913 0000,15100000, ,AF
SWV,D,15,STORAGE,2022-09-14,20220914 0000,15000000, ,AF
SWV,D,15,STORAGE,2022-09-15,20220915 0000,15000000, ,AF
SWV,D,15,STORAGE,2022-09-16,20220916 0000,15000000, ,AF
SWV,D,15,STORAGE,2022-09-17,20220917 0000,14900000, ,AF
SWV,D,15,STORAGE,2022-09-18,20220918 0000,14900000, ,AF
SWV,D,15,STORAGE,2022-09-19,20220919 0000,15000000, ,AF
SWV,D,15,STORAGE,2022-09-20,20220920 0000,15000000, ,AF
SWV,D,15,STORAGE,2022-09-21,20220921 0000,14900000, ,AF
SWV,D,15,STORAGE,2022-09-22,20220922 0000,14900000, ,AF
SWV,D,15,STORAGE,2022-09-23,20220923 0000,14900000, ,AF
SWV,D,15,STORAGE,2022-09-24,20220924 0000,14900000, ,AF
SWV,D,15,STORAGE,2022-09-25,20220925 0000,14900000, ,AF
SWV,D,15,STORAGE,2022-09-26,20220926 0000,14800000, ,AF
SWV,D,15,STORAGE,2022-09-27,20220927 0000,14800000, ,AF
SWV,D,15,STORAGE,2022-09-28,20220928 0000,14800000, ,AF
SWV,D,15,STORAGE,2022-09-29,20220929 0000,14700000, ,AF
SWV,D,15,STORAGE,2022-09-30,20220930 0000,14600000, ,AF
SWV,D,15,STORAGE,2022-10-01,20221001 0000,14600000, ,AF
SWV,D,15,STORAGE,2022-10-02,20221002 0000,14600000, ,AF
SWV,D,15,STORAGE,2022-10-03,20221003 0000,14600000, ,AF
SWV,D,15,STORAGE,2022-10-04,20221004 0000,14500000, ,AF
SWV,D,15,STORAGE,2022-10-05,20221005 0000,14600000, ,AF
SWV,D,15,STORAGE,2022-10-06,20221006 0000,14600000, ,AF
SWV,D,15,STORAGE,2022-10-07,20221007 0000,14500000, ,AF
SWV,D,15,STORAGE,2022-10-08,20221008 0000,14500000, ,AF
SWV,D,15,STORAGE,2022-10-09,20221009 0000,14500000, ,AF
SWV,D,15,STORAGE,2022-10-10,20221010 0000,14400000, ,AF
SWV,D,15,STORAGE,2022-10-11,20221011 0000,14400000, ,AF
SWV,D,15,STORAGE,2022-10-12,20221012 0000,14200000, ,AF
SWV,D,15,STORAGE,2022-10-13,20221013 0000,14100000, ,AF
SWV,D,15,STORAGE,2022-10-14,20221014 0000,14100000, ,AF
SWV,D,15,STORAGE,2022-10-15,20221015 0000,14100000, ,AF
SWV,D,15,STORAGE,2022-10-16,20221016 0000,14000000, ,AF
SWV,D,15,STORAGE,2022-10-17,20221017 0000,14000000, ,AF
SWV,D,15,STORAGE,2022-10-18,20221018 0000,13900000, ,AF
SWV,D,15,STORAGE,2022-10-19,20221019 0000,13900000, ,AF
SWV,D,15,STORAGE,2022-10-20,20221020 0000,13800000, ,AF
SWV,D,15,STORAGE,2022-10-21,20221021 0000,13800000, ,AF
SWV,D,15,STORAGE,2022-10-22,20221022 0000,13800000, ,AF
SWV,D,15,STORAGE,2022-10-23,20221023 0000,13700000, ,AF
SWV,D,15,STORAGE,2022-10-24,20221024 0000,13700000, ,AF
SWV,D,15,STORAGE,2022-10-25,20221025 0000,13700000, ,AF
SWV,D,15,STORAGE,2022-10-26,20221026 0000,13700000, ,AF
SWV,D,15,STORAGE,2022-10-27,20221027 0000,13700000, ,AF
SWV,D,15,STORAGE,2022-10-28,20221028 0000,13700000, ,AF
SWV,D,15,STORAGE,2022-10-29,20221029 0000,13600000, ,AF
SWV,D,15,STORAGE,2022-10-30,20221030 0000,13600000, ,AF
SWV,D,15,STORAGE,2022-10-31,20221031 0000,13600000, ,AF
SWV,D,15,STORAGE,2022-11-01,20221101 0000,13600000, ,AF
SWV,D,15,STORAGE,2022-11-02,20221102 0000,13500000, ,AF
SWV,D,15,STORAGE,2022-11-03,20221103 0000,13500000, ,AF
SWV,D,15,STORAGE,2022-11-04,20221104 0000,13500000, ,AF
SWV,D,15,STORAGE,2022-11-05,20221105 0000,13500000, ,AF
SWV,D,15,STORAGE,2022-11-06,20221106 0000,13500000, ,AF
SWV,D,15,STORAGE,2022-11-07,20221107 0000,13500000, ,AF
SWV,D,15,STORAGE,2022-11-08,20221108 0000,13500000, ,AF
SWV,D,15,STORAGE,2022-11-09,20221109 0000,13600000, ,AF
SWV,D,15,STORAGE,2022-11-10,20221110 0000,13600000, ,AF
SWV,D,15,STORAGE,2022-11-11,20221111 0000,13600000, ,AF
SWV,D,15,STORAGE,2022-11-12,20221112 0000,13600000, ,AF
SWV,D,15,STORAGE,2022-11-13,20221113 0000,13600000, ,AF
SWV,D,15,STORAGE,2022-11-14,20221114 0000,13600000, ,AF
SWV,D,15,STORAGE,2022-11-15,20221115 0000,13500000, ,AF
SWV,D,15,STORAGE,2022-11-16,20221116 0000,13500000, ,AF
SWV,D,15,STORAGE,2022-11-17,20221117 0000,13400000, ,AF
SWV,D,15,STORAGE,2022-11-18,20221118 0000,13500000, ,AF
SWV,D,15,STORAGE,2022-11-19,20221119 0000,13500000, ,AF
SWV,D,15,STORAGE,2022-11-20,20221120 0000,13600000, ,AF
SWV,D,15,STORAGE,2022-11-21,20221121 0000,13600000, ,AF
SWV,D,15,STORAGE,2022-11-22,20221122 0000,13500000, ,AF
SWV,D,15,STORAGE,2022-11-23,20221123 0000,13400000, ,AF
SWV,D,15,STORAGE,2022-11-24,20221124 0000,13400000, ,AF
SWV,D,15,STORAGE,2022-11-25,20221125 0000,13400000, ,AF
SWV,D,15,STORAGE,2022-11-26,20221126 0000,13400000, ,AF
SWV,D,15,STORAGE,2022-11-27,20221127 0000,13400000, ,AF
SWV,D,15,STORAGE,2022-11-28,20221128 0000,13400000, ,AF
SWV,D,15,STORAGE,2022-11-29,20221129 0000,13400000, ,AF
SWV,D,15,STORAGE,2022-11-30,20221130 0000,13300000, ,AF
SWV,D,15,STORAGE,2022-12-01,20221201 0000,13300000, ,AF
SWV,D,15,STORAGE,2022-12-02,20221202 0000,13300000, ,AF
SWV,D,15,STORAGE,2022-12-03,20221203 0000,13300000, ,AF
SWV,D,15,STORAGE,2022-12-04,20221204 0000,13400000, ,AF
SWV,D,15,STORAGE,2022-12-05,20221205 0000,13400000, ,AF
SWV,D,15,STORAGE,2022-12-06,20221206 0000,13400000, ,AF
SWV,D,15,STORAGE,2022-12-07,20221207 0000,13400000, ,AF
SWV,D,15,STORAGE,2022-12-08,20221208 0000,13400000, ,AF
SWV,D,15,STORAGE,2022-12-09,20221209 0000,13500000, ,AF
SWV,D,15,STORAGE,2022-12-10,20221210 0000,13500000, ,AF
SWV,D,15,STORAGE,2022-12-11,20221211 0000,13600000, ,AF
SWV,D,15,STORAGE,2022-12-12,20221212 0000,13700000, ,AF
SWV,D,15,STORAGE,2022-12-13,20221213 0000,13700000, ,AF
SWV,D,15,STORAGE,2022-12-14,20221214 0000,13800000, ,AF
SWV,D,15,STORAGE,2022-12-15,20221215 0000,13800000, ,AF
SWV,D,15,STORAGE,2022-12-16,20221216 0000,13800000, ,AF
SWV,D,15,STORAGE,2022-12-17,20221217 0000,13900000, ,AF
SWV,D,15,STORAGE,2022-12-18,20221218 0000,13900000, ,AF
SWV,D,15,STORAGE,2022-12-19,20221219 0000,13900000, ,AF
SWV,D,15,STORAGE,2022-12-20,20221220 0000,13900000, ,AF
SWV,D,15,STORAGE,2022-12-21,20221221 0000,13900000, ,AF
SWV,D,15,STORAGE,2022-12-22,20221222 0000,13900000, ,AF
SWV,D,15,STORAGE,2022-12-23,20221223 0000,13900000, ,AF
SWV,D,15,STORAGE,2022-12-24,20221224 0000,13900000, ,AF
SWV,D,15,STORAGE,2022-12-25,20221225 0000,13900000, ,AF
SWV,D,15,STORAGE,2022-12-26,20221226 0000,14000000, ,AF
SWV,D,15,STORAGE,2022-12-27,20221227 0000,14100000, ,AF
SWV,D,15,STORAGE,2022-12-28,20221228 0000,14300000, ,AF
SWV,D,15,STORAGE,2022-12-29,20221229 0000,14400000, ,AF
SWV,D,15,STORAGE,2022-12-30,20221230 0000,14600000, ,AF
SWV,D,15,STORAGE,2022-12-31,20221231 0000,15100000, ,AF
SWV,D,15,STORAGE,2023-01-01,20230101 0000,15800000, ,AF
SWV,D,15,STORAGE,2023-01-02,20230102 0000,16300000, ,AF
SWV,D,15,STORAGE,2023-01-03,20230103 0000,16500000, ,AF
SWV,D,15,STORAGE,2023-01-04,20230104 0000,16600000, ,AF
SWV,D,15,STORAGE,2023-01-05,20230105 0000,16700000, ,AF
SWV,D,15,STORAGE,2023-01-06,20230106 0000,16900000, ,AF
SWV,D,15,STORAGE,2023-01-07,20230107 0000,17100000, ,AF
SWV,D,15,STORAGE,2023-01-08,20230108 0000,17300000, ,AF
SWV,D,15,STORAGE,2023-01-09,20230109 0000,17700000, ,AF
SWV,D,15,STORAGE,2023-01-10,20230110 0000,18100000, ,AF
SWV,D,15,STORAGE,2023-01-11,20230111 0000,18800000, ,AF
SWV,D,15,STORAGE,2023-01-12,20230112 0000,19400000, ,AF
SWV,D,15,STORAGE,2023-01-13,20230113 0000,19700000, ,AF
SWV,D,15,STORAGE,2023-01-14,20230114 0000,19900000, ,AF
SWV,D,15,STORAGE,2023-01-15,20230115 0000,20600000, ,AF
SWV,D,15,STORAGE,2023-01-16,20230116 0000,21000000, ,AF
SWV,D,15,STORAGE,2023-01-17,20230117 0000,21400000, ,AF
SWV,D,15,STORAGE,2023-01-18,20230118 0000,21600000, ,AF
SWV,D,15,STORAGE,2023-01-19,20230119 0000,21700000, ,AF
SWV,D,15,STORAGE,2023-01-20,20230120 0000,21700000, ,AF
SWV,D,15,STORAGE,2023-01-21,20230121 0000,21800000, ,AF
SWV,D,15,STORAGE,2023-01-22,20230122 0000,21800000, ,AF
SWV,D,15,STORAGE,2023-01-23,20230123 0000,21800000, ,AF
SWV,D,15,STORAGE,2023-01-24,20230124 0000,21800000, ,AF
SWV,D,15,STORAGE,2023-01-25,20230125 0000,21900000, ,AF
SWV,D,15,STORAGE,2023-01-26,20230126 0000,21900000, ,AF
SWV,D,15,STORAGE,2023-01-27,20230127 0000,22000000, ,AF
SWV,D,15,STORAGE,2023-01-28,20230128 0000,22000000, ,AF
SWV,D,15,STORAGE,2023-01-29,20230129 0000,22000000, ,AF
SWV,D,15,STORAGE,2023-01-30,20230130 0000,22000000, ,AF
SWV,D,15,STORAGE,2023-01-31,20230131 0000,22000000, ,AF
SWV,D,15,STORAGE,2023-02-01,20230201 0000,22100000, ,AF
SWV,D,15,STORAGE,2023-02-02,20230202 0000,22200000, ,AF
SWV,D,15,STORAGE,2023-02-03,20230203 0000,22300000, ,AF
SWV,D,15,STORAGE,2023-02-04,20230204 0000,22300000, ,AF
SWV,D,15,STORAGE,2023-02-05,20230205 0000,22300000, ,AF
SWV,D,15,STORAGE,2023-02-06,20230206 0000,22400000, ,AF
SWV,D,15,STORAGE,2023-02-07,20230207 0000,22400000, ,AF
SWV,D,15,STORAGE,2023-02-08,20230208 0000,22500000, ,AF
SWV,D,15,STORAGE,2023-02-09,20230209 0000,22500000, ,AF
SWV,D,15,STORAGE,2023-02-10,20230210 0000,22500000, ,AF
SWV,D,15,STORAGE,2023-02-11,20230211 0000,22500000, ,AF
SWV,D,15,STORAGE,2023-02-12,20230212 0000,22500000, ,AF
SWV,D,15,STORAGE,2023-02-13,20230213 0000,22600000, ,AF
SWV,D,15,STORAGE,2023-02-14,20230214 0000,22600000, ,AF
SWV,D,15,STORAGE,2023-02-15,20230215 0000,22600000, ,AF
SWV,D,15,STORAGE,2023-02-16,20230216 0000,22600000, ,AF
SWV,D,15,STORAGE,2023-02-17,20230217 0000,22700000, ,AF
SWV,D,15,STORAGE,2023-02-18,20230218 0000,22700000, ,AF
SWV,D,15,STORAGE,2023-02-19,20230219 0000,22700000, ,AF
SWV,D,15,STORAGE,2023-02-20,20230220 0000,22700000, ,AF
SWV,D,15,STORAGE,2023-02-21,20230221 0000,22800000, ,AF
SWV,D,15,STORAGE,2023-02-22,20230222 0000,22800000, ,AF
SWV,D,15,STORAGE,2023-02-23,20230223 0000,22800000, ,AF
SWV,D,15,STORAGE,2023-02-24,20230224 0000,22800000, ,AF
SWV,D,15,STORAGE,2023-02-25,20230225 0000,22900000, ,AF
SWV,D,15,STORAGE,2023-02-26,20230226 0000,23000000, ,AF
SWV,D,15,STORAGE,2023-02-27,20230227 0000,23100000, ,AF
SWV,D,15,STORAGE,2023-02-28,20230228 0000,23200000, ,AF
SWV,D,15,STORAGE,2023-03-01,20230301 0000,23300000, ,AF
SWV,D,15,STORAGE,2023-03-02,20230302 0000,23400000, ,AF
SWV,D,15,STORAGE,2023-03-03,20230303 0000,23500000, ,AF
SWV,D,15,STORAGE,2023-03-04,20230304 0000,23600000, ,AF
SWV,D,15,STORAGE,2023-03-05,20230305 0000,23700000, ,AF
SWV,D,15,STORAGE,2023-03-06,20230306 0000,23700000, ,AF
SWV,D,15,STORAGE,2023-03-07,20230307 0000,23750000, ,AF
SWV,D,15,STORAGE,2023-03-08,20230308 0000,23800000, ,AF
SWV,D,15,STORAGE,2023-03-09,20230309 0000,23900000, ,AF
SWV,D,15,STORAGE,2023-03-10,20230310 0000,24100000, ,AF
SWV,D,15,STORAGE,2023-03-11,20230311 0000,24500000, ,AF
SWV,D,15,STORAGE,2023-03-12,20230312 0000,25000000, ,AF
SWV,D,15,STORAGE,2023-03-13,20230313 0000,25300000, ,AF
SWV,D,15,STORAGE,2023-03-14,20230314 0000,25800000, ,AF
SWV,D,15,STORAGE,2023-03-15,20230315 0000,26300000, ,AF
SWV,D,15,STORAGE,2023-03-16,20230316 0000,26900000, ,AF
SWV,D,15,STORAGE,2023-03-17,20230317 0000,---, ,AF
SWV,D,15,STORAGE,2023-03-18,20230318 0000,---, ,AF
SWV,D,15,STORAGE,2023-03-19,20230319 0000,---, ,AF
SWV,D,15,STORAGE,2023-03-20,20230320 0000,---, ,AF
SWV,D,15,STORAGE,2023-03-21,20230321 0000,---, ,AF
