reporting_month,hydro_region,total_pop,total_gallons,region_pop_weighted_rgpcd
2026-07-01,Central Coast,1326586.0,5069471546.059947,73.36849811624143
2026-07-01,Colorado River,673376.0,6728262434.4498005,201.52258552467072
2026-07-01,North Coast,397965.0,1501667692.988399,72.05329271195919
2026-07-01,North Lahontan,159502.0,476860712.0,66.2206846632725
2026-07-01,Sacramento River,2978514.0,23291672135.56036,153.8932631973024
2026-07-01,San Francisco Bay,6480144.0,29192432432.340855,69.94619619862202
2026-07-01,San Joaquin River,1659919.0,11474672504.56016,133.09880908238645
2026-07-01,South Coast,19647417.0,89451748816.55566,88.34615224331479
2026-07-01,South Lahontan,879566.0,5209450593.918087,106.87680458485646
2026-07-01,Tulare Lake,1854164.0,16262428672.359055,175.77140095227372
