supplier_name,reporting_month,org_id,pwsid,report_period_end_date,main_county,hydro_region,population,total_water_production,potable_supply_minus_sold_minus_ag_gal_flag,r_gpcd,res_flag,latitude,longitude,regional_r_gpcd,county_r_gpcd
Alameda County Water District,2026-07-01,23.0,CA0110001,2026-07-31,Alameda,San Francisco Bay,344000.0,1454138121.0,,76.5,,37.538,-122.021,69.8,76.6
California Water Service Company Livermore,2026-07-01,401.0,CA0110003,2026-07-31,Alameda,San Francisco Bay,60414.0,328334937.0,,125.1,,37.676,-121.754,69.8,76.6
City of Hayward,2026-07-01,1143.0,CA0110006,2026-07-31,Alameda,San Francisco Bay,162954.0,483683568.0,,56.3,,37.645,-122.079,69.8,76.6
City of Livermore,2026-07-01,1443.0,CA0110011,2026-07-31,Alameda,San Francisco Bay,38892.0,242614040.0,,104.6,,37.688,-121.756,69.8,76.6
City of Pleasanton,2026-07-01,1940.0,CA0110008,2026-07-31,Alameda,San Francisco Bay,76689.0,514831000.0,,90.0,,37.662,-121.886,69.8,76.6
Dublin San Ramon Services District,2026-07-01,759.0,CA0110009,2026-07-31,Alameda,San Francisco Bay,98776.0,335933000.0,,76.0,,37.732,-121.9,69.8,76.6
East Bay Municipal Utility District,2026-07-01,775.0,CA0110005,2026-07-31,Alameda,San Francisco Bay,1442800.0,,Flagged,75.4,,37.844,-122.192,69.8,76.6
Amador Water Agency,2026-07-01,55.0,"CA0310002,CA0310003,CA0310012,CA0310019,CA0310021",2026-07-31,Amador,San Joaquin River,23548.0,135046898.0,,92.2,,38.382,-120.794,128.8,92.2
California Water Service Company Chico District,2026-07-01,388.0,"CA0410002,CA1110002",2026-07-31,Butte,Sacramento River,116724.0,888023502.0,,157.2,,39.746,-121.835,151.7,168.4
California Water Service Company Oroville,2026-07-01,412.0,CA0410005,2026-07-31,Butte,Sacramento River,11106.0,123242121.0,,97.9,,39.498,-121.559,151.7,168.4
Del Oro Water Company,2026-07-01,699.0,CA0410011,2026-07-31,Butte,Sacramento River,10940.0,25070716.0,,60.3,,39.815,-121.6,151.7,168.4
Paradise Irrigation District,2026-07-01,1859.0,CA0410007,2026-07-31,Butte,Sacramento River,9142.0,,Flagged,350.7,,39.756,-121.607,151.7,168.4
South Feather Water and Power,2026-07-01,2337.0,"CA0410006,CA0410012",2026-07-31,Butte,Sacramento River,22737.0,,Flagged,228.9,,39.593835,-121.263753,151.7,168.4
Thermalito Water and Sewer District,2026-07-01,2466.0,CA0410008,2026-07-31,Butte,Sacramento River,12136.0,109086000.0,,186.5,,39.543,-121.591,151.7,168.4
Calaveras County Water District,2026-07-01,351.0,"CA0510004,CA0510005,CA0510006,CA0510016,CA0510017,CA0510019",2026-07-31,Calaveras,San Joaquin River,27980.0,184216964.0,,128.9,,38.261,-120.688,128.8,128.9
City of Antioch,2026-07-01,82.0,CA0710001,2026-07-31,Contra Costa,San Joaquin River,115074.0,,Flagged,99.0,,37.98,-121.797,128.8,113.2
City of Brentwood,2026-07-01,264.0,CA0710004,2026-07-31,Contra Costa,San Joaquin River,64513.0,429189000.0,,138.2,,37.936,-121.719,128.8,113.2
City of Martinez,2026-07-01,1554.0,CA0710006,2026-07-31,Contra Costa,San Francisco Bay,30997.0,160082000.0,,105.0,,37.996,-122.122,69.8,113.2
City of Pittsburg,2026-07-01,1925.0,CA0710008,2026-07-31,Contra Costa,San Francisco Bay,62500.0,306609946.0,,86.9,,38.019,-121.897,69.8,113.2
Contra Costa Water District,2026-07-01,613.0,CA0710003,2026-07-31,Contra Costa,San Francisco Bay,198000.0,1123853786.0,,129.4,,37.958,-121.896,69.8,113.2
Diablo Water District,2026-07-01,731.0,CA0710007,2026-07-31,Contra Costa,San Joaquin River,43357.0,221082000.0,,114.8,,37.993,-121.696,128.8,113.2
Discovery Bay Community Services District,2026-07-01,739.0,CA0710009,2026-05-31,Contra Costa,San Joaquin River,16790.0,0.0,,0.0,,37.907,-121.607,128.8,113.2
Golden State Water Company - Bay Point,2026-07-01,1031.0,CA0710002,2026-07-31,Contra Costa,San Francisco Bay,23731.0,60859267.0,,56.4,,38.029,-121.958,69.8,113.2
Crescent City,2026-07-01,649.0,CA0810001,2026-07-31,Del Norte,North Coast,17262.0,72720845.0,,34.1,,41.787,-124.177,72.1,34.1
El Dorado Irrigation District,2026-07-01,816.0,"CA0910001,CA0910017,CA0910018",2026-07-31,El Dorado,Sacramento River,133106.0,1224319260.0,,156.1,,38.7346,-120.78864,151.7,107.6
Georgetown Divide Public Utility District,2026-07-01,990.0,CA0910013,2026-07-31,El Dorado,Sacramento River,9434.0,70871000.0,,124.1,,38.877,-120.91,151.7,107.6
South Tahoe Public Utility District,2026-07-01,2348.0,CA0910002,2026-07-31,El Dorado,North Lahontan,100000.0,202557029.0,,41.4,,38.905,-120.002,66.2,107.6
Bakman Water Company,2026-07-01,124.0,CA1010001,2026-07-31,Fresno,Tulare Lake,17393.0,107223550.0,,141.7,,36.746,-119.708,175.8,172.1
California Water Service Company Selma,2026-07-01,421.0,CA1010024,2026-07-31,Fresno,Tulare Lake,26517.0,151705131.0,,140.3,,36.578,-119.619,175.8,172.1
City of Clovis,2026-07-01,574.0,CA1010003,2026-07-31,Fresno,Tulare Lake,130130.0,1043875000.0,,191.8,,36.826,-119.687,175.8,172.1
City of Coalinga,2026-07-01,578.0,CA1010004,2026-07-31,Fresno,Tulare Lake,17277.0,154100000.0,,105.5,,36.148,-120.354,175.8,172.1
City of Fresno,2026-07-01,934.0,CA1010007,2026-07-31,Fresno,Tulare Lake,545716.0,4688530940.0,,172.1,,36.779,-119.794,175.8,172.1
City of Kerman,2026-07-01,1286.0,CA1010018,2026-07-31,Fresno,Tulare Lake,17256.0,,Flagged,147.8,,36.725,-120.064,175.8,172.1
City of Kingsburg,2026-07-01,1304.0,CA1010019,2026-07-31,Fresno,Tulare Lake,13540.0,127891000.0,,193.0,,36.52,-119.556,175.8,172.1
City of Reedley,2026-07-01,2042.0,CA1010027,2026-04-30,Fresno,Tulare Lake,25227.0,0.0,,0.0,,36.597,-119.448,175.8,172.1
City of Sanger,2026-07-01,2205.0,CA1010029,2026-07-31,Fresno,Tulare Lake,26357.0,254718000.0,,175.0,,36.699,-119.557,175.8,172.1
City of Arcata,2026-07-01,94.0,"CA1210001,CA1210021",2026-07-31,Humboldt,North Coast,21799.0,62475100.0,,39.7,,40.862,-124.075,72.1,58.5
City of Eureka,2026-07-01,859.0,CA1210004,2026-07-31,Humboldt,North Coast,27078.0,82405000.0,,61.3,,40.797,-124.154,72.1,58.5
City of Fortuna,2026-07-01,920.0,CA1210006,2026-07-31,Humboldt,North Coast,12133.0,43600000.0,,68.5,,40.587,-124.142,72.1,58.5
Humboldt Community Services District,2026-07-01,1210.0,CA1210009,2026-07-31,Humboldt,North Coast,19807.0,,Flagged,65.3,,40.754,-124.152,72.1,58.5
McKinleyville Community Services District,2026-07-01,1570.0,CA1210016,2026-07-31,Humboldt,North Coast,16900.0,47861228.0,,62.9,,40.954,-124.089,72.1,58.5
City of Brawley,2026-07-01,262.0,CA1310001,2026-07-31,Imperial,Colorado River,26862.0,233484000.0,,130.4,,32.982,-115.532,201.5,139.7
City of Calexico,2026-07-01,353.0,CA1310002,2026-06-30,Imperial,Colorado River,40357.0,0.0,,0.0,,32.685,-115.494,201.5,139.7
City of El Centro,2026-07-01,814.0,CA1310004,2026-01-31,Imperial,Colorado River,44158.0,,Flagged,0.0,,32.788,-115.556,201.5,139.7
City of Imperial,2026-07-01,1225.0,CA1310006,2026-07-31,Imperial,Colorado River,21591.0,113154000.0,,151.3,,32.846,-115.574,201.5,139.7
Arvin Community Service District,2026-07-01,102.0,CA1510001,2026-07-31,Kern,Tulare Lake,19669.0,102789000.0,,119.0,,35.202,-118.834,175.8,180.7
Bear Valley Community Services District,2026-07-01,155.0,CA1510038,2026-06-30,Kern,Tulare Lake,5592.0,,Flagged,0.0,,35.18098,-118.74687,175.8,180.7
California City,2026-07-01,378.0,CA1510032,2026-06-30,Kern,South Lahontan,14198.0,0.0,,0.0,,35.158,-117.872,107.0,180.7
California Water Service Company Bakersfield,2026-07-01,386.0,"CA1510003,CA1510055",2026-07-31,Kern,Tulare Lake,290643.0,2263389475.0,,146.4,,35.372675,-118.985538,175.8,180.7
California Water Service Company Kern River Valley,2026-07-01,397.0,"CA1500407,CA1510026,CA1510033,CA1510039,CA1510043,CA1510049,CA1510056",2026-07-31,Kern,Tulare Lake,5531.0,27679249.0,,93.7,,35.754,-118.423,175.8,180.7
City of Bakersfield,2026-07-01,123.0,CA1510031,2026-07-31,Kern,Tulare Lake,160144.0,1966198217.0,,246.2,,35.331,-119.116,175.8,180.7
City of Delano,2026-07-01,711.0,CA1510005,2026-07-31,Kern,Tulare Lake,51428.0,332660000.0,,112.2,,35.763,-119.245,175.8,180.7
City of Shafter,2026-07-01,2260.0,CA1510019,2026-07-31,Kern,Tulare Lake,21915.0,188064000.0,,178.0,,35.488,-119.231,175.8,180.7
City of Tehachapi,2026-07-01,2451.0,CA1510020,2026-07-31,Kern,Tulare Lake,9094.0,,Flagged,159.1,,35.127,-118.472,175.8,180.7
City of Wasco,2026-07-01,2662.0,CA1510021,2026-07-31,Kern,Tulare Lake,22757.0,142520000.0,,157.5,,35.594,-119.367,175.8,180.7
East Niles Community Services District,2026-07-01,784.0,CA1510006,2026-07-31,Kern,Tulare Lake,32517.0,347513986.0,,221.4,,35.37,-118.923,175.8,180.7
Greenfield County Water District,2026-07-01,1094.0,CA1510024,2026-07-31,Kern,Tulare Lake,11590.0,107948256.0,,223.2,,35.276119,-119.010861,175.8,180.7
Indian Wells Valley Water District,2026-07-01,1234.0,CA1510017,2026-07-31,Kern,South Lahontan,41580.0,203657400.0,,122.5,,35.616,-117.693,107.0,180.7
Lamont Public Utility District,2026-07-01,1371.0,CA1510012,2026-07-31,Kern,Tulare Lake,19057.0,111355000.0,,122.9,,35.249,-118.917,175.8,180.7
Oildale Mutual Water Company,2026-07-01,1782.0,CA1510015,2026-07-31,Kern,Tulare Lake,44899.0,313439335.0,,139.2,,35.438,-119.064,175.8,180.7
Rosamond Community Service District,2026-07-01,2107.0,CA1510018,2026-07-31,Kern,South Lahontan,17711.0,83944883.0,,118.5,,34.866,-118.186,107.0,180.7
Vaughn Water Company,2026-07-01,2626.0,CA1510029,2026-07-31,Kern,Tulare Lake,37189.0,532004648.0,,444.2,,35.388,-119.189,175.8,180.7
West Kern Water District,2026-07-01,2679.0,CA1510022,2026-07-31,Kern,Tulare Lake,20500.0,646910660.0,,196.6,,35.193,-119.475,175.8,180.7
City of Corcoran,2026-07-01,618.0,CA1610004,2026-07-31,Kings,Tulare Lake,22808.0,208320000.0,,130.2,,36.095,-119.569,175.8,130.2
City of Hanford,2026-07-01,1125.0,CA1610003,2026-04-30,Kings,Tulare Lake,62127.0,0.0,,0.0,,36.325,-119.649,175.8,130.2
City of Lemoore,2026-07-01,1415.0,CA1610005,2026-06-30,Kings,Tulare Lake,27185.0,,Flagged,0.0,,36.296,-119.798,175.8,130.2
City of Susanville,2026-07-01,2432.0,CA1810001,2026-07-31,Lassen,North Lahontan,7811.0,89513.0,,40.4,,40.422,-120.651,66.2,40.4
Azusa Light and Water,2026-07-01,117.0,CA1910007,2026-07-31,Los Angeles,South Coast,110044.0,582302378.0,,74.1,,34.117,-117.913,88.8,76.0
Bellflower - Somerset Mutual Water Company,2026-07-01,170.0,CA1910013,2026-07-31,Los Angeles,South Coast,46300.0,140259304.0,,91.3,,33.883349,-118.125386,88.8,76.0
California American Water Company - Los Angeles Division,2026-07-01,368.0,"CA1910052,CA1910139,CA1910186",2026-07-31,Los Angeles,South Coast,93492.0,563820200.0,,134.3,,34.135,-117.963,88.8,76.0
California Water Service Company Dominguez,2026-07-01,391.0,CA1910033,2026-07-31,Los Angeles,South Coast,143996.0,690160456.0,,70.6,,33.839,-118.271,88.8,76.0
California Water Service Company East Los Angeles,2026-07-01,392.0,CA1910036,2026-07-31,Los Angeles,South Coast,152474.0,401794221.0,,43.4,,34.033,-118.169,88.8,76.0
California Water Service Company Hermosa/Redondo,2026-07-01,396.0,CA1910134,2026-07-31,Los Angeles,South Coast,96853.0,312149921.0,,73.3,,33.852,-118.382,88.8,76.0
California Water Service Company Palos Verdes,2026-07-01,413.0,CA1910104,2026-07-31,Los Angeles,South Coast,71452.0,519412114.0,,177.5,,33.766,-118.366,88.8,76.0
City of Alhambra,2026-07-01,30.0,CA1910001,2026-07-31,Los Angeles,South Coast,83750.0,265952683.0,,56.8,,34.084,-118.136,88.8,76.0
City of Arcadia,2026-07-01,93.0,CA1910003,2026-07-31,Los Angeles,South Coast,51361.0,443932341.0,,186.2,,34.135,-118.038,88.8,76.0
City of Beverly Hills,2026-07-01,193.0,CA1910156,2026-07-31,Los Angeles,South Coast,40121.0,330267257.0,,169.0,,34.079,-118.4,88.8,76.0
City of Burbank,2026-07-01,285.0,CA1910179,2026-07-31,Los Angeles,South Coast,105603.0,,Flagged,96.3,,34.188,-118.323,88.8,76.0
City of Cerritos,2026-07-01,524.0,CA1910019,2026-07-31,Los Angeles,South Coast,47475.0,57027207.0,,91.0,,33.868,-118.068,88.8,76.0
City of Compton,2026-07-01,607.0,CA1910026,2026-07-31,Los Angeles,South Coast,74877.0,,Flagged,62.0,,33.896,-118.225,88.8,76.0
City of Covina,2026-07-01,644.0,CA1910127,2026-07-31,Los Angeles,South Coast,33300.0,169849834.0,,124.2,,34.085,-117.878,88.8,76.0
City of Downey,2026-07-01,748.0,CA1910034,2026-07-31,Los Angeles,South Coast,109934.0,432726869.0,,90.4,,33.944,-118.131,88.8,76.0
City of El Monte,2026-07-01,821.0,CA1910038,2026-07-31,Los Angeles,South Coast,22968.0,58570000.0,,42.1,,34.073,-118.039,88.8,76.0
City of El Segundo,2026-07-01,827.0,CA1910040,2026-07-31,Los Angeles,South Coast,16445.0,219991786.0,,74.3,,33.917,-118.402,88.8,76.0
City of Glendale,2026-07-01,1004.0,CA1910043,2026-06-30,Los Angeles,South Coast,188784.0,0.0,,0.0,,34.18,-118.247,88.8,76.0
City of Glendora,2026-07-01,1005.0,CA1910044,2026-07-31,Los Angeles,South Coast,49934.0,352436741.0,,201.0,,34.135,-117.85,88.8,76.0
City of Hawthorne,2026-07-01,1142.0,CA1910047,2026-07-31,Los Angeles,South Coast,44718.0,108749540.0,,59.0,,33.917,-118.347,88.8,76.0
City of Huntington Park,2026-07-01,1217.0,CA1910049,2026-04-30,Los Angeles,South Coast,15275.0,,Flagged,0.0,,33.979,-118.218,88.8,76.0
City of Inglewood,2026-07-01,1238.0,CA1910051,2026-07-31,Los Angeles,South Coast,80824.0,247674783.0,,58.8,,33.96,-118.345,88.8,76.0
City of La Verne,2026-07-01,1333.0,CA1910062,2026-07-31,Los Angeles,South Coast,31334.0,238019281.0,,114.5,,34.128,-117.762,88.8,76.0
City of Lakewood,2026-07-01,1370.0,CA1910239,2026-07-31,Los Angeles,South Coast,66135.0,225244504.0,,106.0,,33.848,-118.131,88.8,76.0
City of Lomita,2026-07-01,1456.0,CA1910073,2026-07-31,Los Angeles,South Coast,20256.0,58933412.0,,74.3,,33.795,-118.318,88.8,76.0
City of Long Beach,2026-07-01,1464.0,CA1910065,2026-07-31,Los Angeles,South Coast,466772.0,1364463544.0,,71.1,,33.804,-118.163,88.8,76.0
City of Lynwood,2026-07-01,1506.0,CA1910079,2026-07-31,Los Angeles,South Coast,66967.0,147916803.0,,32.8,,33.925,-118.202,88.8,76.0
City of Manhattan Beach,2026-07-01,1536.0,CA1910083,2026-03-31,Los Angeles,South Coast,33673.0,,Flagged,0.0,,33.889,-118.397,88.8,76.0
City of Monrovia,2026-07-01,1639.0,CA1910090,2026-07-31,Los Angeles,South Coast,37931.0,220917536.0,,97.3,,34.166,-117.992,88.8,76.0
City of Monterey Park,2026-07-01,1650.0,CA1910092,2026-07-31,Los Angeles,South Coast,62183.0,178596109.0,,69.1,,34.05,-118.132,88.8,76.0
City of Norwalk,2026-07-01,1756.0,CA1910191,2026-03-31,Los Angeles,South Coast,17790.0,0.0,,0.0,,33.906,-118.078,88.8,76.0
City of Paramount,2026-07-01,1866.0,CA1910105,2026-07-31,Los Angeles,South Coast,55200.0,153277052.0,,55.7,,33.896,-118.166,88.8,76.0
City of Pasadena,2026-07-01,1873.0,CA1910124,2026-07-31,Los Angeles,South Coast,164344.0,866121705.0,,117.4,,34.158,-118.134,88.8,76.0
City of Pico Rivera,2026-07-01,1899.0,CA1910042,2026-07-31,Los Angeles,South Coast,40600.0,136414263.0,,74.8,,33.996,-118.088,88.8,76.0
City of Pomona,2026-07-01,1945.0,CA1910126,2026-07-31,Los Angeles,South Coast,151713.0,597662960.0,,70.7,,34.058,-117.76,88.8,76.0
City of San Fernando,2026-07-01,2163.0,CA1910143,2026-07-31,Los Angeles,South Coast,23946.0,87132557.0,,77.0,,34.289,-118.436,88.8,76.0
City of Santa Fe Springs,2026-07-01,2215.0,CA1910245,2026-05-31,Los Angeles,South Coast,19219.0,,Flagged,0.0,,33.933,-118.066,88.8,76.0
City of Santa Monica,2026-07-01,2220.0,CA1910146,2026-07-31,Los Angeles,South Coast,89947.0,352953980.0,,77.2,,34.023,-118.482,88.8,76.0
City of Sierra Madre,2026-07-01,2290.0,CA1910148,2026-07-31,Los Angeles,South Coast,11000.0,,Flagged,141.6,,34.169,-118.05,88.8,76.0
City of Signal Hill,2026-07-01,2298.0,CA1910149,2026-07-31,Los Angeles,South Coast,11848.0,70544300.0,,74.0,,33.803,-118.168,88.8,76.0
City of South Gate,2026-07-01,2341.0,CA1910152,2026-07-31,Los Angeles,South Coast,76443.0,238739000.0,,48.9,,33.948,-118.198,88.8,76.0
City of South Pasadena,2026-07-01,2345.0,CA1910154,2026-07-31,Los Angeles,South Coast,25329.0,,Flagged,97.2,,34.11,-118.157,88.8,76.0
City of Torrance,2026-07-01,2487.0,CA1910213,2026-06-30,Los Angeles,South Coast,106183.0,0.0,,0.0,,33.835,-118.335,88.8,76.0
City of Vernon,2026-07-01,2633.0,CA1910167,2022-12-31,Los Angeles,South Coast,112.0,0.0,,0.0,,34.003,-118.214,88.8,76.0
City of Whittier,2026-07-01,2723.0,CA1910173,2026-07-31,Los Angeles,South Coast,49954.0,208577409.0,,90.1,,33.982,-118.038,88.8,76.0
Crescenta Valley Community Water District,2026-07-01,651.0,CA1910028,2026-07-31,Los Angeles,South Coast,35841.0,117309498.0,,81.5,,34.227,-118.239,88.8,76.0
Golden State Water Company - Artesia,2026-07-01,1029.0,CA1910004,2026-07-31,Los Angeles,South Coast,50375.0,139210233.0,,63.3,,33.847,-118.078,88.8,76.0
Golden State Water Company - Bell-Bell Gardens,2026-07-01,1032.0,CA1910011,2026-07-31,Los Angeles,South Coast,54877.0,127456840.0,,53.9,,33.969,-118.171,88.8,76.0
Golden State Water Company - Claremont,2026-07-01,1034.0,CA1910024,2026-07-31,Los Angeles,South Coast,39730.0,263446064.0,,153.8,,34.114,-117.717,88.8,76.0
Golden State Water Company - Culver City,2026-07-01,1038.0,CA1910030,2026-07-31,Los Angeles,South Coast,38213.0,145532769.0,,64.6,,34.006,-118.394,88.8,76.0
Golden State Water Company - Florence Graham,2026-07-01,1041.0,CA1910077,2026-07-31,Los Angeles,South Coast,63500.0,129212219.0,,49.8,,33.969,-118.244,88.8,76.0
Golden State Water Company - Norwalk,2026-07-01,1049.0,CA1910098,2026-07-31,Los Angeles,South Coast,43176.0,133124082.0,,70.3,,33.922,-118.068,88.8,76.0
Golden State Water Company - San Dimas,2026-07-01,1054.0,CA1910142,2026-07-31,Los Angeles,South Coast,56538.0,361979602.0,,122.5,,34.098,-117.824,88.8,76.0
Golden State Water Company - South Arcadia,2026-07-01,1058.0,CA1910212,2026-07-31,Los Angeles,South Coast,27072.0,92299144.0,,88.4,,34.104,-118.03,88.8,76.0
Golden State Water Company - South San Gabriel,2026-07-01,1059.0,CA1910223,2026-07-31,Los Angeles,South Coast,26240.0,63891121.0,,57.6,,34.062,-118.099,88.8,76.0
Golden State Water Company - Southwest,2026-07-01,1060.0,CA1910155,2026-07-31,Los Angeles,South Coast,277740.0,736053994.0,,57.4,,33.906,-118.315,88.8,76.0
Las Virgenes Municipal Water District,2026-07-01,1384.0,CA1910225,2026-07-31,Los Angeles,South Coast,72602.0,596611337.0,,185.5,,34.111,-118.751,88.8,76.0
Liberty Utilities (Park Water) Corp,2026-07-01,1869.0,"CA1910021,CA1910161,CA1910211",2026-07-31,Los Angeles,South Coast,123696.0,295201455.0,,66.0,,33.913,-118.139,88.8,76.0
Lincoln Avenue Water Company,2026-07-01,1425.0,CA1910063,2026-07-31,Los Angeles,South Coast,16126.0,56994598.0,,51.5,,34.201,-118.152,88.8,76.0
Los Angeles City Department of Water And Power,2026-07-01,1473.0,CA1910067,2026-07-31,Los Angeles,South Coast,3856043.0,10391942337.0,,62.9,,34.115,-118.407,88.8,76.0
Los Angeles County Waterworks District 29 - Malibu & Marina Del Rey,2026-07-01,1481.0,CA1910204,2026-07-31,Los Angeles,South Coast,32792.0,255112006.0,,38.7,,33.977,-118.45,88.8,76.0
Los Angeles County Waterworks District 40 - Antelope Valley,2026-07-01,1484.0,"CA1910005,CA1910025,CA1910027,CA1910070,CA1910203",2026-07-31,Los Angeles,South Lahontan,230025.0,1663707226.0,,69.1,,34.614,-117.835,107.0,76.0
Montebello Land And Water Company,2026-07-01,1644.0,CA1910091,2026-07-31,Los Angeles,South Coast,26554.0,91830864.0,,46.7,,34.014,-118.109,88.8,76.0
Orchard Dale Water District,2026-07-01,1804.0,CA1910101,2026-07-31,Los Angeles,South Coast,25000.0,68891418.0,,60.7,,33.933,-118.028,88.8,76.0
Palmdale Water District,2026-07-01,1849.0,CA1910102,2026-07-31,Los Angeles,South Lahontan,126804.0,856040496.0,,114.1,,34.555,-118.075,107.0,76.0
Pico Water District,2026-07-01,1900.0,CA1910125,2026-07-31,Los Angeles,South Coast,22051.0,76047106.0,,81.8,,33.994,-118.086,88.8,76.0
Quartz Hill Water District,2026-07-01,1983.0,CA1910130,2026-07-31,Los Angeles,South Lahontan,19100.0,189378959.0,,304.2,,34.651,-118.215,107.0,76.0
Rowland Water District,2026-07-01,2115.0,CA1910194,2026-07-31,Los Angeles,South Coast,54660.0,279906009.0,,98.4,,33.98,-117.908,88.8,76.0
Rubio Canyon Land And Water Association,2026-07-01,2119.0,CA1910140,2026-07-31,Los Angeles,South Coast,9600.0,38567724.0,,103.3,,34.189,-118.128,88.8,76.0
San Gabriel County Water District,2026-07-01,2165.0,CA1910144,2026-07-31,Los Angeles,South Coast,39345.0,149526507.0,,82.5,,34.092,-118.094,88.8,76.0
San Gabriel Valley Water Company,2026-07-01,2167.0,"CA1910039,CA1910189",2026-06-30,Los Angeles,South Coast,257630.0,,Flagged,0.0,,34.035591,-118.089123,88.8,76.0
Santa Clarita Valley Water Agency,2026-07-01,4993.0,"CA1910017,CA1910096,CA1910240,CA1910247,CA1910250,CA1910255",2026-07-31,Los Angeles,South Coast,294090.0,,Flagged,122.4,,34.40717733333334,-118.53662533333332,88.8,76.0
Suburban Water Systems - San Jose Hills,2026-07-01,2401.0,"CA1910046,CA1910200,CA1910205",2026-07-31,Los Angeles,South Coast,175529.0,884838615.0,,54.8,,34.047271,-117.93245,88.8,76.0
Suburban Water Systems - Whittier/La Mirada,2026-07-01,2402.0,"CA1910059,CA1910174",2026-07-31,Los Angeles,South Coast,122838.0,621303360.0,,67.9,,33.904,-118.009,88.8,76.0
Sunny Slope Water Company,2026-07-01,2419.0,CA1910157,2026-07-31,Los Angeles,South Coast,25252.0,102688090.0,,107.6,,34.104,-118.08,88.8,76.0
Valley County Water District,2026-07-01,2605.0,CA1910009,2026-07-31,Los Angeles,South Coast,68871.0,204781630.0,,51.6,,34.099,-117.959,88.8,76.0
Valley Water Company,2026-07-01,2618.0,CA1910166,2026-07-31,Los Angeles,South Coast,10070.0,117599626.0,,323.4,,34.196,-118.195,88.8,76.0
Walnut Valley Water District,2026-07-01,2661.0,CA1910234,2026-07-31,Los Angeles,South Coast,100941.0,,Flagged,113.2,,34.008,-117.835,88.8,76.0
City of Chowchilla,2026-07-01,2979.0,CA2010001,2026-07-31,Madera,San Joaquin River,13916.0,,Flagged,144.1,,37.118,-120.25,128.8,105.0
City of Madera,2026-07-01,1510.0,CA2010002,2026-07-31,Madera,San Joaquin River,66560.0,372447000.0,,96.8,,36.965,-120.076,128.8,105.0
Marin Municipal Water District,2026-07-01,1546.0,CA2110002,2026-07-31,Marin,San Francisco Bay,186895.0,760800000.0,,70.8,,37.953,-122.547,69.8,78.1
North Marin Water District,2026-07-01,1748.0,CA2110003,2026-07-31,Marin,San Francisco Bay,61683.0,255215290.0,,100.4,,38.114,-122.659,69.8,78.1
City of Ukiah,2026-07-01,2536.0,CA2310003,2026-06-30,Mendocino,North Coast,16607.0,0.0,,0.0,,39.148,-123.211,72.1,
City of Atwater,2026-07-01,110.0,CA2410001,2026-07-31,Merced,San Joaquin River,29479.0,279336362.0,,199.8,,37.353,-120.6,128.8,152.5
City of Livingston,2026-07-01,1444.0,CA2410004,2026-07-31,Merced,San Joaquin River,14894.0,226874056.0,,127.2,,37.388,-120.724,128.8,152.5
City of Los Banos,2026-07-01,1487.0,CA2410005,2026-07-31,Merced,San Joaquin River,47419.0,337639000.0,,121.1,,37.067074,-120.836519,128.8,152.5
City of Merced,2026-07-01,1589.0,CA2410009,2026-07-31,Merced,San Joaquin River,93692.0,804982422.0,,157.6,,37.307,-120.477,128.8,152.5
Mammoth Community Water District,2026-07-01,1533.0,CA2610001,2026-07-31,Mono,South Lahontan,8234.0,,Flagged,197.8,,37.643,-118.976,107.0,197.8
Alco Water Service,2026-07-01,25.0,CA2710001,2026-07-31,Monterey,Central Coast,56253.0,125129000.0,,55.7,,36.713,-121.615,73.0,63.8
California American Water Company - Monterey District,2026-07-01,369.0,"CA2701202,CA2701257,CA2702004,CA2710004,CA2710006,CA2710021,CA2710022",2026-07-31,Monterey,Central Coast,96866.0,319139121.0,,65.4,,36.564,-121.905,73.0,63.8
California Water Service Company Salinas District,2026-07-01,417.0,"CA2701929,CA2710010,CA2710012,CA2710013,CA2710019",2026-07-31,Monterey,Central Coast,134217.0,548685291.0,,64.0,,36.666,-121.651,73.0,63.8
City of Greenfield,2026-07-01,1093.0,CA2710008,2026-07-31,Monterey,Central Coast,18967.0,76837000.0,,74.8,,36.322,-121.253,73.0,63.8
City of Soledad,2026-07-01,2323.0,CA2710011,2026-07-31,Monterey,Central Coast,19455.0,73396000.0,,82.0,,36.431,-121.322,73.0,63.8
Marina Coast Water District,2026-07-01,1547.0,CA2710017,2026-07-31,Monterey,Central Coast,38377.0,,Flagged,56.8,,36.632,-121.772,73.0,63.8
City of American Canyon,2026-07-01,57.0,CA2810005,2026-07-31,Napa,San Francisco Bay,21437.0,75266499.0,,62.1,,38.197,-122.251,69.8,62.1
City of Napa,2026-07-01,1701.0,CA2810003,2026-06-30,Napa,San Francisco Bay,85005.0,0.0,,0.0,,38.302,-122.307,69.8,62.1
Nevada Irrigation District,2026-07-01,1718.0,"CA2910004,CA2910006,CA2910014,CA2910023,CA3110026,CA5810005",2026-07-31,Nevada,Sacramento River,54196.0,,Flagged,61.5,,39.034,-121.06,151.7,77.9
Truckee - Donner Public Utilities District,2026-07-01,2512.0,CA2910003,2026-07-31,Nevada,North Lahontan,36730.0,179840770.0,,102.2,,39.344,-120.202,66.2,77.9
City of Anaheim,2026-07-01,64.0,CA3010001,2026-07-31,Orange,South Coast,348593.0,1403929034.0,,83.1,,33.838,-117.859,88.8,90.9
City of Brea,2026-07-01,263.0,CA3010002,2026-07-31,Orange,South Coast,48479.0,327250340.0,,97.6,,33.925,-117.865,88.8,90.9
City of Buena Park,2026-07-01,283.0,CA3010003,2026-07-31,Orange,South Coast,81998.0,448132075.0,,105.2,,33.857,-118.005,88.8,90.9
City of Fountain Valley,2026-07-01,924.0,CA3010069,2026-07-31,Orange,South Coast,56747.0,286162348.0,,103.6,,33.71,-117.951,88.8,90.9
City of Fullerton,2026-07-01,967.0,CA3010010,2026-06-30,Orange,South Coast,141874.0,0.0,,0.0,,33.884,-117.928,88.8,90.9
City of Garden Grove,2026-07-01,977.0,CA3010062,2026-07-31,Orange,South Coast,174226.0,695809111.0,,46.1,,33.779,-117.96,88.8,90.9
City of Huntington Beach,2026-07-01,1215.0,CA3010053,2026-07-31,Orange,South Coast,201000.0,829942497.0,,84.3,,33.695,-118.002,88.8,90.9
City of La Habra,2026-07-01,1324.0,CA3010018,2026-07-31,Orange,South Coast,63118.0,268582231.0,,96.4,,33.928,-117.951,88.8,90.9
City of La Palma,2026-07-01,1327.0,CA3010100,2026-07-31,Orange,South Coast,15948.0,,Flagged,103.0,,33.85,-118.054,88.8,90.9
City of Newport Beach,2026-07-01,1730.0,CA3010023,2026-07-31,Orange,South Coast,68572.0,454373151.0,,115.7,,33.61386,-117.85718,88.8,90.9
City of Orange,2026-07-01,1797.0,CA3010027,2026-07-31,Orange,South Coast,120770.0,,Flagged,132.3,,33.806,-117.83,88.8,90.9
City of San Clemente,2026-07-01,2159.0,CA3010036,2026-06-30,Orange,South Coast,51545.0,0.0,,0.0,,33.444,-117.615,88.8,90.9
City of Santa Ana,2026-07-01,2207.0,CA3010038,2026-07-31,Orange,South Coast,310539.0,1033562456.0,,64.4,,33.737,-117.882,88.8,90.9
City of Seal Beach,2026-07-01,2241.0,CA3010041,2026-07-31,Orange,South Coast,24937.0,102085860.0,,46.8,,33.754,-118.072,88.8,90.9
City of Tustin,2026-07-01,2528.0,CA3010046,2026-07-31,Orange,South Coast,66600.0,348380349.0,,128.8,,33.747,-117.815,88.8,90.9
City of Westminster,2026-07-01,2704.0,CA3010064,2026-07-31,Orange,South Coast,90911.0,332335435.0,,72.9,,33.752,-117.994,88.8,90.9
El Toro Water District,2026-07-01,830.0,CA3010079,2026-07-31,Orange,South Coast,51800.0,236388608.0,,92.8,,33.615,-117.711,88.8,90.9
Golden State Water Company - Placentia,2026-07-01,1053.0,CA3010035,2026-07-31,Orange,South Coast,50196.0,223854560.0,,94.5,,33.88,-117.86,88.8,90.9
Golden State Water Company - West Orange,2026-07-01,1062.0,CA3010022,2026-07-31,Orange,South Coast,114185.0,439867292.0,,76.7,,33.806,-118.038,88.8,90.9
Irvine Ranch Water District,2026-07-01,1245.0,CA3010092,2026-07-31,Orange,South Coast,444800.0,1584782856.0,,72.9,,33.704,-117.737,88.8,90.9
Laguna Beach County Water District,2026-07-01,1335.0,CA3010017,2026-07-31,Orange,South Coast,18404.0,109160085.0,,125.1,,33.555,-117.769,88.8,90.9
Mesa Water District,2026-07-01,1596.0,CA3010004,2026-07-31,Orange,South Coast,110000.0,514282704.0,,125.1,,33.666,-117.913,88.8,90.9
Moulton Niguel Water District,2026-07-01,1663.0,CA3010073,2026-07-31,Orange,South Coast,170236.0,762374685.0,,112.9,,33.557,-117.704,88.8,90.9
Santa Margarita Water District,2026-07-01,2217.0,"CA3010101,CA3010030",2026-07-31,Orange,South Coast,207973.0,1067683387.0,,108.5,,33.558,-117.584,88.8,90.9
South Coast Water District,2026-07-01,2334.0,CA3010042,2026-07-31,Orange,South Coast,41118.0,206285637.0,,96.6,,33.493,-117.726,88.8,90.9
Trabuco Canyon Water District,2026-07-01,2490.0,CA3010094,2026-07-31,Orange,South Coast,13659.0,70057965.0,,133.0,,33.669,-117.591,88.8,90.9
Yorba Linda Water District,2026-07-01,2782.0,CA3010037,2026-07-31,Orange,South Coast,84292.0,633617270.0,,181.6,,33.89,-117.777,88.8,90.9
City of Lincoln,2026-07-01,1424.0,CA3110004,2026-07-31,Placer,Sacramento River,54538.0,500890000.0,,204.6,,38.876,-121.293,151.7,176.8
City of Roseville,2026-07-01,2111.0,CA3110008,2026-07-31,Placer,Sacramento River,155612.0,1261863519.0,,163.5,,38.762,-121.292,151.7,176.8
North Tahoe Public Utilities District,2026-07-01,1752.0,"CA3110001,CA3110023,CA3110036",2026-07-31,Placer,North Lahontan,7352.0,38100228.0,,121.1,,39.237,-120.052,66.2,176.8
Placer County Water Agency,2026-07-01,1927.0,"CA3110005,CA3110006,CA3110024,CA3110025,CA3110040,CA3110050,CA3110124",2026-07-31,Placer,Sacramento River,121081.0,1221251495.0,,183.7,,38.811,-121.206,151.7,176.8
Tahoe City Public Utilities District,2026-07-01,2444.0,"CA0910012,CA3100029,CA3110010,CA3110011,CA3110013,CA3110043,CA3110044",2026-07-31,Placer,North Lahontan,7609.0,56273172.0,,192.1,,39.12,-120.154,66.2,176.8
Beaumont - Cherry Valley Water District,2026-07-01,159.0,CA3310002,2026-07-31,Riverside,South Coast,66841.0,487411184.0,,169.9,,33.966,-116.971,88.8,142.3
City of Banning,2026-07-01,129.0,CA3310006,2026-07-31,Riverside,Colorado River,31680.0,256232608.0,,147.1,,33.946,-116.899,201.5,142.3
City of Blythe,2026-07-01,241.0,CA3310003,2026-07-31,Riverside,Colorado River,9798.0,95699503.0,,161.0,,33.611,-114.584,201.5,142.3
City of Coachella,2026-07-01,575.0,CA3310007,2026-07-31,Riverside,Colorado River,43590.0,266417000.0,,126.3,,33.681,-116.158,201.5,142.3
City of Corona,2026-07-01,624.0,CA3310037,2026-07-31,Riverside,South Coast,168575.0,1499415813.0,,122.7,,33.86,-117.565,88.8,142.3
City of Hemet,2026-07-01,1157.0,CA3310016,2026-07-31,Riverside,South Coast,33828.0,129093694.0,,71.4,,33.742,-116.983,88.8,142.3
City of Indio,2026-07-01,1236.0,CA3310020,2026-07-31,Riverside,Colorado River,84757.0,715808191.0,,185.8,,33.72,-116.228,201.5,142.3
City of Norco,2026-07-01,1732.0,CA3310025,2026-07-31,Riverside,South Coast,25068.0,228400400.0,,164.2,,33.926,-117.552,88.8,142.3
City of Riverside,2026-07-01,2083.0,CA3310031,2026-07-31,Riverside,South Coast,298398.0,2546216007.0,,119.3,,33.941,-117.408,88.8,142.3
City of San Jacinto,2026-07-01,2169.0,CA3310032,2026-07-31,Riverside,South Coast,18950.0,89699612.0,,96.4,,33.787,-116.962,88.8,142.3
Coachella Valley Water District,2026-07-01,577.0,"CA3310001,CA3310048",2026-07-31,Riverside,Colorado River,274600.0,3299013279.0,,226.3,,33.638,-116.208,201.5,142.3
Desert Water Agency,2026-07-01,727.0,CA3310005,2026-07-31,Riverside,Colorado River,74807.0,1127696533.0,,342.2,,33.837,-116.576,201.5,142.3
Eastern Municipal Water District,2026-07-01,794.0,CA3310009,2026-07-31,Riverside,South Coast,666581.0,3172308399.0,,99.8,,33.731,-117.1,88.8,142.3
Elsinore Valley Municipal Water District,2026-07-01,842.0,CA3310012,2026-07-31,Riverside,South Coast,169455.0,813221127.0,,102.6,,33.670796,-117.32168,88.8,142.3
Jurupa Community Service District,2026-07-01,1273.0,CA3310021,2026-07-31,Riverside,South Coast,135093.0,963525114.0,,120.2,,33.992,-117.516,88.8,142.3
Lake Hemet Municipal Water District,2026-07-01,1352.0,CA3310022,2026-07-31,Riverside,South Coast,52913.0,284511615.0,,128.0,,33.739,-116.911,88.8,142.3
Mission Springs Water District,2026-07-01,1626.0,"CA3310008,CA3310078,CA3310081",2026-07-31,Riverside,Colorado River,44400.0,269734320.0,,126.5,,33.972,-116.6,201.5,142.3
Myoma Dunes Mutual Water Company,2026-07-01,1697.0,CA3310051,2026-07-31,Riverside,Colorado River,9445.0,121180000.0,,365.6,,33.743,-116.284,201.5,142.3
Rancho California Water District,2026-07-01,2000.0,CA3310038,2026-07-31,Riverside,South Coast,146147.0,1384893305.0,,187.4,,33.512,-117.163,88.8,142.3
Rubidoux Community Service District,2026-07-01,2118.0,CA3310044,2026-07-31,Riverside,South Coast,36827.0,170366000.0,,80.6,,34.001,-117.408,88.8,142.3
Temescal Valley Water District,2026-07-01,1408.0,CA3310074,2026-07-31,Riverside,South Coast,21971.0,124409499.0,,143.6,,33.769,-117.486,88.8,142.3
Western Municipal Water District of Riverside,2026-07-01,2697.0,"CA3310036,CA3310049,CA3310076",2026-07-31,Riverside,South Coast,103707.0,922345000.0,,169.3,,33.785,-117.389,88.8,142.3
California American Water Company - Sacramento District,2026-07-01,372.0,"CA3110150,CA3410010,CA3410012,CA3410013,CA3410017,CA3410031,CA3410045,CA3410047,CA5700712,CA3410023",2026-07-31,Sacramento,Sacramento River,220558.0,1143956000.0,,126.7,,38.694,-121.318,151.7,148.8
Carmichael Water District,2026-07-01,481.0,CA3410004,2026-07-31,Sacramento,Sacramento River,41193.0,373392000.0,,227.0,,38.624,-121.323,151.7,148.8
Citrus Heights Water District,2026-07-01,561.0,CA3410006,2026-07-31,Sacramento,Sacramento River,67818.0,477987573.0,,103.0,,38.694,-121.27,151.7,148.8
City of Folsom,2026-07-01,904.0,"CA3410014,CA3410030",2026-06-30,Sacramento,Sacramento River,84286.0,0.0,,0.0,,38.646,-121.168,151.7,148.8
City of Galt,2026-07-01,972.0,CA3410011,2026-07-31,Sacramento,Sacramento River,26536.0,190480900.0,,140.9,,38.267,-121.297,151.7,148.8
City of Sacramento,2026-07-01,2130.0,CA3410020,2026-07-31,Sacramento,Sacramento River,520407.0,3326700000.0,,129.4,,38.565,-121.468,151.7,148.8
Elk Grove Water District,2026-07-01,835.0,CA3410008,2026-07-31,Sacramento,Sacramento River,43813.0,290201214.0,,146.1,,38.418,-121.354,151.7,148.8
Fair Oaks Water District,2026-07-01,866.0,CA3410009,2026-07-31,Sacramento,Sacramento River,36226.0,429061046.0,,317.1,,38.654,-121.25,151.7,148.8
Golden State Water Company - Cordova,2026-07-01,1036.0,CA3410015,2026-07-31,Sacramento,Sacramento River,47161.0,508005106.0,,156.7,,38.605,-121.275,151.7,148.8
Orangevale Water Company,2026-07-01,1803.0,CA3410016,2026-07-31,Sacramento,Sacramento River,16861.0,176713299.0,,285.9,,38.685,-121.221,151.7,148.8
Rio Linda - Elverta Community Water District,2026-07-01,2060.0,CA3410018,2026-07-31,Sacramento,Sacramento River,15460.0,124113656.0,,160.6,,38.688,-121.442,151.7,148.8
Sacramento County Water Agency,2026-07-01,2132.0,"CA3400101,CA3400106,CA3400156,CA3410002,CA3410029,CA3410704",2026-07-31,Sacramento,Sacramento River,226496.0,1572900773.0,,112.7,,38.498,-121.306,151.7,148.8
Sacramento Suburban Water District,2026-07-01,2140.0,CA3410001,2026-07-31,Sacramento,Sacramento River,194444.0,1294130000.0,,176.3,,38.65,-121.362,151.7,148.8
San Juan Water District,2026-07-01,2179.0,CA3410021,2026-07-31,Sacramento,Sacramento River,29598.0,679347199.0,,454.3,,38.73,-121.195,151.7,148.8
City of Hollister,2026-07-01,1188.0,CA3510001,2026-07-31,San Benito,Central Coast,26017.0,118348753.0,,73.9,,36.861,-121.405,73.0,92.7
Sunnyslope County Water District,2026-07-01,2424.0,CA3510003,2026-07-31,San Benito,Central Coast,24954.0,113219321.0,,112.3,,36.834,-121.368,73.0,92.7
Apple Valley Ranchos Water Company,2026-07-01,87.0,CA3610003,2026-07-31,San Bernardino,South Lahontan,64469.0,360582825.0,,107.4,,34.505142,-117.218285,107.0,123.8
Big Bear Community Services District,2026-07-01,197.0,CA3610008,2026-07-31,San Bernardino,South Coast,12738.0,36788578.0,,41.7,,34.253,-116.827,88.8,123.8
City of Adelanto,2026-07-01,13.0,CA3610001,2026-07-31,San Bernardino,South Lahontan,39930.0,156539000.0,,94.0,,34.582,-117.419,107.0,123.8
City of Big Bear Lake,2026-07-01,198.0,"CA3600283,CA3610022,CA3610044",2026-07-31,San Bernardino,South Coast,27642.0,77277317.0,,61.5,,34.244,-116.878,88.8,123.8
City of Chino,2026-07-01,545.0,CA3610012,2026-07-31,San Bernardino,South Coast,86435.0,579095044.0,,91.1,,34.002,-117.681,88.8,123.8
City of Chino Hills,2026-07-01,547.0,CA3610036,2026-07-31,San Bernardino,South Coast,76414.0,435287043.0,,129.8,,33.95,-117.725,88.8,123.8
City of Colton,2026-07-01,596.0,CA3610014,2026-07-31,San Bernardino,South Coast,46525.0,307928869.0,,104.4,,34.052,-117.32,88.8,123.8
City of Loma Linda,2026-07-01,1452.0,CA3610013,2026-06-30,San Bernardino,South Coast,25129.0,0.0,,0.0,,34.045,-117.251,88.8,123.8
City of Ontario,2026-07-01,1795.0,CA3610034,2026-07-31,San Bernardino,South Coast,185010.0,1074184766.0,,103.7,,34.038,-117.608,88.8,123.8
City of Redlands,2026-07-01,2035.0,CA3610037,2026-07-31,San Bernardino,South Coast,78025.0,866511973.0,,218.7,,34.055,-117.169,88.8,123.8
City of Rialto,2026-07-01,2049.0,CA3610038,2026-07-31,San Bernardino,South Coast,54453.0,382158053.0,,129.5,,34.104,-117.377,88.8,123.8
City of San Bernardino,2026-07-01,2150.0,CA3610039,2026-07-31,San Bernardino,South Coast,214665.0,1333470479.0,,118.6,,34.144,-117.307,88.8,123.8
City of Upland,2026-07-01,2541.0,CA3610050,2026-07-31,San Bernardino,South Coast,78376.0,,Flagged,179.9,,34.118,-117.661,88.8,123.8
Crestline Village Water District,2026-07-01,654.0,CA3610015,2026-07-31,San Bernardino,South Lahontan,11650.0,21726280.0,,41.1,,34.242,-117.276,107.0,123.8
Cucamonga Valley Water District,2026-07-01,664.0,CA3610018,2026-07-31,San Bernardino,South Coast,211069.0,1539851261.0,,156.4,,34.126,-117.563,88.8,123.8
East Valley Water District,2026-07-01,793.0,CA3610064,2026-07-31,San Bernardino,South Coast,108629.0,644508303.0,,142.5,,34.126,-117.191,88.8,123.8
Golden State Water Company - Barstow,2026-07-01,1030.0,CA3610043,2026-07-31,San Bernardino,South Lahontan,32547.0,196757125.0,,93.9,,34.889,-117.045,107.0,123.8
Hesperia Water District,2026-07-01,1166.0,CA3610024,2026-07-31,San Bernardino,South Lahontan,100744.0,519738924.0,,121.7,,34.293,-116.934,107.0,123.8
Hi Desert Water District,2026-07-01,1167.0,CA3610073,2026-07-31,San Bernardino,Colorado River,26411.0,107685696.0,,78.0,,34.151,-116.407,201.5,123.8
Joshua Basin Water District,2026-07-01,1270.0,CA3610025,2026-07-31,San Bernardino,Colorado River,6640.0,39053242.0,,137.5,,34.167,-116.281,201.5,123.8
Lake Arrowhead Community Services District,2026-07-01,1343.0,CA3610005,2026-07-31,San Bernardino,South Lahontan,7038.0,55003649.0,,208.2,,34.254,-117.197,107.0,123.8
Monte Vista Water District,2026-07-01,1642.0,CA3610029,2026-07-31,San Bernardino,South Coast,56017.0,264272097.0,,98.5,,34.056,-117.704,88.8,123.8
Phelan Pinon Hills Community Services District,2026-07-01,1896.0,CA3610120,2026-07-31,San Bernardino,South Lahontan,24285.0,102054904.0,,116.0,,34.467,-117.565,107.0,123.8
Riverside Highland Water Company,2026-07-01,2087.0,CA3610057,2026-06-30,San Bernardino,South Coast,20188.0,0.0,,0.0,,34.019,-117.308,88.8,123.8
Running Springs Water District,2026-07-01,2122.0,CA3610062,2026-07-31,San Bernardino,South Lahontan,5268.0,14361677.0,,64.1,,34.20757,-117.11768,107.0,123.8
San Bernardino County Service Area 64 Spring Valley Lake,2026-07-01,2154.0,CA3610121,2026-06-30,San Bernardino,South Lahontan,14911.0,0.0,,0.0,,34.493,-117.265,107.0,123.8
San Bernardino County Service Area 70 J Oak Hills,2026-07-01,2891.0,CA3610125,2026-07-31,San Bernardino,South Coast,12843.0,65329867.0,,124.0,,34.388,-117.405,88.8,123.8
San Gabriel Valley Water Company Fontana Division,2026-07-01,2166.0,CA3610041,2026-07-31,San Bernardino,South Coast,237700.0,,Flagged,94.4,,34.092,-117.465,88.8,123.8
Twentynine Palms Water District,2026-07-01,2530.0,CA3610049,2026-07-31,San Bernardino,Colorado River,18795.0,83104061.0,,87.7,,34.167,-116.09,201.5,123.8
Victorville Water District,2026-07-01,2635.0,CA3610052,2026-07-31,San Bernardino,South Lahontan,135983.0,677410092.0,,121.1,,34.521,-117.368,107.0,123.8
West Valley Water District,2026-07-01,2690.0,CA3610004,2026-07-31,San Bernardino,South Coast,104498.0,725272554.0,,127.1,,34.14319,-117.381899,88.8,123.8
Yucaipa Valley Water District,2026-07-01,2793.0,CA3610055,2026-07-31,San Bernardino,South Coast,52010.0,397079635.0,,208.4,,34.033154,-117.055743,88.8,123.8
California American Water Company - San Diego District,2026-07-01,373.0,CA3710001,2026-07-31,San Diego,South Coast,106000.0,331117000.0,,59.2,,32.605,-117.117,88.8,81.1
Carlsbad Municipal Water District,2026-07-01,478.0,CA3710005,2026-07-31,San Diego,South Coast,95158.0,494250797.0,,95.3,,33.133,-117.293,88.8,81.1
City of Escondido,2026-07-01,851.0,CA3710006,2026-07-31,San Diego,South Coast,137044.0,,Flagged,89.4,,33.131,-117.058,88.8,81.1
City of Oceanside,2026-07-01,1777.0,CA3710014,2026-07-31,San Diego,South Coast,171483.0,771784611.0,,87.6,,33.225,-117.308,88.8,81.1
City of Poway,2026-07-01,1964.0,CA3710015,2026-07-31,San Diego,South Coast,49888.0,348797427.0,,88.0,,32.980922,-117.18453,88.8,81.1
City of San Diego,2026-07-01,2160.0,CA3710020,2026-07-31,San Diego,South Coast,1385379.0,,Flagged,71.2,,32.835,-117.125,88.8,81.1
Fallbrook Public Utility District,2026-07-01,873.0,CA3710008,2026-07-31,San Diego,South Coast,35237.0,,Flagged,124.8,,33.408,-117.263,88.8,81.1
Helix Water District,2026-07-01,1154.0,CA3710010,2026-07-31,San Diego,South Coast,277668.0,,Flagged,81.7,,32.783,-116.971,88.8,81.1
Lakeside Water District,2026-07-01,1368.0,CA3710013,2026-07-31,San Diego,South Coast,35500.0,129750174.0,,91.2,,32.879,-116.924,88.8,81.1
Olivenhain Municipal Water District,2026-07-01,1793.0,CA3710029,2026-07-31,San Diego,South Coast,86458.0,671715768.0,,167.9,,33.046,-117.186,88.8,81.1
Otay Water District,2026-07-01,1821.0,CA3710034,2026-07-31,San Diego,South Coast,238008.0,1111933952.0,,77.0,,32.67,-116.925,88.8,81.1
Padre Dam Municipal Water District,2026-07-01,1838.0,CA3710037,2026-07-31,San Diego,South Coast,93859.0,382249344.0,,93.5,,32.838,-116.869,88.8,81.1
Rainbow Municipal Water District,2026-07-01,1990.0,CA3710016,2026-07-31,San Diego,South Coast,23536.0,374266873.0,,194.8,,33.342,-117.167,88.8,81.1
Ramona Municipal Water District,2026-07-01,1996.0,CA3710019,2026-07-31,San Diego,South Coast,37047.0,137032414.0,,93.5,,33.021,-116.891,88.8,81.1
Rincon Del Diablo Municipal Water District,2026-07-01,2057.0,"CA3710018,CA3710044",2026-07-31,San Diego,South Coast,34032.0,168595307.0,,106.1,,33.111,-117.111,88.8,81.1
San Dieguito Water District,2026-07-01,2162.0,CA3710021,2026-07-31,San Diego,South Coast,40405.0,190648902.0,,96.6,,33.049,-117.283,88.8,81.1
Santa Fe Irrigation District,2026-07-01,2214.0,CA3710023,2026-05-31,San Diego,South Coast,21578.0,,Flagged,0.0,,33.012,-117.22,88.8,81.1
Sweetwater Authority,2026-07-01,2437.0,CA3710025,2026-07-31,San Diego,South Coast,191282.0,569675486.0,,56.3,,32.65,-117.066,88.8,81.1
Vallecitos Water District,2026-07-01,2602.0,CA3710002,2026-07-31,San Diego,South Coast,113500.0,520804395.0,,74.8,,33.145082,-117.167608,88.8,81.1
Valley Center Municipal Water District,2026-07-01,2604.0,CA3710026,2026-07-31,San Diego,South Coast,29938.0,,Flagged,187.6,,33.246,-117.055,88.8,81.1
Vista Irrigation District,2026-07-01,2649.0,CA3710027,2026-03-31,San Diego,South Coast,130583.0,0.0,,0.0,,33.20198,-117.235586,88.8,81.1
San Francisco Public Utilities Commission,2026-07-01,2164.0,"CA0110012,CA0110018,CA3810011",2026-07-31,San Francisco,San Francisco Bay,848301.0,1875726313.0,,43.5,,37.755,-122.443,69.8,43.5
California Water Service Company Stockton,2026-07-01,424.0,CA3910001,2026-07-31,San Joaquin,San Joaquin River,176266.0,848150752.0,,78.9,,37.956,-121.283,128.8,127.0
City of Lathrop,2026-07-01,1388.0,CA3910015,2026-07-31,San Joaquin,San Joaquin River,35080.0,238270000.0,,124.3,,37.81,-121.313,128.8,127.0
City of Lodi,2026-07-01,1450.0,CA3910004,2026-07-31,San Joaquin,San Joaquin River,68272.0,559313219.0,,161.7,,38.121,-121.293,128.8,127.0
City of Manteca,2026-07-01,1539.0,CA3910005,2026-07-31,San Joaquin,San Joaquin River,84928.0,596436000.0,,193.5,,37.793,-121.227,128.8,127.0
City of Ripon,2026-07-01,2065.0,CA3910007,2026-07-31,San Joaquin,San Joaquin River,15741.0,166133000.0,,244.3,,37.742,-121.131,128.8,127.0
City of Stockton,2026-07-01,2381.0,CA3910012,2026-07-31,San Joaquin,San Joaquin River,191302.0,1228660000.0,,123.7,,37.993,-121.319,128.8,127.0
City of Tracy,2026-07-01,2496.0,CA3910011,2026-07-31,San Joaquin,San Joaquin River,96609.0,731678920.0,,120.4,,37.727,-121.452,128.8,127.0
Mountain House Community Services District,2026-07-01,4231.0,CA3910027,2026-06-30,San Joaquin,San Joaquin River,24948.0,0.0,,0.0,,37.784,-121.542,128.8,127.0
Atascadero Mutual Water Company,2026-07-01,107.0,CA4010002,2026-07-31,San Luis Obispo,Central Coast,30618.0,197717000.0,,163.0,,35.472,-120.682,73.0,94.2
Cambria Community Service District,2026-07-01,445.0,CA4010014,2026-07-31,San Luis Obispo,Central Coast,5532.0,17762138.0,,57.0,,35.564,-121.094,73.0,94.2
City of Arroyo Grande,2026-07-01,99.0,CA4010001,2026-07-31,San Luis Obispo,Central Coast,17963.0,67304698.0,,91.3,,35.124,-120.585,73.0,94.2
City of Grover Beach,2026-07-01,1110.0,CA4010004,2026-07-31,San Luis Obispo,Central Coast,12701.0,36163955.0,,71.5,,35.12,-120.62,73.0,94.2
City of Morro Bay,2026-07-01,1660.0,CA4010011,2026-07-31,San Luis Obispo,Central Coast,13757.0,37250546.0,,53.5,,35.367753,-120.851817,73.0,94.2
City of Paso Robles,2026-07-01,1875.0,CA4010007,2026-07-31,San Luis Obispo,Central Coast,31176.0,219951000.0,,109.3,,35.639,-120.66,73.0,94.2
City of Pismo Beach,2026-07-01,1923.0,CA4010008,2026-05-31,San Luis Obispo,Central Coast,8036.0,0.0,,0.0,,35.149,-120.65,73.0,94.2
City of San Luis Obispo,2026-07-01,2182.0,CA4010009,2026-07-31,San Luis Obispo,Central Coast,47788.0,163710000.0,,60.6,,35.272,-120.666,73.0,94.2
Nipomo Community Service District,2026-07-01,1731.0,CA4010026,2026-07-31,San Luis Obispo,Central Coast,13771.0,,Flagged,103.7,,35.043,-120.505,73.0,94.2
California Water Service Company Bear Gulch,2026-07-01,387.0,CA4110006,2026-07-31,San Mateo,San Francisco Bay,60903.0,466426847.0,,208.1,,37.428,-122.222,69.8,70.2
California Water Service Company Mid Peninsula,2026-07-01,420.0,"CA4110007,CA4110008",2026-07-31,San Mateo,San Francisco Bay,137692.0,438980821.0,,69.8,,37.533,-122.304,69.8,70.2
California Water Service Company South San Francisco,2026-07-01,422.0,CA4110009,2026-07-31,San Mateo,San Francisco Bay,64121.0,195694878.0,,40.9,,37.661,-122.427,69.8,70.2
City of Burlingame,2026-07-01,286.0,CA4110003,2026-07-31,San Mateo,San Francisco Bay,31447.0,131373117.0,,73.0,,37.589,-122.36,69.8,70.2
City of East Palo Alto,2026-07-01,787.0,CA4110024,2026-07-31,San Mateo,San Francisco Bay,29519.0,58970488.0,,43.7,,37.468,-122.138,69.8,70.2
City of Menlo Park,2026-07-01,1587.0,CA4110017,2026-07-31,San Mateo,San Francisco Bay,19297.0,109336402.0,,71.5,,37.461,-122.176,69.8,70.2
City of Millbrae,2026-07-01,1613.0,CA4110018,2026-07-31,San Mateo,San Francisco Bay,22795.0,72649395.0,,53.9,,37.6,-122.403,69.8,70.2
City of San Bruno,2026-07-01,2157.0,CA4110023,2026-07-31,San Mateo,San Francisco Bay,41327.0,101681212.0,,54.0,,37.626,-122.432,69.8,70.2
Coastside County Water District,2026-07-01,583.0,CA4110011,2026-07-31,San Mateo,San Francisco Bay,18940.0,46100556.0,,50.0,,37.472,-122.444,69.8,70.2
Daly City,2026-07-01,673.0,CA4110013,2026-07-31,San Mateo,San Francisco Bay,104901.0,199700710.0,,48.0,,37.685,-122.476,69.8,70.2
Estero Municipal Improvement District,2026-07-01,856.0,CA4110021,2026-07-31,San Mateo,San Francisco Bay,36556.0,156170378.0,,56.2,,37.556,-122.269,69.8,70.2
Hillsborough Town of,2026-07-01,1181.0,CA4110016,2026-05-31,San Mateo,San Francisco Bay,11766.0,0.0,,0.0,,37.557,-122.358,69.8,70.2
Mid-Peninsula Water District,2026-07-01,1605.0,CA4110001,2026-07-31,San Mateo,San Francisco Bay,30609.0,84016856.0,,62.5,,37.515,-122.294,69.8,70.2
North Coast County Water District,2026-07-01,1739.0,CA4110025,2026-07-31,San Mateo,San Francisco Bay,38546.0,75963343.0,,50.0,,37.609,-122.483,69.8,70.2
Redwood City,2026-07-01,2037.0,CA4110022,2026-07-31,San Mateo,San Francisco Bay,92819.0,315142339.0,,69.2,,37.499,-122.229,69.8,70.2
Westborough Water District,2026-07-01,2691.0,CA4110027,2026-07-31,San Mateo,San Francisco Bay,13486.0,23309300.0,,40.9,,37.643,-122.456,69.8,70.2
Carpinteria Valley Water District,2026-07-01,485.0,CA4210001,2026-07-31,Santa Barbara,Central Coast,15996.0,,Flagged,80.1,,34.413,-119.51,73.0,76.4
City of Lompoc,2026-07-01,1459.0,CA4210006,2026-07-31,Santa Barbara,Central Coast,40473.0,124795347.0,,64.6,,34.65,-120.459,73.0,76.4
City of Santa Barbara,2026-07-01,2209.0,CA4210010,2026-07-31,Santa Barbara,Central Coast,98872.0,322445416.0,,61.4,,34.429,-119.71,73.0,76.4
City of Santa Maria,2026-07-01,2218.0,CA4210011,2026-07-31,Santa Barbara,Central Coast,109477.0,378182671.0,,61.8,,34.934,-120.441,73.0,76.4
Golden State Water Company - Orcutt,2026-07-01,1052.0,CA4210016,2026-07-31,Santa Barbara,Central Coast,34102.0,200629791.0,,142.0,,34.872,-120.427,73.0,76.4
Goleta Water District,2026-07-01,1068.0,CA4210004,2026-07-31,Santa Barbara,Central Coast,84462.0,293940343.0,,59.0,,34.442,-119.818,73.0,76.4
Montecito Water District,2026-07-01,1645.0,CA4210007,2026-07-31,Santa Barbara,Central Coast,11962.0,147243441.0,,304.7,,34.437,-119.616,73.0,76.4
California Water Service Company Los Altos/Suburban,2026-07-01,402.0,CA4310001,2026-07-31,Santa Clara,San Francisco Bay,70175.0,413484325.0,,129.9,,37.355,-122.072,69.8,66.0
City of Gilroy,2026-07-01,995.0,CA4310004,2026-07-31,Santa Clara,Central Coast,58108.0,288017000.0,,100.5,,37.005,-121.585,73.0,66.0
City of Milpitas,2026-07-01,1619.0,CA4310005,2026-06-30,Santa Clara,San Francisco Bay,77961.0,0.0,,0.0,,37.432,-121.899,69.8,66.0
City of Morgan Hill,2026-07-01,1656.0,CA4310006,2026-07-31,Santa Clara,Central Coast,47374.0,277748000.0,,116.3,,37.133,-121.642,73.0,66.0
City of Mountain View,2026-07-01,1671.0,CA4310007,2026-07-31,Santa Clara,San Francisco Bay,81501.0,347277348.0,,58.9,,37.402,-122.08,69.8,66.0
City of Palo Alto,2026-07-01,1851.0,CA4310009,2026-07-31,Santa Clara,San Francisco Bay,67231.0,363389359.0,,88.2,,37.391,-122.146,69.8,66.0
City of San Jose,2026-07-01,2174.0,"CA4310019,CA4310020",2026-07-31,Santa Clara,San Francisco Bay,146824.0,549599414.0,,75.8,,37.282,-121.791,69.8,66.0
City of Santa Clara,2026-07-01,2210.0,CA4310012,2026-07-31,Santa Clara,San Francisco Bay,130746.0,560252000.0,,62.8,,37.365,-121.968,69.8,66.0
City of Sunnyvale,2026-07-01,2425.0,CA4310014,2026-07-31,Santa Clara,San Francisco Bay,157566.0,701876222.0,,44.5,,37.378,-122.023,69.8,66.0
Great Oaks Water Company Incorporated,2026-07-01,1083.0,CA4310022,2026-07-31,Santa Clara,San Francisco Bay,110088.0,347174019.0,,81.6,,37.246,-121.799,69.8,66.0
San Jose Water Company,2026-07-01,2175.0,"CA4310011,CA4310018",2026-07-31,Santa Clara,San Francisco Bay,1056256.0,,Flagged,57.3,,37.296,-121.91,69.8,66.0
City of Santa Cruz,2026-07-01,2213.0,CA4410010,2026-07-31,Santa Cruz,Central Coast,94626.0,273159000.0,,32.5,,36.985,-122.034,73.0,46.6
City of Watsonville,2026-07-01,2669.0,CA4410011,2026-07-31,Santa Cruz,Central Coast,65231.0,,Flagged,59.2,,36.942,-121.778,73.0,46.6
San Lorenzo Valley Water District,2026-07-01,2180.0,"CA4410002,CA4410014",2026-07-31,Santa Cruz,Central Coast,25485.0,60467771.0,,44.2,,37.144,-122.118,73.0,46.6
Scotts Valley Water District,2026-07-01,2237.0,CA4410013,2026-07-31,Santa Cruz,Central Coast,11197.0,34119206.0,,59.5,,37.062,-122.006,73.0,46.6
Soquel Creek Water District,2026-07-01,2330.0,CA4410017,2026-07-31,Santa Cruz,Central Coast,40809.0,105277234.0,,57.0,,36.992,-121.919,73.0,46.6
Bella Vista Water District,2026-07-01,167.0,CA4510014,2026-07-31,Shasta,Sacramento River,18612.0,360799968.0,,264.6,,40.62,-122.28,151.7,241.7
City of Anderson,2026-07-01,66.0,CA4510001,2026-07-31,Shasta,Sacramento River,11147.0,113439000.0,,252.9,,40.45,-122.294,151.7,241.7
City of Redding,2026-07-01,2033.0,CA4510005,2026-07-31,Shasta,Sacramento River,89628.0,1053735057.0,,244.3,,40.574,-122.376,151.7,241.7
City of Shasta Lake,2026-07-01,2273.0,CA4510006,2026-07-31,Shasta,Sacramento River,10657.0,79680128.0,,167.6,,40.679,-122.378,151.7,241.7
City of Yreka,2026-07-01,2789.0,CA4710011,2026-07-31,Siskiyou,North Coast,7825.0,102320000.0,,141.2,,41.73,-122.631,72.1,141.2
California Water Service Company Dixon,2026-07-01,390.0,CA4810002,2026-07-31,Solano,Sacramento River,10623.0,50140004.0,,93.5,,38.446,-121.826,151.7,104.6
City of Benicia,2026-07-01,178.0,CA4810001,2026-07-31,Solano,San Francisco Bay,27131.0,127515000.0,,76.9,,38.072,-122.153,69.8,104.6
City of Fairfield,2026-07-01,867.0,CA4810003,2026-07-31,Solano,Sacramento River,120377.0,,Flagged,86.6,,38.214,-122.117,151.7,104.6
City of Rio Vista,2026-07-01,2063.0,CA4810004,2026-07-31,Solano,Sacramento River,10489.0,90121000.0,,204.1,,38.177,-121.703,151.7,104.6
City of Vacaville,2026-07-01,2597.0,CA4810008,2026-07-31,Solano,Sacramento River,97000.0,666133000.0,,125.0,,38.36,-121.968,151.7,104.6
City of Vallejo,2026-07-01,2603.0,"CA4810007,CA4810021",2025-12-31,Solano,San Francisco Bay,124220.0,0.0,,0.0,,38.114,-122.235,69.8,104.6
Suisun - Solano Water Authority,2026-07-01,2405.0,CA4810005,2026-05-31,Solano,San Francisco Bay,29105.0,0.0,,0.0,,38.249,-122.006,69.8,104.6
City of Cloverdale,2026-07-01,572.0,CA4910002,2026-07-31,Sonoma,North Coast,10398.0,42892500.0,,76.2,,38.799,-123.019,72.1,82.3
City of Healdsburg,2026-07-01,1144.0,CA4910005,2026-07-31,Sonoma,North Coast,10985.0,62123927.0,,97.1,,38.622,-122.866,72.1,82.3
City of Petaluma,2026-07-01,1894.0,CA4910006,2026-07-31,Sonoma,San Francisco Bay,60781.0,253403415.0,,96.5,,38.243,-122.628,69.8,82.3
City of Rohnert Park,2026-07-01,2103.0,CA4910014,2026-07-31,Sonoma,North Coast,43821.0,156949228.0,,77.7,,38.348,-122.696,72.1,82.3
City of Santa Rosa,2026-07-01,2224.0,CA4910009,2026-07-31,Sonoma,North Coast,175396.0,615601379.0,,74.6,,38.448,-122.7,72.1,82.3
City of Sonoma,2026-07-01,2326.0,CA4910012,2026-07-31,Sonoma,San Francisco Bay,11725.0,71524946.0,,152.1,,38.29,-122.457,69.8,82.3
Sweetwater Springs Water District,2026-07-01,2438.0,"CA4910004,CA4910028",2026-07-31,Sonoma,North Coast,9000.0,24020635.0,,60.2,,38.486,-123.002,72.1,82.3
Valley of The Moon Water District,2026-07-01,2610.0,CA4910013,2026-07-31,Sonoma,San Francisco Bay,23107.0,80398846.0,,69.1,,38.32,-122.5,69.8,82.3
Windsor Town of,2026-07-01,2751.0,CA4910017,2026-07-31,Sonoma,North Coast,25561.0,119666000.0,,93.2,,38.543,-122.804,72.1,82.3
City of Ceres,2026-07-01,522.0,CA5010028,2026-07-31,Stanislaus,San Joaquin River,54513.0,241340000.0,,97.6,,37.597,-120.956,128.8,143.9
City of Modesto,2026-07-01,1631.0,"CA5010005,CA5010010,CA5010023,CA5010029,CA5010031,CA5010033,CA5010034,CA5010035",2026-06-30,Stanislaus,San Joaquin River,237114.0,0.0,,0.0,,37.653218,-120.986742,128.8,143.9
City of Newman,2026-07-01,1729.0,CA5010013,2026-07-31,Stanislaus,San Joaquin River,12207.0,88489000.0,,129.9,,37.317,-121.025,128.8,143.9
City of Oakdale,2026-07-01,1765.0,CA5010014,2026-07-31,Stanislaus,San Joaquin River,23235.0,215310000.0,,180.8,,37.762,-120.845,128.8,143.9
City of Patterson,2026-07-01,1877.0,CA5010017,2026-07-31,Stanislaus,San Joaquin River,23304.0,147942000.0,,137.3,,37.48,-121.107,128.8,143.9
City of Riverbank,2026-07-01,2074.0,CA5010018,2026-07-31,Stanislaus,San Joaquin River,24834.0,174082000.0,,203.5,,37.73,-120.938,128.8,143.9
City of Turlock,2026-07-01,2524.0,CA5010019,2026-07-31,Stanislaus,San Joaquin River,72682.0,706206400.0,,150.9,,37.504,-120.854,128.8,143.9
Yuba City,2026-07-01,2790.0,CA5110002,2026-07-31,Sutter,Sacramento River,70256.0,544040000.0,,141.5,,39.135,-121.625,151.7,141.5
City of Red Bluff,2026-07-01,2031.0,CA5210004,2026-07-31,Tehama,Sacramento River,14710.0,,Flagged,246.0,,40.17,-122.238,151.7,246.0
California Water Service Company Visalia,2026-07-01,427.0,"CA5400935,CA5410016,CA5410041",2026-07-31,Tulare,Tulare Lake,149350.0,1187247290.0,,176.3,,36.323,-119.306,175.8,164.6
City of Dinuba,2026-07-01,737.0,CA5410002,2026-04-30,Tulare,Tulare Lake,26955.0,0.0,,0.0,,36.545,-119.394,175.8,164.6
City of Exeter,2026-07-01,863.0,CA5410003,2026-06-30,Tulare,Tulare Lake,11169.0,0.0,,0.0,,36.294,-119.145,175.8,164.6
City of Lindsay,2026-07-01,1432.0,CA5410006,2026-05-31,Tulare,Tulare Lake,12659.0,0.0,,0.0,,36.20826,-119.09005,175.8,164.6
City of Porterville,2026-07-01,1956.0,CA5410010,2026-07-31,Tulare,Tulare Lake,63164.0,408755969.0,,156.5,,36.071658,-119.025804,175.8,164.6
City of Tulare,2026-07-01,2516.0,CA5410015,2026-07-31,Tulare,Tulare Lake,72131.0,606259600.0,,147.6,,36.204,-119.336,175.8,164.6
Groveland Community Services District,2026-07-01,1109.0,CA5510009,2026-07-31,Tuolumne,San Joaquin River,3400.0,15989705.0,,96.2,,37.839,-120.208,128.8,96.2
Tuolumne Utilities District,2026-07-01,2523.0,"CA5500363,CA5510001,CA5510002,CA5510003,CA5510012,CA5510013,CA5510015,CA5510021,CA5510025,CA5510028,CA5510033",2026-05-31,Tuolumne,San Joaquin River,34305.0,0.0,,0.0,,37.961,-120.24,128.8,96.2
California American Water Company - Ventura District,2026-07-01,376.0,"CA5610040,CA5610081",2026-07-31,Ventura,South Coast,68848.0,436838000.0,,134.5,,34.191,-118.925,88.8,112.6
California Water Service Company Westlake,2026-07-01,428.0,CA5610016,2026-07-31,Ventura,South Coast,19533.0,218703460.0,,232.8,,34.173,-118.816,88.8,112.6
Camrosa Water District,2026-07-01,467.0,CA5610063,2026-07-31,Ventura,South Coast,32700.0,248129512.0,,154.5,,34.231,-118.942,88.8,112.6
Casitas Municipal Water District,2026-07-01,495.0,"CA5610014,CA5610024",2026-06-30,Ventura,South Coast,17806.0,,Flagged,0.0,,34.383,-119.295,88.8,112.6
City of (Ventura) San Buenaventura,2026-07-01,2158.0,CA5610017,2026-07-31,Ventura,South Coast,113500.0,434128029.0,,58.4,,34.278,-119.225,88.8,112.6
City of Camarillo,2026-07-01,443.0,CA5610019,2026-06-30,Ventura,South Coast,46824.0,,Flagged,0.0,,34.226,-119.052,88.8,112.6
City of Fillmore,2026-07-01,890.0,CA5610002,2026-07-31,Ventura,South Coast,16419.0,74897184.0,,118.8,,34.399,-118.915,88.8,112.6
City of Oxnard,2026-07-01,1827.0,CA5610007,2025-12-31,Ventura,South Coast,200232.0,,Flagged,0.0,,34.176,-119.171,88.8,112.6
City of Port Hueneme,2026-07-01,1953.0,CA5610009,2026-07-31,Ventura,South Coast,21407.0,56773020.0,,56.6,,34.161,-119.197,88.8,112.6
City of Santa Paula,2026-07-01,2222.0,CA5610011,2026-07-31,Ventura,South Coast,31018.0,137526945.0,,87.5,,34.342,-119.095,88.8,112.6
City of Thousand Oaks,2026-07-01,2469.0,CA5610020,2026-07-31,Ventura,South Coast,53157.0,317779671.0,,130.8,,34.201,-118.85,88.8,112.6
Golden State Water Company - Simi Valley,2026-07-01,1057.0,CA5610059,2026-07-31,Ventura,South Coast,45128.0,198081926.0,,99.6,,34.262,-118.729,88.8,112.6
Triunfo Sanitation District/Oak Park Water Service,2026-07-01,2510.0,CA5610043,2026-07-31,Ventura,South Coast,13898.0,61325158.0,,120.8,,34.182,-118.768,88.8,112.6
Ventura County Waterworks District No 01 - Moorpark,2026-07-01,2629.0,CA5610018,2026-07-31,Ventura,South Coast,35514.0,243296649.0,,134.4,,34.302,-118.883,88.8,112.6
Ventura County Waterworks District No 08 - Simi Valley,2026-07-01,2631.0,CA5610023,2026-07-31,Ventura,South Coast,94738.0,570165425.0,,128.7,,34.27,-118.747,88.8,112.6
City of Davis,2026-07-01,678.0,CA5710001,2026-07-31,Yolo,Sacramento River,67457.0,419182000.0,,142.6,,38.554,-121.733,151.7,126.6
City of West Sacramento,2026-07-01,2683.0,CA5710003,2026-07-31,Yolo,Sacramento River,53355.0,406987899.0,,122.3,,38.578,-121.544,151.7,126.6
City of Woodland,2026-07-01,2766.0,CA5710006,2026-07-31,Yolo,Sacramento River,61462.0,392333073.0,,112.9,,38.676,-121.765,151.7,126.6
California Water Service Company Marysville,2026-07-01,405.0,CA5810001,2026-07-31,Yuba,Sacramento River,12419.0,67825062.0,,109.6,,39.153,-121.582,151.7,151.8
Linda County Water District,2026-07-01,1427.0,CA5810002,2026-07-31,Yuba,Sacramento River,21654.0,124862429.0,,146.7,,39.122,-121.553,151.7,151.8
Olivehurst Public Utilities District,2026-07-01,1792.0,"CA5805001,CA5810003",2026-07-31,Yuba,Sacramento River,27059.0,195814000.0,,175.3,,39.065,-121.552,151.7,151.8
