reporting_month,hydro_region,total_pop,total_gallons,region_pop_weighted_rgpcd
2014-06-01,Central Coast,1142972.0,5291035733.42,99.89362046146216
2014-06-01,Colorado River,753033.0,7206260587.599,221.81105752992832
2014-06-01,North Coast,368270.0,1517738111.977,88.28937292175306
2014-06-01,North Lahontan,92882.0,670151404.0,162.0240854349246
2014-06-01,Sacramento River,2587983.0,21740974991.288,186.68951780930718
2014-06-01,San Francisco Bay,5693066.0,24731890246.648643,93.76843722385512
2014-06-01,San Joaquin River,1428101.0,11345184893.0,194.49556626069634
2014-06-01,South Coast,19543729.0,106565867115.25598,119.6286047534979
2014-06-01,South Lahontan,803796.0,6035791878.31868,187.30921035462495
2014-06-01,Tulare Lake,1770700.0,17356699405.078,200.99773539675724
2014-07-01,Central Coast,1166463.0,5612073397.23,94.64876292669366
2014-07-01,Colorado River,753203.0,8176263112.443,241.03965342508184
2014-07-01,North Coast,381021.0,1670808405.805,95.08334544563246
2014-07-01,North Lahontan,100332.0,756388237.0,147.77375467962494
2014-07-01,Sacramento River,2628044.0,23802458537.812,195.9008473876273
2014-07-01,San Francisco Bay,6335633.0,28343285077.63712,94.64386204431173
2014-07-01,San Joaquin River,1512053.0,12495251509.804,194.3730989545293
2014-07-01,South Coast,19799752.0,111724892815.15599,117.75421101067305
2014-07-01,South Lahontan,814466.0,6344308192.19176,189.57625691793794
2014-07-01,Tulare Lake,1787499.0,18608111797.41,211.67863625958086
2014-08-01,Central Coast,1136310.0,5095082722.11,90.46368779927307
2014-08-01,Colorado River,806578.0,7942667834.065001,222.07871367298438
2014-08-01,North Coast,397096.0,1558360292.754,81.67119343613504
2014-08-01,North Lahontan,99825.0,642532717.0,131.24450450029485
2014-08-01,Sacramento River,2621593.0,21707117772.629997,185.36740777671926
2014-08-01,San Francisco Bay,6341173.0,27178243205.754597,90.58960334961196
2014-08-01,San Joaquin River,1537932.0,11761771311.476,171.32649281829484
2014-08-01,South Coast,19846890.0,105661802108.846,111.11868665618194
2014-08-01,South Lahontan,818573.0,5991015830.7110405,178.18727743248235
2014-08-01,Tulare Lake,1808021.0,17009702387.911999,189.32341201837713
2014-09-01,Central Coast,1233079.0,5162960636.389999,88.8754345451633
2014-09-01,Colorado River,805719.0,6454450501.492,185.33777689674702
2014-09-01,North Coast,396935.0,1513513674.164,84.14292249482259
2014-09-01,North Lahontan,93430.0,554197812.0,126.63484442969784
2014-09-01,Sacramento River,2648777.0,19143364212.844,163.35452994000855
2014-09-01,San Francisco Bay,6385289.0,24512544700.05336,83.77397980567692
2014-09-01,San Joaquin River,1565780.0,10577341125.27,155.9148942189058
2014-09-01,South Coast,19845093.0,101147604567.793,109.98237134451313
2014-09-01,South Lahontan,737831.0,4580399487.22876,157.15945675248756
2014-09-01,Tulare Lake,1814550.0,15420414544.595,178.85249166237986
2014-10-01,Central Coast,1233230.0,4939714497.13,83.81522257345138
2014-10-01,Colorado River,803783.0,6085715914.9140005,172.56871964535534
2014-10-01,North Coast,397170.0,1240108325.4,66.84699211774921
2014-10-01,North Lahontan,89736.0,382613512.0,93.76204260238636
2014-10-01,Sacramento River,2618986.0,15845270090.912,129.42429921514312
2014-10-01,San Francisco Bay,6386829.0,23088073921.145042,75.6198862714022
2014-10-01,San Joaquin River,1537676.0,9109388887.5,127.53585719282782
2014-10-01,South Coast,19802503.0,96057113847.43799,102.08488144269067
2014-10-01,South Lahontan,819492.0,4463907503.31576,132.07837398812964
2014-10-01,Tulare Lake,1797818.0,13265561438.439001,147.7772555115526
2014-11-01,Central Coast,1233076.0,3638982284.2799997,66.18697288581748
2014-11-01,Colorado River,805847.0,5871291735.076001,169.30777810369565
2014-11-01,North Coast,397170.0,930427959.921,54.689060170514736
2014-11-01,North Lahontan,87133.0,269223361.0,68.24099263118833
2014-11-01,Sacramento River,2619978.0,10241209227.328,87.56452292022863
2014-11-01,San Francisco Bay,6393497.0,18191077337.44064,59.29122748129222
2014-11-01,San Joaquin River,1543115.0,6053925146.6021,89.67374387232287
2014-11-01,South Coast,19836668.0,79589568471.732,87.59169496304257
2014-11-01,South Lahontan,823564.0,3441853362.77596,107.09955989613748
2014-11-01,Tulare Lake,1785412.0,9068332042.201998,105.22731255132642
2014-12-01,Central Coast,1233552.0,2917249159.5299997,54.562554235906944
2014-12-01,Colorado River,803952.0,4165216971.78,117.70286094719656
2014-12-01,North Coast,397171.0,994299982.928,56.48730866939006
2014-12-01,North Lahontan,78362.0,230874424.0,58.50547988121301
2014-12-01,Sacramento River,2618952.0,8614265632.789999,69.96731932880175
2014-12-01,San Francisco Bay,6395353.0,15713689009.81088,52.58240919785658
2014-12-01,San Joaquin River,1543377.0,4903209936.54817,70.73121228410758
2014-12-01,South Coast,19817059.0,58871791611.615204,64.57560257501929
2014-12-01,South Lahontan,830780.0,2408818527.18428,71.59485189393051
2014-12-01,Tulare Lake,1796689.0,7542843684.756,79.92184385071262
2015-01-01,Central Coast,1234945.0,3297508147.3199997,60.649206512489954
2015-01-01,Colorado River,809353.0,4130726954.8389997,117.6069528600945
2015-01-01,North Coast,397294.0,913893660.4319999,54.23366254618623
2015-01-01,North Lahontan,84760.0,253386735.0,57.91919918098922
2015-01-01,Sacramento River,2623250.0,8742640428.168,73.40129661098234
2015-01-01,San Francisco Bay,6409180.0,17022921855.77,56.67263280821017
2015-01-01,San Joaquin River,1544134.0,4826572571.76463,67.76709420977764
2015-01-01,South Coast,19607148.0,65560844446.17286,72.75487568740132
2015-01-01,South Lahontan,833911.0,2380782168.61764,71.06838947322136
2015-01-01,Tulare Lake,1802008.0,6961672763.783999,74.45152562741785
2015-02-01,Central Coast,1216062.0,3092250975.0299997,62.286389776730125
2015-02-01,Colorado River,809414.0,4302125360.959001,135.38561900640934
2015-02-01,North Coast,396451.0,874920286.998,54.447777129953366
2015-02-01,North Lahontan,89424.0,257356282.0,63.71877058731437
2015-02-01,Sacramento River,2631052.0,8067721594.732,74.03630950259267
2015-02-01,San Francisco Bay,6406004.0,15797782752.212,57.19142025454494
2015-02-01,San Joaquin River,1544521.0,4555608559.0,71.09801322314722
2015-02-01,South Coast,19881074.0,65507406004.26964,78.73072972111767
2015-02-01,South Lahontan,827763.0,2384704162.9068804,77.50979330311651
2015-02-01,Tulare Lake,1800312.0,6399125660.843,77.44140654505767
2015-03-01,Central Coast,1196159.0,3738441605.0600004,65.30287496356632
2015-03-01,Colorado River,830178.0,4601525865.016001,124.475582739293
2015-03-01,North Coast,395865.0,1097342101.258,61.514069143962814
2015-03-01,North Lahontan,88090.0,270053464.0,61.249931099791624
2015-03-01,Sacramento River,2633412.0,11563002444.95,98.07299491377601
2015-03-01,San Francisco Bay,6408767.0,19321690483.647003,64.67431672767285
2015-03-01,San Joaquin River,1545712.0,6520181318.154799,91.96951771557485
2015-03-01,South Coast,19893379.0,79256600367.38147,82.54221843980692
2015-03-01,South Lahontan,829262.0,3309372637.5360003,95.38727378831301
2015-03-01,Tulare Lake,1804111.0,8866098455.07,100.69208513925693
2015-04-01,Central Coast,1239805.0,4184324154.2799997,71.74337922175908
2015-04-01,Colorado River,827933.0,5721304853.0,163.15427033788276
2015-04-01,North Coast,397846.0,1024188789.514,59.561073807508436
2015-04-01,North Lahontan,88284.0,276202908.0,66.28979829036594
2015-04-01,Sacramento River,2655348.0,12237436482.157999,104.08800701310084
2015-04-01,San Francisco Bay,6410935.0,19110757736.898994,66.65433945220849
2015-04-01,San Joaquin River,1552616.0,7186721341.5,103.62255709082821
2015-04-01,South Coast,19900130.0,82359734830.21999,89.13876574106122
2015-04-01,South Lahontan,831006.0,3812785065.2058797,113.01226899828265
2015-04-01,Tulare Lake,1831128.0,10554154684.3,126.62398573329662
2015-05-01,Central Coast,1238492.0,4217459163.3040004,70.70819885618968
2015-05-01,Colorado River,831626.0,5999075098.668,163.1705173083533
2015-05-01,North Coast,397854.0,1165102479.585,64.15473110703847
2015-05-01,North Lahontan,89593.0,342883993.0,83.37542793701842
2015-05-01,Sacramento River,2668332.0,14166857232.146,117.62528777257755
2015-05-01,San Francisco Bay,6420430.0,20124497615.180996,68.81539421865087
2015-05-01,San Joaquin River,1554753.0,7831961720.2,111.07199003530548
2015-05-01,South Coast,19902096.0,76115768042.058,80.45561925239086
2015-05-01,South Lahontan,831421.0,4133720820.1044,120.81792484525363
2015-05-01,Tulare Lake,1833826.0,11364120480.343,130.8156380243694
2015-06-01,Central Coast,1239994.0,4242345216.2200003,74.75868896377504
2015-06-01,Colorado River,829416.0,6075456492.346,169.85775395020522
2015-06-01,North Coast,397957.0,1410572641.078,78.7096276758025
2015-06-01,North Lahontan,91732.0,470080152.0,115.20154990624866
2015-06-01,Sacramento River,2665254.0,16475166997.796,136.90228028290022
2015-06-01,San Francisco Bay,6423236.0,20842877729.873,73.14565291764754
2015-06-01,San Joaquin River,1588194.0,8835082501.085,127.2380770008072
2015-06-01,South Coast,19982929.0,83113049360.02899,89.75628601917569
2015-06-01,South Lahontan,829005.0,4405190719.493919,133.23655748219232
2015-06-01,Tulare Lake,1849731.0,13172410067.012999,153.8011386005152
2015-07-01,Central Coast,1240399.0,4537830611.7,74.93713509788927
2015-07-01,Colorado River,829202.0,5811753975.683,153.67294510965795
2015-07-01,North Coast,397965.0,1353059423.0040002,73.44833414486848
2015-07-01,North Lahontan,98452.0,542098996.0,113.46454779601127
2015-07-01,Sacramento River,2671675.0,18592083549.776,152.68352572270234
2015-07-01,San Francisco Bay,6426161.0,22365192644.751,77.07816609880871
2015-07-01,San Joaquin River,1589475.0,9550211134.3,130.68468162130628
2015-07-01,South Coast,19997623.0,82652882231.013,87.14581307452293
2015-07-01,South Lahontan,827622.0,4259658147.2431602,131.10492351956788
2015-07-01,Tulare Lake,1855064.0,14173732900.333998,161.84976321362257
2015-08-01,Central Coast,1240826.0,4606846435.309999,75.21960036492007
2015-08-01,Colorado River,829267.0,6415101099.006,171.7607850416926
2015-08-01,North Coast,397973.0,1440021138.995,75.60416906071923
2015-08-01,North Lahontan,96376.0,560144727.0,117.72325375813013
2015-08-01,Sacramento River,2668081.0,18270326152.636,147.3477563244351
2015-08-01,San Francisco Bay,6435102.0,22395377241.858,71.41780446553156
2015-08-01,San Joaquin River,1589744.0,9579449706.247,131.51037229123762
2015-08-01,South Coast,20007995.0,88669549494.058,93.02030957454973
2015-08-01,South Lahontan,828309.0,4863748688.804279,148.09080267213423
2015-08-01,Tulare Lake,1860096.0,14355697140.855,162.8090114540393
2015-09-01,Central Coast,1242037.0,4415392824.780001,75.37278601133114
2015-09-01,Colorado River,829289.0,5749734098.437,161.56353051136028
2015-09-01,North Coast,397981.0,1336753148.968,73.18762073810895
2015-09-01,North Lahontan,91775.0,490339658.0,113.43283238645238
2015-09-01,Sacramento River,2668638.0,16574903395.632,141.77564724338328
2015-09-01,San Francisco Bay,6441512.0,21885214525.295,71.07021220115107
2015-09-01,San Joaquin River,1590110.0,8697677382.7,123.42789197120956
2015-09-01,South Coast,20028107.0,80598332787.711,87.73138206082854
2015-09-01,South Lahontan,827215.0,4069908527.2922,129.70074782192702
2015-09-01,Tulare Lake,1860784.0,12941259974.255999,149.05625735897928
2015-10-01,Central Coast,1241105.0,4244068038.9020004,69.99758187620357
2015-10-01,Colorado River,829344.0,4825428174.646,132.01405011893536
2015-10-01,North Coast,397989.0,1304218997.036,69.53582489320866
2015-10-01,North Lahontan,88849.0,341107132.0,81.37848181565026
2015-10-01,Sacramento River,2664953.0,14418027028.172,117.7468064340417
2015-10-01,San Francisco Bay,6445514.0,20816520895.987003,66.03378986045139
2015-10-01,San Joaquin River,1575930.0,7551279546.36,102.51599761355457
2015-10-01,South Coast,20007096.0,77903906377.246,82.21182933980485
2015-10-01,South Lahontan,824271.0,3500350012.3658,107.07052319997636
2015-10-01,Tulare Lake,1861380.0,11213713738.831,123.15088298673307
2015-11-01,Central Coast,1230672.0,3316781161.51,58.97529280379292
2015-11-01,Colorado River,829388.0,4952265806.685,138.42627184641884
2015-11-01,North Coast,397759.0,943675324.046,53.30563982282906
2015-11-01,North Lahontan,87144.0,237147629.0,56.16322560895376
2015-11-01,Sacramento River,2663591.0,9597452596.657999,80.4050027999798
2015-11-01,San Francisco Bay,6447932.0,16237709319.389002,54.20315266454051
2015-11-01,San Joaquin River,1574413.0,5192846471.4106,76.78577014213408
2015-11-01,South Coast,20038171.0,70292688760.861,77.27064108945338
2015-11-01,South Lahontan,830297.0,2858896031.5434,90.68309973016126
2015-11-01,Tulare Lake,1861188.0,7833756305.307,87.63351295194211
2015-12-01,Central Coast,1243508.0,3051768697.19,52.87314545551531
2015-12-01,Colorado River,829470.0,4029628367.8120003,111.64343641391179
2015-12-01,North Coast,397899.0,936911261.541,52.24644691929277
2015-12-01,North Lahontan,89992.0,277159717.0,61.629267013340254
2015-12-01,Sacramento River,2664411.0,8257152561.002,68.40427939603201
2015-12-01,San Francisco Bay,6449168.0,15263248973.627003,49.72691739546662
2015-12-01,San Joaquin River,1574261.0,4762532988.1816,66.45262444544872
2015-12-01,South Coast,20037080.0,64111000435.74279,69.5157606462202
2015-12-01,South Lahontan,807674.0,2444066212.1366396,77.00362843273662
2015-12-01,Tulare Lake,1861224.0,6899912349.47,75.87011980525378
2016-01-01,Central Coast,1244018.0,2719845403.02,48.87456738056225
2016-01-01,Colorado River,796143.0,3388911573.434,98.85003667179359
2016-01-01,North Coast,398117.0,873541378.903,49.84983825805057
2016-01-01,North Lahontan,93081.0,245847602.0,53.9598932611936
2016-01-01,Sacramento River,2666686.0,8014805812.548,67.86988963027942
2016-01-01,San Francisco Bay,6462627.0,14893066578.034002,47.88873247269782
2016-01-01,San Joaquin River,1574672.0,4470810179.6,61.59996423019955
2016-01-01,South Coast,20066112.0,56066354874.03801,61.8769573882564
2016-01-01,South Lahontan,840103.0,2227622997.40664,67.56884888978757
2016-01-01,Tulare Lake,1862789.0,6291132845.298,68.94059062371797
2016-02-01,Central Coast,1246095.0,2781198112.81,52.788378180348516
2016-02-01,Colorado River,796113.0,3601562426.117,110.10511523342562
2016-02-01,North Coast,397947.0,860831370.5630001,52.15459440834479
2016-02-01,North Lahontan,91139.0,233755010.0,54.699867742754435
2016-02-01,Sacramento River,2672217.0,7713717747.654,66.24231612097067
2016-02-01,San Francisco Bay,6467115.0,14535313936.567999,49.511757256052505
2016-02-01,San Joaquin River,1575027.0,4521596811.5303,67.0437921056486
2016-02-01,South Coast,19788574.0,60223038446.25101,70.32576173722526
2016-02-01,South Lahontan,838777.0,2246743354.6757603,69.00739759826868
2016-02-01,Tulare Lake,1863319.0,6084625699.122001,70.04402223666021
2016-03-01,Central Coast,1249474.0,2956669577.42,51.938612263818165
2016-03-01,Colorado River,796113.0,4097551042.2880006,115.6421913544322
2016-03-01,North Coast,400150.0,924569760.114,51.83360075062336
2016-03-01,North Lahontan,88817.0,240389180.0,53.992990552883846
2016-03-01,Sacramento River,2675607.0,8311695026.56,68.6583984734431
2016-03-01,San Francisco Bay,6468436.0,15523948241.459002,49.786456218871535
2016-03-01,San Joaquin River,1576944.0,4927765971.65,67.05225142426765
2016-03-01,South Coast,20093305.0,63268583224.70799,67.32611674655229
2016-03-01,South Lahontan,837734.0,2639286211.39308,77.63723051670576
2016-03-01,Tulare Lake,1868300.0,7089982339.741999,78.69193781930531
2016-04-01,Central Coast,1254057.0,3590814127.7,62.61127860378223
2016-04-01,Colorado River,797047.0,4503017396.719999,132.93795667853556
2016-04-01,North Coast,399914.0,969481629.608,55.12952322099918
2016-04-01,North Lahontan,87841.0,234079997.0,57.68479762487526
2016-04-01,Sacramento River,2686690.0,11116956290.981998,92.35917363530241
2016-04-01,San Francisco Bay,6433959.0,16990830770.352001,56.504165606108934
2016-04-01,San Joaquin River,1584929.0,6079943036.088201,84.27488939618792
2016-04-01,South Coast,20165887.0,69805493704.201,75.75701412154055
2016-04-01,South Lahontan,831701.0,3144720355.47808,97.86313589049412
2016-04-01,Tulare Lake,1870851.0,8959093001.56,98.75841572642784
2016-05-01,Central Coast,1249793.0,4192465963.31,69.99717986915356
2016-05-01,Colorado River,797078.0,5261973634.729,148.2621299512427
2016-05-01,North Coast,400154.0,1161286723.902,62.32796579304226
2016-05-01,North Lahontan,87992.0,318715588.0,78.45214856629194
2016-05-01,Sacramento River,2683353.0,14913113987.726,121.0868468360964
2016-05-01,San Francisco Bay,6473452.0,20663269532.74,65.06137291567896
2016-05-01,San Joaquin River,1595079.0,7969129925.657,107.53730486906778
2016-05-01,South Coast,20160010.0,77480712626.641,80.38896609221436
2016-05-01,South Lahontan,831763.0,3961913660.53856,115.24541194374257
2016-05-01,Tulare Lake,1874923.0,11644715463.276001,128.40346050265848
2016-06-01,Central Coast,1250940.0,4610874929.53,78.71741899715094
2016-06-01,Colorado River,797078.0,6154905346.742,177.70243527119385
2016-06-01,North Coast,411791.0,1573329351.934,85.78131248800646
2016-06-01,North Lahontan,90892.0,539287983.0,133.8255062649445
2016-06-01,Sacramento River,2689390.0,19869968276.308,163.3438836146092
2016-06-01,San Francisco Bay,6472597.0,23902128257.267,77.84971838625549
2016-06-01,San Joaquin River,1597527.0,9882075871.490002,138.13831145783033
2016-06-01,South Coast,20158491.0,86253990773.50702,92.89758582764783
2016-06-01,South Lahontan,832198.0,4864183634.330799,145.0630425083018
2016-06-01,Tulare Lake,1882080.0,14313361559.201998,167.2662433172767
2016-07-01,Central Coast,1251303.0,4917245395.09,80.87616401049182
2016-07-01,Colorado River,798568.0,6719969043.459001,187.75118102921127
2016-07-01,North Coast,411490.0,1579393771.578,82.71454580348365
2016-07-01,North Lahontan,97785.0,690730712.0,142.8094853284114
2016-07-01,Sacramento River,2697561.0,22709032673.739998,186.68999940838933
2016-07-01,San Francisco Bay,6477669.0,25559852414.715004,80.68284439666584
2016-07-01,San Joaquin River,1600941.0,11009276906.790998,149.4557131353665
2016-07-01,South Coast,20127899.0,95836579677.73099,99.52914980831778
2016-07-01,South Lahontan,834767.0,5409082733.36488,159.5035259341188
2016-07-01,Tulare Lake,1876491.0,16126783252.06,190.72846299023834
2016-08-01,Central Coast,1253974.0,4809697199.87,78.8805296961587
2016-08-01,Colorado River,760968.0,6953218670.0130005,205.34062210330612
2016-08-01,North Coast,411400.0,1564155016.658,81.42586541231672
2016-08-01,North Lahontan,94816.0,672918822.0,143.97099226073183
2016-08-01,Sacramento River,2698478.0,22763812800.342003,180.06559146140518
2016-08-01,San Francisco Bay,6479371.0,25446874794.888,81.094555827607
2016-08-01,San Joaquin River,1603570.0,10931943633.77,148.89013695977744
2016-08-01,South Coast,20129754.0,98094028827.4434,101.77075626674545
2016-08-01,South Lahontan,831597.0,5171544095.76452,147.02523575678623
2016-08-01,Tulare Lake,1877072.0,16161951495.562,187.96796590674626
2016-09-01,Central Coast,1251849.0,4522310502.49,77.5463616017781
2016-09-01,Colorado River,799427.0,6484380914.157999,189.67038019144044
2016-09-01,North Coast,411494.0,1531307455.851,82.26721020530555
2016-09-01,North Lahontan,90796.0,540652608.0,128.12686558732398
2016-09-01,Sacramento River,2699041.0,19512437717.398003,161.80281343766538
2016-09-01,San Francisco Bay,6480093.0,23957139786.501602,78.3637874053564
2016-09-01,San Joaquin River,1603124.0,9590117519.185001,130.78479965394442
2016-09-01,South Coast,20181011.0,88576213143.808,94.9560014436809
2016-09-01,South Lahontan,826614.0,4725409449.4504,147.21407539156328
2016-09-01,Tulare Lake,1878279.0,14320018364.89,176.36677179804875
2016-10-01,Central Coast,1253060.0,4138019182.75,68.94284433564789
2016-10-01,Colorado River,767947.0,5685300544.185,168.86154525001183
2016-10-01,North Coast,411496.0,1278755113.429,68.14460417813257
2016-10-01,North Lahontan,88055.0,316595185.0,77.10661457923109
2016-10-01,Sacramento River,2700842.0,13534864290.787998,108.83750541375717
2016-10-01,San Francisco Bay,6480817.0,20213198364.8157,64.54964419070788
2016-10-01,San Joaquin River,1587127.0,7572095954.044001,102.54386887932765
2016-10-01,South Coast,20186652.0,82982059700.681,86.43282916203364
2016-10-01,South Lahontan,827918.0,3745670283.44228,108.8599039640855
2016-10-01,Tulare Lake,1879036.0,12308777634.616,143.7507167866839
2016-11-01,Central Coast,1253452.0,3239009535.83,58.2464357133915
2016-11-01,Colorado River,768040.0,5088738111.912,154.84037380062483
2016-11-01,North Coast,411498.0,913516026.528,51.100511450268684
2016-11-01,North Lahontan,85635.0,226410112.0,54.4624844966038
2016-11-01,Sacramento River,2699739.0,9008558052.216,76.29849305055293
2016-11-01,San Francisco Bay,6482152.0,16041870090.547102,54.0291196072182
2016-11-01,San Joaquin River,1587199.0,5337833142.7526,75.8412576096842
2016-11-01,South Coast,20125170.0,71492906289.25,78.12996354075237
2016-11-01,South Lahontan,825444.0,2978265208.9,93.63284804229487
2016-11-01,Tulare Lake,1873738.0,9036993252.717001,112.22691348115436
2016-12-01,Central Coast,1256258.0,2831168025.012,49.88060969724875
2016-12-01,Colorado River,768068.0,4023308363.125,120.04957467343755
2016-12-01,North Coast,411500.0,976404157.6459999,51.92554633975778
2016-12-01,North Lahontan,88504.0,277757469.0,59.16680164519629
2016-12-01,Sacramento River,2701192.0,8427182689.062,68.71806489462263
2016-12-01,San Francisco Bay,6481898.0,15320337678.601,49.634157170518186
2016-12-01,San Joaquin River,1581728.0,4766075805.1035,65.14834369775599
2016-12-01,South Coast,20189208.0,60738815471.117,65.75057526362359
2016-12-01,South Lahontan,829859.0,2514755019.3548,73.84442032774383
2016-12-01,Tulare Lake,1878765.0,7248012707.353001,82.30651421705227
2017-01-01,Central Coast,1256545.0,2707480832.117,48.29067982341729
2017-01-01,Colorado River,768491.0,3081029296.528,92.58043882070238
2017-01-01,North Coast,414225.0,945640826.946,49.911121108493724
2017-01-01,North Lahontan,93344.0,274687647.0,59.986938184599175
2017-01-01,Sacramento River,2706512.0,8166638913.208,68.6585526308595
2017-01-01,San Francisco Bay,6490590.0,15049709796.0812,49.29184239127405
2017-01-01,San Joaquin River,1586619.0,4578228487.5696,62.9009334946158
2017-01-01,South Coast,20214721.0,51566367903.291,56.31017765885551
2017-01-01,South Lahontan,806797.0,2119327596.4119601,63.19531112548921
2017-01-01,Tulare Lake,1893337.0,6306762662.973,72.62146627243513
2017-02-01,Central Coast,1257604.0,2470076238.78,48.41721970494147
2017-02-01,Colorado River,766961.0,3258373923.096,109.10306338871675
2017-02-01,North Coast,414884.0,851607997.343,50.95535649869776
2017-02-01,North Lahontan,92514.0,244611447.0,57.67176011622952
2017-02-01,Sacramento River,2701352.0,7106501483.546,64.41587558907949
2017-02-01,San Francisco Bay,6489598.0,13586567516.8067,48.69845043497244
2017-02-01,San Joaquin River,1584357.0,4089118969.8,60.409381089417174
2017-02-01,South Coast,20236264.0,46283984452.614,56.103416846323015
2017-02-01,South Lahontan,832029.0,1923879407.1185598,62.551561261155314
2017-02-01,Tulare Lake,1891740.0,5595610800.27,69.01937138013699
2017-03-01,Central Coast,1258458.0,2953030380.0299997,50.21640676265814
2017-03-01,Colorado River,771446.0,3873475594.7539997,111.89348453531667
2017-03-01,North Coast,414694.0,906306617.316,47.493500534830424
2017-03-01,North Lahontan,90999.0,269684432.0,59.94084333432944
2017-03-01,Sacramento River,2703518.0,8641850137.846,70.32827312870222
2017-03-01,San Francisco Bay,6492194.0,15809994367.366,50.37136622440319
2017-03-01,San Joaquin River,1575200.0,4897012026.3628,68.54121866570938
2017-03-01,South Coast,20260193.0,65748595491.62699,68.65869264658491
2017-03-01,South Lahontan,809036.0,2748521446.1689196,81.68051392475742
2017-03-01,Tulare Lake,1895792.0,7314855486.453001,89.1385078767266
2017-04-01,Central Coast,1254139.0,3405126478.2,60.09476129712894
2017-04-01,Colorado River,772104.0,5523388350.973001,165.42781987705627
2017-04-01,North Coast,415829.0,988088857.684,54.42680170018926
2017-04-01,North Lahontan,88717.0,249090069.0,65.46025296880342
2017-04-01,Sacramento River,2715522.0,9120892149.11,76.66943809489044
2017-04-01,San Francisco Bay,6491019.0,16367157993.493,54.85942760618757
2017-04-01,San Joaquin River,1593169.0,5640115125.7,78.65150978172854
2017-04-01,South Coast,20268628.0,78825883764.393,84.16294001283055
2017-04-01,South Lahontan,834016.0,3550306891.8090796,101.92201974461005
2017-04-01,Tulare Lake,1900807.0,9125506036.975,105.46466943171404
2017-05-01,Central Coast,1254905.0,4436915009.269,72.81538500337166
2017-05-01,Colorado River,772104.0,5948538240.845,171.15095178759708
2017-05-01,North Coast,415727.0,1315184384.947,68.21732746601852
2017-05-01,North Lahontan,88583.0,369008655.0,92.42463581448854
2017-05-01,Sacramento River,2710865.0,17503268535.422,140.73058632497748
2017-05-01,San Francisco Bay,6493102.0,23342750681.760998,72.79833728930178
2017-05-01,San Joaquin River,1596245.0,9159428087.7,122.45756836696083
2017-05-01,South Coast,20263337.0,85121683390.587,87.91355876198136
2017-05-01,South Lahontan,840035.0,4055707899.23344,116.97387478010037
2017-05-01,Tulare Lake,1896546.0,13014155561.467999,149.20423563059552
2017-06-01,Central Coast,1249097.0,4799712189.79,83.84372883620621
2017-06-01,Colorado River,772104.0,6900956636.686,207.26123685616378
2017-06-01,North Coast,416179.0,1492461924.109,75.61021304567826
2017-06-01,North Lahontan,91041.0,570523608.0,139.71570540745375
2017-06-01,Sacramento River,2711780.0,21038338463.697002,172.0994183456096
2017-06-01,San Francisco Bay,6497832.0,25558523228.656998,82.82083051032627
2017-06-01,San Joaquin River,1613837.0,10316022263.73,142.7838359529205
2017-06-01,South Coast,20219875.0,90460922513.05902,97.5599080101687
2017-06-01,South Lahontan,834354.0,4769573295.19928,137.821015455469
2017-06-01,Tulare Lake,1903398.0,15685620152.539999,182.65359638544248
2017-07-01,Central Coast,1255562.0,5118354173.08,84.86300702396454
2017-07-01,Colorado River,772288.0,7597080278.921,216.99438518484797
2017-07-01,North Coast,416365.0,1879327055.96,90.7719828945679
2017-07-01,North Lahontan,99240.0,736639963.0,151.1274607842181
2017-07-01,Sacramento River,2712567.0,24983601157.809998,203.03279850167883
2017-07-01,San Francisco Bay,6504515.0,27644760080.698498,87.43205048967408
2017-07-01,San Joaquin River,1617804.0,11762248113.476,159.4112500778574
2017-07-01,South Coast,20184108.0,99882045442.56302,104.06633212575937
2017-07-01,South Lahontan,836767.0,5964101111.0636,169.8026571877919
2017-07-01,Tulare Lake,1894318.0,17002069459.844,199.18302402913068
2017-08-01,Central Coast,1256613.0,5056861965.34,82.96922309279884
2017-08-01,Colorado River,772562.0,7129633669.937,206.07799590636026
2017-08-01,North Coast,416368.0,1654131398.793,80.43017389931269
2017-08-01,North Lahontan,95646.0,646206718.0,137.84923539962213
2017-08-01,Sacramento River,2701904.0,24363895637.815,189.71676089486274
2017-08-01,San Francisco Bay,6506397.0,27594381183.718,86.843145701263
2017-08-01,San Joaquin River,1618151.0,11682804909.33,154.05712969714676
2017-08-01,South Coast,20164263.0,98761596621.159,104.04725961302024
2017-08-01,South Lahontan,837960.0,5365884726.60696,150.821796197762
2017-08-01,Tulare Lake,1892965.0,17139853777.368,194.185052673349
2017-09-01,Central Coast,1256784.0,4746234619.46,81.53474041409027
2017-09-01,Colorado River,772562.0,6481947229.234,195.23740190403677
2017-09-01,North Coast,400296.0,1610167312.944,84.6748684396913
2017-09-01,North Lahontan,91455.0,489777190.0,115.21848355293132
2017-09-01,Sacramento River,2713804.0,20924324954.034,174.70350578449265
2017-09-01,San Francisco Bay,6507242.0,26231764599.434998,85.52036709331674
2017-09-01,San Joaquin River,1603061.0,10085471291.489,141.27402596027684
2017-09-01,South Coast,20175749.0,90896047714.742,98.05038774696186
2017-09-01,South Lahontan,836714.0,4855230028.61944,147.62583845699172
2017-09-01,Tulare Lake,1893578.0,14719729281.436,177.4944397839547
2017-10-01,Central Coast,1256838.0,4788217597.75,77.89202362794137
2017-10-01,Colorado River,772562.0,5965186797.855999,177.1626839379321
2017-10-01,North Coast,400299.0,1411493365.6269999,71.96296710097025
2017-10-01,North Lahontan,88809.0,335945068.0,80.3853666066248
2017-10-01,Sacramento River,2702974.0,18045782274.321,139.3104060361511
2017-10-01,San Francisco Bay,6509286.0,24279370012.16,76.10552099652564
2017-10-01,San Joaquin River,1601784.0,8996358768.944,123.0701695286401
2017-10-01,South Coast,19984565.0,90593405111.875,96.7733273272387
2017-10-01,South Lahontan,836424.0,4164360218.77792,119.19188046630481
2017-10-01,Tulare Lake,1894578.0,12911251149.949,145.21779923748468
2017-11-01,Central Coast,1235243.0,3701876961.3900003,67.25012361077401
2017-11-01,Colorado River,772562.0,5558723008.554001,168.3982560826894
2017-11-01,North Coast,400302.0,930912565.421,50.50943713683586
2017-11-01,North Lahontan,86074.0,233704937.0,55.91369787740781
2017-11-01,Sacramento River,2677080.0,9946194984.177,85.57850367648803
2017-11-01,San Francisco Bay,6464728.0,17881273911.059902,60.34831231489282
2017-11-01,San Joaquin River,1602114.0,6062209209.439,85.76341417233648
2017-11-01,South Coast,19716620.0,75946857284.71533,85.44334898714183
2017-11-01,South Lahontan,836862.0,3240413523.16784,96.32837054960468
2017-11-01,Tulare Lake,1896218.0,10028332432.573,118.18656272887182
2017-12-01,Central Coast,1222217.0,3524916585.92,62.73316669262982
2017-12-01,Colorado River,772562.0,4352424415.573999,128.89433337083727
2017-12-01,North Coast,400305.0,908644282.234,47.49740505913756
2017-12-01,North Lahontan,88270.0,272654418.0,60.18365291170419
2017-12-01,Sacramento River,2677718.0,9087922214.956999,73.3771375062652
2017-12-01,San Francisco Bay,6510547.0,17307264224.795597,55.54917805759332
2017-12-01,San Joaquin River,1424743.0,5006354601.0827,78.0527605327217
2017-12-01,South Coast,19426327.0,75506975426.605,82.58981299092942
2017-12-01,South Lahontan,716386.0,2458729600.8208,83.45076608152392
2017-12-01,Tulare Lake,1871822.0,8345511905.796999,94.4641135545517
2018-01-01,Central Coast,1224458.0,3093124744.08,56.51323274806957
2018-01-01,Colorado River,772818.0,4120107983.7079997,120.24084765792631
2018-01-01,North Coast,400749.0,986002030.521,52.39691334787708
2018-01-01,North Lahontan,91770.0,265637658.0,58.52009931982832
2018-01-01,Sacramento River,2682824.0,8347901934.167,69.0415006718433
2018-01-01,San Francisco Bay,6536302.0,16016080509.283699,52.152375297130995
2018-01-01,San Joaquin River,1425908.0,4586049977.644,71.36656323114272
2018-01-01,South Coast,19621848.0,66051607073.782,72.90774375334381
2018-01-01,South Lahontan,834109.0,2603137597.5400004,77.10111130358936
2018-01-01,Tulare Lake,1873038.0,7156392051.969,82.57509107627031
2018-02-01,Central Coast,1224730.0,3132212371.6299996,61.740788939538454
2018-02-01,Colorado River,772818.0,4154826940.0169997,136.1222432370016
2018-02-01,North Coast,399421.0,864284435.771,51.69842923465735
2018-02-01,North Lahontan,89554.0,242619568.0,56.87562983547038
2018-02-01,Sacramento River,2683985.0,8506130839.262,76.27750037221739
2018-02-01,San Francisco Bay,6543711.0,16046120430.946499,56.474388570176366
2018-02-01,San Joaquin River,1426174.0,4610431673.8748,78.45801286160065
2018-02-01,South Coast,19600155.0,64545787732.168,78.70778191652593
2018-02-01,South Lahontan,839263.0,2642225513.24844,82.50959424290684
2018-02-01,Tulare Lake,1853006.0,7052224355.933,88.63298223866661
2018-03-01,Central Coast,1182537.0,2804712160.13,51.88542594625737
2018-03-01,Colorado River,772818.0,4323386987.041,122.2515850193691
2018-03-01,North Coast,399424.0,897820893.895,49.30206301004495
2018-03-01,North Lahontan,89330.0,257181653.0,57.91496086421135
2018-03-01,Sacramento River,2687471.0,8668829545.309,71.43966280396575
2018-03-01,San Francisco Bay,6546250.0,16315350315.930098,51.70428338347743
2018-03-01,San Joaquin River,1405951.0,4616584839.722799,72.55747894911796
2018-03-01,South Coast,19603297.0,58199528833.348,64.10850163364522
2018-03-01,South Lahontan,818974.0,2609038933.3214803,75.12258267581515
2018-03-01,Tulare Lake,1852808.0,7259894191.728999,81.12641259786326
2018-04-01,Central Coast,1196327.0,3359717877.09,60.715445081326976
2018-04-01,Colorado River,754737.0,5360000406.34,163.24936340821364
2018-04-01,North Coast,401116.0,1012758407.1960001,57.04295070728999
2018-04-01,North Lahontan,89586.0,237047167.0,57.678000323711295
2018-04-01,Sacramento River,2698277.0,10535032585.900002,87.44622293732358
2018-04-01,San Francisco Bay,6577500.0,17653771435.9652,57.36607494779515
2018-04-01,San Joaquin River,1408712.0,5557207335.877,90.04138156485332
2018-04-01,South Coast,19500188.0,74932546985.23502,82.08123540308007
2018-04-01,South Lahontan,842328.0,3417427293.0880003,94.50352029803508
2018-04-01,Tulare Lake,1830527.0,9386766819.393,111.05874958946457
2018-05-01,Central Coast,1228433.0,4364627413.97,71.8437054664451
2018-05-01,Colorado River,773532.0,6149907533.396999,175.36289232077468
2018-05-01,North Coast,402181.0,1204495328.217,64.47678530301916
2018-05-01,North Lahontan,89202.0,368349338.0,90.77435263277043
2018-05-01,Sacramento River,2699221.0,17048937464.51,136.78687645883258
2018-05-01,San Francisco Bay,6580924.0,23060314775.870304,71.11683342989275
2018-05-01,San Joaquin River,1412680.0,8203935329.079,126.57815130978456
2018-05-01,South Coast,19512806.0,80946059709.08499,84.70450023714753
2018-05-01,South Lahontan,840016.0,4196329031.1660004,116.69017771930955
2018-05-01,Tulare Lake,1822247.0,13232422382.358002,158.18030067733582
2018-06-01,Central Coast,1211011.0,4647816252.92,81.41803977019043
2018-06-01,Colorado River,773760.0,6756380096.4279995,201.22246859434347
2018-06-01,North Coast,403679.0,1445212005.694,81.1637700340221
2018-06-01,North Lahontan,82839.0,526843200.0,139.87073318927878
2018-06-01,Sacramento River,2701316.0,20987701882.003998,169.988843913525
2018-06-01,San Francisco Bay,6582594.0,25526210188.6946,81.89365808554905
2018-06-01,San Joaquin River,1415082.0,9518692265.865,152.5823132596945
2018-06-01,South Coast,19573826.0,87222529757.02301,95.40484935619769
2018-06-01,South Lahontan,836177.0,5218908334.7039995,151.873461589439
2018-06-01,Tulare Lake,1831601.0,15181046658.188002,183.74294376183798
2018-07-01,Central Coast,1224508.0,5126833866.4,83.73859213976573
2018-07-01,Colorado River,774447.0,7342412436.9869995,207.90231843585553
2018-07-01,North Coast,403682.0,1707888651.4550002,87.47552209730797
2018-07-01,North Lahontan,82839.0,663775700.0,158.19667524529703
2018-07-01,Sacramento River,2682922.0,23632367680.635998,197.80302938370264
2018-07-01,San Francisco Bay,6584364.0,27554445607.186077,85.88189114401465
2018-07-01,San Joaquin River,1419140.0,10534510364.2875,162.74264298154844
2018-07-01,South Coast,19785436.0,100795224867.868,103.12356767540533
2018-07-01,South Lahontan,838863.0,5756235677.226,162.8904367241544
2018-07-01,Tulare Lake,1836864.0,16681219063.096,196.82638747129246
2018-08-01,Central Coast,1229163.0,5088879700.01,83.33099903460545
2018-08-01,Colorado River,774447.0,7300885377.471999,210.3301134746051
2018-08-01,North Coast,380843.0,1436174944.6750002,79.1391754770762
2018-08-01,North Lahontan,82839.0,602306200.0,147.4408092027715
2018-08-01,Sacramento River,2550172.0,20631555422.865997,169.51694562455532
2018-08-01,San Francisco Bay,6588374.0,27399936812.74024,84.78872479954471
2018-08-01,San Joaquin River,1419510.0,10371781642.972,154.26352750845422
2018-08-01,South Coast,19571122.0,100357614346.184,105.84600151376284
2018-08-01,South Lahontan,840900.0,5869049968.3416,159.42322424564966
2018-08-01,Tulare Lake,1839264.0,16544987159.201998,191.64324474439414
2018-09-01,Central Coast,1211933.0,4572753374.860001,81.09802496954637
2018-09-01,Colorado River,774447.0,6882716066.384,207.26072285291335
2018-09-01,North Coast,380846.0,1316651589.0279999,77.0788611716617
2018-09-01,North Lahontan,82839.0,522213100.0,132.24544477842562
2018-09-01,Sacramento River,2550921.0,17696932842.529,150.33525594888857
2018-09-01,San Francisco Bay,6589011.0,25037446207.2284,80.7929803545701
2018-09-01,San Joaquin River,1419730.0,8956521605.314,143.91772063429852
2018-09-01,South Coast,19733087.0,90179205083.499,98.55221389133217
2018-09-01,South Lahontan,837484.0,4789564644.898001,141.3756096307201
2018-09-01,Tulare Lake,1839710.0,14344972946.184002,175.36513506572393
2018-10-01,Central Coast,1203402.0,4233756146.83,72.05624329436584
2018-10-01,Colorado River,774447.0,5547100973.037,165.5129332120153
2018-10-01,North Coast,380849.0,1319117396.936,73.6284737438282
2018-10-01,North Lahontan,82839.0,324029400.0,82.61146016232809
2018-10-01,Sacramento River,2553377.0,15351468738.531,128.70350319078966
2018-10-01,San Francisco Bay,6589772.0,23594812787.43712,73.7179374769011
2018-10-01,San Joaquin River,1420074.0,7805786833.635,117.46146214149472
2018-10-01,South Coast,19393816.0,80502657597.997,88.82936585248797
2018-10-01,South Lahontan,837186.0,3879422016.168,109.9334517430438
2018-10-01,Tulare Lake,1839788.0,12386033883.784,142.7406707782754
2018-11-01,Central Coast,1221714.0,3768731531.373,66.69526725090597
2018-11-01,Colorado River,774447.0,5394846143.16,162.65289961252847
2018-11-01,North Coast,380852.0,1036507495.061,61.5988226919372
2018-11-01,North Lahontan,82839.0,229167150.0,55.33549457381185
2018-11-01,Sacramento River,2554316.0,11489952734.389,100.41170073840064
2018-11-01,San Francisco Bay,6590048.0,20043023353.69946,65.29056050935053
2018-11-01,San Joaquin River,1421571.0,6037237869.296,94.93016465383391
2018-11-01,South Coast,19708499.0,74284102327.55699,85.20994620711029
2018-11-01,South Lahontan,716281.0,2838089667.512,100.56251019275545
2018-11-01,Tulare Lake,1809621.0,9760975166.077,121.2588326029931
2018-12-01,Central Coast,1223737.0,2888293334.5699997,52.337675811475435
2018-12-01,Colorado River,774447.0,4139067118.492,120.42190600461338
2018-12-01,North Coast,380855.0,938042007.886,55.467381305322796
2018-12-01,North Lahontan,84448.0,262541127.0,61.74626693349754
2018-12-01,Sacramento River,2519561.0,8050423120.695001,68.67151616260416
2018-12-01,San Francisco Bay,6566626.0,16034302355.514,51.60784299284102
2018-12-01,San Joaquin River,1426524.0,4428754628.0877,69.2044919474261
2018-12-01,South Coast,19635869.0,58801409057.04001,65.95571143316107
2018-12-01,South Lahontan,717629.0,2145572072.8140001,71.58643124943926
2018-12-01,Tulare Lake,1792174.0,6981898949.298,80.85088065207665
2019-01-01,Central Coast,1225890.0,2785103012.63,49.90234260027672
2019-01-01,Colorado River,784692.0,3942789818.0099998,116.16920873832707
2019-01-01,North Coast,381150.0,812186097.862,48.28505554683999
2019-01-01,North Lahontan,83501.0,250468009.0,59.56739447972615
2019-01-01,Sacramento River,2521074.0,7612104384.056999,65.64048702091866
2019-01-01,San Francisco Bay,6577377.0,15630921278.424398,48.54911671708966
2019-01-01,San Joaquin River,1427915.0,4270629950.9202,65.88595127456277
2019-01-01,South Coast,19437692.0,54497209652.34599,64.0426636931134
2019-01-01,South Lahontan,809752.0,2271288670.212,69.55559779007105
2019-01-01,Tulare Lake,1794668.0,6422001083.778,74.76161594917002
2019-02-01,Central Coast,1225911.0,2479907009.17,49.76703434039689
2019-02-01,Colorado River,747639.0,3101842790.526,106.3259018534456
2019-02-01,North Coast,381153.0,795892929.893,53.425982946671034
2019-02-01,North Lahontan,83501.0,211622934.0,53.87458558922306
2019-02-01,Sacramento River,2456783.0,6525590470.097,64.21875156763075
2019-02-01,San Francisco Bay,6575005.0,14016156289.74094,49.000838141334164
2019-02-01,San Joaquin River,1428056.0,3790755837.4081,65.78424460751019
2019-02-01,South Coast,19568093.0,45751706327.075,58.44696540214156
2019-02-01,South Lahontan,834183.0,2130563961.4620001,64.69098527321027
2019-02-01,Tulare Lake,1794771.0,5546355814.789,71.83790990001658
2019-03-01,Central Coast,1225872.0,2812903408.45,48.51280801094889
2019-03-01,Colorado River,785249.0,4034064396.345,113.61470304803562
2019-03-01,North Coast,381156.0,873692553.642,51.28283378484434
2019-03-01,North Lahontan,83501.0,241859369.0,57.052436768190155
2019-03-01,Sacramento River,2457758.0,7260128200.041,67.28684480942755
2019-03-01,San Francisco Bay,6572277.0,15642127730.69248,48.846759682799394
2019-03-01,San Joaquin River,1430001.0,4356434130.1956005,66.76701300537272
2019-03-01,South Coast,19421727.0,54246931505.308,58.94752554670231
2019-03-01,South Lahontan,808250.0,2515289877.132,73.91206308802447
2019-03-01,Tulare Lake,1796851.0,6555977332.601,76.3792163761807
2019-04-01,Central Coast,1225866.0,3613470940.33,62.51879258359747
2019-04-01,Colorado River,785249.0,5332127749.565001,158.34773931815297
2019-04-01,North Coast,378056.0,956203592.546,58.411408469438385
2019-04-01,North Lahontan,83501.0,239444712.0,64.43277235003174
2019-04-01,Sacramento River,2441751.0,9444849262.242,83.67227071337453
2019-04-01,San Francisco Bay,6553162.0,18077072442.014877,58.283268824188575
2019-04-01,San Joaquin River,1418205.0,5975862346.729,96.54800625280735
2019-04-01,South Coast,19577192.0,72856746481.93,79.08628656120833
2019-04-01,South Lahontan,808346.0,3472156591.6299996,98.11264191256723
2019-04-01,Tulare Lake,1797232.0,9571537255.523998,116.50736950986551
2019-05-01,Central Coast,1226090.0,3982246970.3,66.71358153850157
2019-05-01,Colorado River,713569.0,5081983905.2,161.22937246207496
2019-05-01,North Coast,370664.0,981794587.558,57.76923635673521
2019-05-01,North Lahontan,83501.0,336275128.0,88.12748155614129
2019-05-01,Sacramento River,2444287.0,13301189566.78,116.62479841590773
2019-05-01,San Francisco Bay,6578853.0,22000285419.8116,68.01419383683579
2019-05-01,San Joaquin River,1415289.0,7471844597.927,113.19398725721126
2019-05-01,South Coast,19205182.0,69180765048.883,75.32498731797683
2019-05-01,South Lahontan,847372.0,3846891613.4680004,103.58731937070218
2019-05-01,Tulare Lake,1798020.0,11093583672.52,132.25439330402284
2019-06-01,Central Coast,1185032.0,4301911990.129999,77.17623237333417
2019-06-01,Colorado River,713618.0,5811487224.2,192.53583476728932
2019-06-01,North Coast,366502.0,1195972030.357,74.65647874302914
2019-06-01,North Lahontan,83501.0,483036246.0,125.01732933338123
2019-06-01,Sacramento River,2445313.0,16953746087.852999,149.9613225956902
2019-06-01,San Francisco Bay,6579594.0,25025037269.246994,79.5053447669585
2019-06-01,San Joaquin River,1399928.0,8914370328.393,144.96184826759995
2019-06-01,South Coast,19121964.0,77736032137.56299,87.71212697463692
2019-06-01,South Lahontan,845121.0,4925171303.576,140.5958164097519
2019-06-01,Tulare Lake,1801438.0,13661953730.753,170.15884204749068
2019-07-01,Central Coast,1190937.0,4790062816.059999,81.54668805488089
2019-07-01,Colorado River,771459.0,7073910418.147,206.29806133299914
2019-07-01,North Coast,378596.0,1635030828.848,91.44962118059287
2019-07-01,North Lahontan,83501.0,621261964.0,146.04015765080658
2019-07-01,Sacramento River,2441691.0,19569404241.668,168.39053384853128
2019-07-01,San Francisco Bay,6579783.0,27172741883.7116,83.80209160859471
2019-07-01,San Joaquin River,1330666.0,9662173330.0,158.3218351216221
2019-07-01,South Coast,19131341.0,89196899718.577,98.46790117671785
2019-07-01,South Lahontan,849201.0,5392119310.3619995,146.62477019060103
2019-07-01,Tulare Lake,1793132.0,15852447298.744,195.15974343474167
2019-08-01,Central Coast,1191236.0,4891911981.42,82.83046397436729
2019-08-01,Colorado River,771459.0,7168533782.203,208.52313752669096
2019-08-01,North Coast,378569.0,1507521147.5779998,85.10743058559146
2019-08-01,North Lahontan,83501.0,600934244.0,144.6935824913822
2019-08-01,Sacramento River,2520983.0,20512512697.752,172.24985837435224
2019-08-01,San Francisco Bay,6581819.0,27772284053.859703,86.18611605055244
2019-08-01,San Joaquin River,1331384.0,9623518833.3,154.83555408417104
2019-08-01,South Coast,19200113.0,92830844194.83101,101.36919018239354
2019-08-01,South Lahontan,848441.0,5959761146.786,158.17341494282854
2019-08-01,Tulare Lake,1802265.0,16279077285.644001,195.31247767596437
2019-09-01,Central Coast,1190992.0,4679881835.57,83.97769752309969
2019-09-01,Colorado River,771459.0,6686446109.233999,202.16408958062655
2019-09-01,North Coast,378572.0,1394260742.381,84.7359602053207
2019-09-01,North Lahontan,83501.0,464842149.0,119.26296220803742
2019-09-01,Sacramento River,2510595.0,17360545284.542,156.10294920895697
2019-09-01,San Francisco Bay,6552274.0,25489834295.9452,82.71272325000973
2019-09-01,San Joaquin River,1331758.0,8500534029.0,142.7303046332842
2019-09-01,South Coast,18882509.0,83710158389.88501,97.61403089319533
2019-09-01,South Lahontan,858083.0,4840538027.4939995,141.08125806123695
2019-09-01,Tulare Lake,1802985.0,14269853172.922,178.4862955799973
2019-10-01,Central Coast,1232105.0,4714412018.530001,77.16627185176041
2019-10-01,Colorado River,699779.0,4814145653.84,158.62594808171667
2019-10-01,North Coast,378575.0,1410455674.0570002,79.1945870103593
2019-10-01,North Lahontan,83501.0,282177860.0,71.21375431856912
2019-10-01,Sacramento River,2511386.0,14836002764.779999,124.95034199418903
2019-10-01,San Francisco Bay,6553032.0,24329889810.1057,75.33873293704414
2019-10-01,San Joaquin River,1331965.0,7450360446.8,121.32711114980135
2019-10-01,South Coast,19255989.0,83931793208.55501,93.60018722426352
2019-10-01,South Lahontan,848019.0,4028884093.06,111.78399467807716
2019-10-01,Tulare Lake,1803632.0,12391329155.559,147.49345248220797
2019-11-01,Central Coast,1191817.0,3848149934.04,69.25461023723408
2019-11-01,Colorado River,730434.0,5228757972.379,166.41031525746158
2019-11-01,North Coast,378578.0,1136281767.422,69.30420647009599
2019-11-01,North Lahontan,83501.0,225520644.0,56.49966595210437
2019-11-01,Sacramento River,2329048.0,11177704869.739,110.21277334226589
2019-11-01,San Francisco Bay,6542041.0,20682382323.716797,67.37725753234832
2019-11-01,San Joaquin River,1332372.0,5943446159.5,100.26455851990535
2019-11-01,South Coast,19223490.0,69839900819.711,81.17075846986745
2019-11-01,South Lahontan,812739.0,3283193878.186,98.68481693494931
2019-11-01,Tulare Lake,1804396.0,9795928362.627,122.43485621396832
2019-12-01,Central Coast,1191710.0,2753766159.234,51.5662825210138
2019-12-01,Colorado River,711639.0,3609078416.289,113.24475477535094
2019-12-01,North Coast,378581.0,938669601.106,54.52034202959933
2019-12-01,North Lahontan,83501.0,246117984.0,61.36856345471622
2019-12-01,Sacramento River,2513784.0,7956320094.455,68.07490014812844
2019-12-01,San Francisco Bay,6530277.0,15892467779.2758,52.33684664198592
2019-12-01,San Joaquin River,1332634.0,4312922183.9,71.7578240168307
2019-12-01,South Coast,19199417.0,52144877148.726,60.696254459872804
2019-12-01,South Lahontan,813182.0,2278104242.6400003,67.18250430706291
2019-12-01,Tulare Lake,1803925.0,6971066595.516,87.03261764792884
2020-01-01,Central Coast,1152739.0,2656681361.33,50.585490079947256
2020-01-01,Colorado River,711848.0,3639467704.417,116.2885821584446
2020-01-01,North Coast,378581.0,821909620.061,50.40389582116871
2020-01-01,North Lahontan,94317.0,254557217.0,55.18831774725386
2020-01-01,Sacramento River,2699346.0,8059189975.797,67.55971668564607
2020-01-01,San Francisco Bay,6538847.0,15656114298.6777,51.80970718712773
2020-01-01,San Joaquin River,1351405.0,4138607065.7,65.04934139109227
2020-01-01,South Coast,19600499.0,58783191891.89128,67.53762464664766
2020-01-01,South Lahontan,813822.0,2294158134.92,69.68992115440287
2020-01-01,Tulare Lake,1750188.0,6359083510.141,74.69905666447424
2020-02-01,Central Coast,1167930.0,3045799895.17,59.213334240595884
2020-02-01,Colorado River,730643.0,4042301794.86,134.66501360749285
2020-02-01,North Coast,378083.0,835360298.9610001,52.81661810137932
2020-02-01,North Lahontan,92498.0,230531106.0,51.99300628457204
2020-02-01,Sacramento River,2712085.0,9224224352.418999,80.52765621018096
2020-02-01,San Francisco Bay,6510897.0,16821391879.8881,57.17202704144837
2020-02-01,San Joaquin River,1352855.0,4644878622.9,82.47185974894218
2020-02-01,South Coast,19774411.0,62771284250.481445,72.81673576767876
2020-02-01,South Lahontan,813747.0,2783176688.6159997,83.47947253212133
2020-02-01,Tulare Lake,1810133.0,7057448454.6449995,81.98772354872614
2020-03-01,Central Coast,1189041.0,3035087290.2599998,54.958221095372636
2020-03-01,Colorado River,724019.0,3675693424.0850005,113.76418991165589
2020-03-01,North Coast,378086.0,943578439.115,55.59998457172571
2020-03-01,North Lahontan,90916.0,235814594.0,53.6360333090169
2020-03-01,Sacramento River,2713180.0,10742403310.870998,88.16260149630824
2020-03-01,San Francisco Bay,6537919.0,18499343621.658203,58.74078497451111
2020-03-01,San Joaquin River,1353067.0,5321801580.3,85.04529960876934
2020-03-01,South Coast,19664684.0,56408245044.30248,63.55798108020522
2020-03-01,South Lahontan,814029.0,2590098351.8340006,76.11453150122769
2020-03-01,Tulare Lake,1812895.0,7833331249.495,89.19712662234326
2020-04-01,Central Coast,1133463.0,2987828230.1,61.653278659018866
2020-04-01,Colorado River,724019.0,4143163827.906,134.40408335024344
2020-04-01,North Coast,375819.0,1039912698.73,66.97599004234307
2020-04-01,North Lahontan,88166.0,246256129.0,65.10739134889488
2020-04-01,Sacramento River,2718172.0,11950234047.223999,100.20542490581283
2020-04-01,San Francisco Bay,6562489.0,18689482893.433296,64.61102280426338
2020-04-01,San Joaquin River,1354962.0,5815331218.9,96.08309732340587
2020-04-01,South Coast,19899648.0,58219318930.59028,67.79670874702937
2020-04-01,South Lahontan,813688.0,2873359302.004,83.19850031710048
2020-04-01,Tulare Lake,1816527.0,8262313758.723,98.57644862247352
2020-05-01,Central Coast,1169243.0,4258978599.83,77.87337244539333
2020-05-01,Colorado River,742814.0,6478090608.5,196.49521553231736
2020-05-01,North Coast,376095.0,1173347057.033,69.58382346579643
2020-05-01,North Lahontan,93061.0,440603321.0,106.94033735243377
2020-05-01,Sacramento River,2722396.0,17319515644.496002,144.96019845758863
2020-05-01,San Francisco Bay,6543092.0,23662240971.6926,78.36832468138996
2020-05-01,San Joaquin River,1357228.0,8362635632.2,137.68245112831258
2020-05-01,South Coast,19903234.0,82547915254.18123,88.1862065474592
2020-05-01,South Lahontan,848374.0,4671255771.9,128.84363899963643
2020-05-01,Tulare Lake,1819682.0,12597793978.963001,152.62567763163662
2020-06-01,Central Coast,1187076.0,4624691554.03,87.62955688206436
2020-06-01,Colorado River,722279.0,7018483726.5060005,231.57548799626392
2020-06-01,North Coast,367896.0,1315964064.0970001,83.47038203440647
2020-06-01,North Lahontan,97443.0,577536360.0,136.34783084333063
2020-06-01,Sacramento River,2724688.0,21013102319.069,177.6487465679425
2020-06-01,San Francisco Bay,6542340.0,26279921749.5718,89.12234494405425
2020-06-01,San Joaquin River,1357614.0,9327330015.1,155.26351179320238
2020-06-01,South Coast,19918705.0,87065263641.19063,98.40495788133677
2020-06-01,South Lahontan,846128.0,4977919809.664,139.68749787894595
2020-06-01,Tulare Lake,1819970.0,14855265694.508,183.63985927100344
2020-07-01,Central Coast,1090610.0,4674512000.63,95.11145911076744
2020-07-01,Colorado River,780814.0,7631076351.551002,217.2239712425575
2020-07-01,North Coast,375850.0,1715825330.8809998,99.41293361842877
2020-07-01,North Lahontan,104741.0,687940942.0,135.62180172259005
2020-07-01,Sacramento River,2726045.0,24048133081.607,195.86654193388767
2020-07-01,San Francisco Bay,6583322.0,28230464345.4929,91.5690179659461
2020-07-01,San Joaquin River,1372967.0,10294440943.4,162.3231471280223
2020-07-01,South Coast,19834363.0,95415055138.71312,103.499463322965
2020-07-01,South Lahontan,847095.0,5645390737.158001,156.75671473766036
2020-07-01,Tulare Lake,1793260.0,16315540049.096998,200.64819285602238
2020-08-01,Central Coast,1185773.0,5088378435.2699995,92.63677586536262
2020-08-01,Colorado River,780814.0,7951431666.715,230.27536709786253
2020-08-01,North Coast,376123.0,1557480766.682,92.69599289180368
2020-08-01,North Lahontan,102225.0,679761912.0,141.2305379341901
2020-08-01,Sacramento River,2743908.0,24627948659.16,193.9607174841097
2020-08-01,San Francisco Bay,6582756.0,28086550345.492302,90.62349990262032
2020-08-01,San Joaquin River,1381694.0,10194013097.5,161.60104841056494
2020-08-01,South Coast,19757312.0,98108242852.52248,107.2924612711162
2020-08-01,South Lahontan,847177.0,5866952659.804,160.5941846857003
2020-08-01,Tulare Lake,1820858.0,16322424012.366001,192.21547449999755
2020-09-01,Central Coast,1260580.0,4892492779.97,87.11757344116602
2020-09-01,Colorado River,778737.0,7079280451.624001,215.6423507862474
2020-09-01,North Coast,408477.0,1543111884.605,88.18926297398956
2020-09-01,North Lahontan,97494.0,591717127.0,134.33970680828224
2020-09-01,Sacramento River,2772005.0,21175278329.357002,172.24485443031622
2020-09-01,San Francisco Bay,6639451.0,25748133318.337498,84.22132764632168
2020-09-01,San Joaquin River,1688836.0,10712756588.869999,147.16323718079985
2020-09-01,South Coast,20501725.0,95414100770.02849,105.20448951270127
2020-09-01,South Lahontan,872365.0,5536472832.39572,155.8576122540412
2020-09-01,Tulare Lake,1895291.0,14656726602.908,173.87967581735364
2020-10-01,Central Coast,1274188.0,4824573997.87,83.09592348166397
2020-10-01,Colorado River,777841.0,6306867533.065999,183.54080095731513
2020-10-01,North Coast,408617.0,1637511688.755,90.20311265460272
2020-10-01,North Lahontan,93508.0,443168732.0,104.23681702997294
2020-10-01,Sacramento River,2773423.0,18932602562.241997,147.14179966591212
2020-10-01,San Francisco Bay,6545806.0,24303585641.021,77.6329330826624
2020-10-01,San Joaquin River,1689100.0,9790506558.887,127.74140466910323
2020-10-01,South Coast,20528827.0,91642368406.1284,97.60845965524278
2020-10-01,South Lahontan,852238.0,4555876707.75588,126.51348014413482
2020-10-01,Tulare Lake,1925429.0,13189433411.974,146.87944159089332
2020-11-01,Central Coast,1275455.0,4007704210.63,71.82675405710353
2020-11-01,Colorado River,778737.0,6084941389.617,182.02050922649542
2020-11-01,North Coast,408620.0,1186519931.771,69.22975433955428
2020-11-01,North Lahontan,90566.0,278284796.0,63.80266664826388
2020-11-01,Sacramento River,2774486.0,12873620487.226002,105.46092724036598
2020-11-01,San Francisco Bay,6684934.0,19804935560.3211,64.32202589304023
2020-11-01,San Joaquin River,1689619.0,7355384715.815,102.22842311432834
2020-11-01,South Coast,20496546.0,75816687140.39713,85.71695446796349
2020-11-01,South Lahontan,817372.0,3300715370.9526396,97.40488959697363
2020-11-01,Tulare Lake,1957711.0,9989280468.326,113.79169601210988
2020-12-01,Central Coast,1276412.0,3618653472.9500003,64.88609716440618
2020-12-01,Colorado River,759942.0,4614958803.289999,138.30596578941544
2020-12-01,North Coast,408623.0,1063602979.919,58.583595077431184
2020-12-01,North Lahontan,93430.0,276962810.0,61.114186206336996
2020-12-01,Sacramento River,2765075.0,10113884567.654999,79.48265424863202
2020-12-01,San Francisco Bay,6682166.0,17785727489.0351,57.274648297379336
2020-12-01,San Joaquin River,1689897.0,6118957339.271,80.58594534656065
2020-12-01,South Coast,20514440.0,75033135910.7054,82.19967764163137
2020-12-01,South Lahontan,856343.0,3034035818.01124,83.71628298811432
2020-12-01,Tulare Lake,1891869.0,8254779394.778999,91.48346198805766
2021-01-01,Central Coast,1277237.0,3301796747.52,60.31066562031579
2021-01-01,Colorado River,760860.0,4314153275.208,132.17613610984117
2021-01-01,North Coast,409215.0,1051998768.9768001,60.57458484734579
2021-01-01,North Lahontan,94148.0,277959757.0,60.73095064633994
2021-01-01,Sacramento River,2798387.0,9143838826.676376,72.1973962842261
2021-01-01,San Francisco Bay,6701024.0,16257140483.9982,53.13646569994039
2021-01-01,San Joaquin River,1690334.0,5638515934.848001,75.49310296170174
2021-01-01,South Coast,20510298.0,65042322720.27284,72.34812461667383
2021-01-01,South Lahontan,857450.0,2624714675.874,75.87147361522214
2021-01-01,Tulare Lake,1964997.0,7630912650.355,85.46926373513115
2021-02-01,Central Coast,1277043.0,3012721507.429,60.92236054974005
2021-02-01,Colorado River,779717.0,3877174336.07,124.33433641771568
2021-02-01,North Coast,409218.0,909545803.0792,57.64555569730916
2021-02-01,North Lahontan,92748.0,252940514.0,60.86338154538566
2021-02-01,Sacramento River,2809777.0,8242139359.170072,72.23427532641989
2021-02-01,San Francisco Bay,6679084.0,14885144499.448801,53.94938456859769
2021-02-01,San Joaquin River,1694001.0,5243742798.1675,78.05906921596102
2021-02-01,South Coast,20538599.0,59856074296.698006,73.03002439742029
2021-02-01,South Lahontan,812694.0,2379552499.4505606,77.07685297005477
2021-02-01,Tulare Lake,1966642.0,7090208926.146156,83.87504219373386
2021-03-01,Central Coast,1140194.0,3245672321.55,64.77724793778043
2021-03-01,Colorado River,779829.0,4615327391.101001,130.06658319570363
2021-03-01,North Coast,380576.0,878329591.46592,52.15216093629244
2021-03-01,North Lahontan,92229.0,259276144.0,56.60162444742208
2021-03-01,Sacramento River,2696707.0,10141353954.645952,83.82178258301293
2021-03-01,San Francisco Bay,6678028.0,17925371176.553303,58.906438599327444
2021-03-01,San Joaquin River,1698396.0,6647243316.22571,87.018154526714
2021-03-01,South Coast,20440738.0,66830901555.98841,72.03332863428545
2021-03-01,South Lahontan,799706.0,2985523705.3919606,88.16167560439716
2021-03-01,Tulare Lake,1967856.0,8896699721.731361,94.85118341516538
2021-04-01,Central Coast,1278889.0,4254199678.19,75.56319940954248
2021-04-01,Colorado River,779855.0,5742892967.2439995,171.44454911031994
2021-04-01,North Coast,382546.0,1236719859.06,74.658855759482
2021-04-01,North Lahontan,91385.0,285140540.0,69.65260401597637
2021-04-01,Sacramento River,2812520.0,15801630843.724323,124.06571995497211
2021-04-01,San Francisco Bay,6678940.0,21473445023.376198,70.57149499603473
2021-04-01,San Joaquin River,1697434.0,8834622791.635,118.27525272168852
2021-04-01,South Coast,20498312.0,78556849053.67532,84.54294571447254
2021-04-01,South Lahontan,857313.0,4053408967.796,110.29600830702338
2021-04-01,Tulare Lake,1408473.0,8218033921.839999,127.26540433118988
2021-05-01,Central Coast,1280963.0,4761730326.66,81.23835453764413
2021-05-01,Colorado River,779985.0,6587945922.707999,191.28350343297208
2021-05-01,North Coast,410986.0,1386875661.1759999,72.6172854815461
2021-05-01,North Lahontan,93650.0,461870271.0,106.97907293491552
2021-05-01,Sacramento River,2818413.0,20837126051.152,159.9888218943738
2021-05-01,San Francisco Bay,6664533.0,24061894616.044,74.77745708022266
2021-05-01,San Joaquin River,1702226.0,10299950200.704899,134.00640570852056
2021-05-01,South Coast,20354656.0,86751107831.215,90.18985678992784
2021-05-01,South Lahontan,832786.0,4416306690.084,124.5064135830551
2021-05-01,Tulare Lake,1968485.0,14447234475.69,155.87416385803328
2021-06-01,Central Coast,1277279.0,5037953436.86,88.84675198864194
2021-06-01,Colorado River,780206.0,7372790695.745999,211.03447545242048
2021-06-01,North Coast,410404.0,1435892487.6160002,76.95826491781433
2021-06-01,North Lahontan,97744.0,617913288.0,144.69069022923824
2021-06-01,Sacramento River,2818838.0,23174135990.188,180.066525712443
2021-06-01,San Francisco Bay,6670422.0,25046185942.956203,80.11327166271026
2021-06-01,San Joaquin River,1702746.0,11646515268.463999,155.28397551440673
2021-06-01,South Coast,20293167.0,91651742524.2798,99.94945704308293
2021-06-01,South Lahontan,858733.0,5411777679.5942,145.65861845468834
2021-06-01,Tulare Lake,1969519.0,16166492543.039999,183.48100617245652
2021-07-01,Central Coast,1277350.0,5155612122.94,86.45726257394163
2021-07-01,Colorado River,780308.0,7506508631.935001,215.5670186705589
2021-07-01,North Coast,410824.0,1591602530.4750001,83.35838718417345
2021-07-01,North Lahontan,103768.0,687724755.0,135.8559756283247
2021-07-01,Sacramento River,2820921.0,24838741622.619278,187.71599649191563
2021-07-01,San Francisco Bay,6671142.0,25877553286.924698,80.73023485204466
2021-07-01,San Joaquin River,1706054.0,12403430598.415998,155.73973186238817
2021-07-01,South Coast,20438556.0,99204301018.84288,102.62536579131735
2021-07-01,South Lahontan,859908.0,5824523262.4776,158.1592762482904
2021-07-01,Tulare Lake,1966241.0,17557182248.313,196.49051304056084
2021-08-01,Central Coast,1277644.0,5113087851.72,86.33349753422554
2021-08-01,Colorado River,768253.0,7363552780.89,214.28364365288115
2021-08-01,North Coast,410805.0,1430733417.70276,73.3100066435183
2021-08-01,North Lahontan,97955.0,644655128.0,139.30874395846675
2021-08-01,Sacramento River,2821816.0,23315551252.67273,176.44124334609677
2021-08-01,San Francisco Bay,6683616.0,25440315703.5031,76.82279511146177
2021-08-01,San Joaquin River,1707768.0,12000962492.52883,152.7656472211295
2021-08-01,South Coast,20436365.0,99291147612.97768,102.81448645454066
2021-08-01,South Lahontan,853371.0,5746547263.7644005,157.44819908252262
2021-08-01,Tulare Lake,1971411.0,17032614653.022,185.95952209102674
2021-09-01,Central Coast,1277853.0,4761162490.9,84.83829425283864
2021-09-01,Colorado River,780471.0,6789077113.49872,206.866551753916
2021-09-01,North Coast,411008.0,1341061083.1000001,70.66941679779225
2021-09-01,North Lahontan,91778.0,514489038.0,124.75814609891985
2021-09-01,Sacramento River,2824877.0,20502320934.802002,158.80548440468755
2021-09-01,San Francisco Bay,6684277.0,23897994534.359444,75.65588016901961
2021-09-01,San Joaquin River,1709120.0,10778952507.762,139.47005776819375
2021-09-01,South Coast,20434100.0,91514519639.08672,100.62332931825418
2021-09-01,South Lahontan,852574.0,5089876365.8048,148.86088415287134
2021-09-01,Tulare Lake,1973231.0,15402267909.538,173.18841021885612
2021-10-01,Central Coast,1269002.0,4255673588.91,73.7314362947068
2021-10-01,Colorado River,780705.0,5710771223.99952,169.67387119932715
2021-10-01,North Coast,411011.0,1253292883.096,69.18364828961097
2021-10-01,North Lahontan,91707.0,331929613.0,79.7694804255629
2021-10-01,Sacramento River,2829442.0,15438717296.441319,116.28459053914135
2021-10-01,San Francisco Bay,6708682.0,20616913546.3206,62.18445532452854
2021-10-01,San Joaquin River,1714211.0,8524300045.203,108.83048147294022
2021-10-01,South Coast,20380506.0,80305858109.526,85.66905182515671
2021-10-01,South Lahontan,854867.0,3961234637.3248,109.78115615079184
2021-10-01,Tulare Lake,1972185.0,12463608682.5,137.5122619941881
2021-11-01,Central Coast,1277351.0,3520728092.52,64.12119407338778
2021-11-01,Colorado River,780674.0,5999858871.404001,174.35081252100636
2021-11-01,North Coast,411079.0,897440825.08,50.00018420420407
2021-11-01,North Lahontan,87484.0,231411973.0,56.23001723819975
2021-11-01,Sacramento River,2830256.0,9376377890.07784,74.47486490970162
2021-11-01,San Francisco Bay,6708681.0,15834150389.015299,50.684461080686276
2021-11-01,San Joaquin River,1711777.0,6038605211.95921,78.46538997610777
2021-11-01,South Coast,20427669.0,76252122715.49808,82.80708620739618
2021-11-01,South Lahontan,851449.0,3354441651.5716,98.83901988770272
2021-11-01,Tulare Lake,1972789.0,9008328350.652,98.23274658573422
2021-12-01,Central Coast,1272061.0,3078761771.2899995,56.42588045735942
2021-12-01,Colorado River,780710.0,4406923994.224999,132.68152029993104
2021-12-01,North Coast,411082.0,974006435.8546401,53.233569872210516
2021-12-01,North Lahontan,91090.0,250900654.0,57.494522278214745
2021-12-01,Sacramento River,2832706.0,8840438185.726559,67.16254928261226
2021-12-01,San Francisco Bay,6708823.0,15540282703.649,48.12663171705305
2021-12-01,San Joaquin River,1712083.0,5391136842.791,69.24524437478019
2021-12-01,South Coast,20387770.0,60909254113.823074,68.08309504521165
2021-12-01,South Lahontan,852317.0,2758970600.66,77.21189679860393
2021-12-01,Tulare Lake,1972628.0,7425043162.216,78.01488191449153
2022-01-01,Central Coast,1272538.0,3054342746.67,56.257199382764064
2022-01-01,Colorado River,738841.0,4455171885.083,133.62597561978822
2022-01-01,North Coast,412563.0,927655905.232,51.51834822670837
2022-01-01,North Lahontan,94945.0,266750108.0,57.0246767177602
2022-01-01,Sacramento River,2836091.0,8876444111.827,70.32962964001405
2022-01-01,San Francisco Bay,6715670.0,15489166552.311802,48.645204987066755
2022-01-01,San Joaquin River,1715104.0,5469375748.096,71.889223553726
2022-01-01,South Coast,20401352.0,62624588582.89824,68.38836214213627
2022-01-01,South Lahontan,850451.0,2526014515.742,73.84109105608566
2022-01-01,Tulare Lake,1982520.0,7105119178.525,72.11697168361047
2022-02-01,Central Coast,1259152.0,3376504835.46,64.8887726537495
2022-02-01,Colorado River,751012.0,4315143425.55,146.24347523036994
2022-02-01,North Coast,412603.0,877309596.13892,53.07143133493937
2022-02-01,North Lahontan,91458.0,233621663.0,56.26355561998793
2022-02-01,Sacramento River,2836527.0,10153605134.717999,87.14930728819321
2022-02-01,San Francisco Bay,6308989.0,15145937255.7364,54.68325656916053
2022-02-01,San Joaquin River,1714997.0,5842833325.870999,85.22584743085326
2022-02-01,South Coast,20167946.0,64678870981.62543,76.46553709593047
2022-02-01,South Lahontan,831566.0,2490690717.1359997,77.51158034350142
2022-02-01,Tulare Lake,1695891.0,6445198625.294001,85.1190724587952
2022-03-01,Central Coast,1274103.0,3931810650.33,65.44029214621231
2022-03-01,Colorado River,751056.0,4782542144.777,139.54290528354835
2022-03-01,North Coast,412827.0,1009869747.0224401,52.638728792939176
2022-03-01,North Lahontan,91426.0,237376917.0,50.87219114383358
2022-03-01,Sacramento River,2856594.0,12670480033.7208,95.0076054011021
2022-03-01,San Francisco Bay,6727942.0,19078315046.645905,58.26805589172955
2022-03-01,San Joaquin River,1688458.0,7281372356.785,92.9308646611478
2022-03-01,South Coast,20452812.0,75048505159.50793,77.25369580080012
2022-03-01,South Lahontan,848048.0,3260233136.3659997,90.39946824579278
2022-03-01,Tulare Lake,1987108.0,8976820726.803,92.59354797681087
2022-04-01,Central Coast,1274688.0,3961822620.66,70.9864343031084
2022-04-01,Colorado River,749977.0,5958503524.882999,188.99124105205453
2022-04-01,North Coast,412477.0,986785192.49072,54.997834565866995
2022-04-01,North Lahontan,88699.0,218589577.0,54.09542969932017
2022-04-01,Sacramento River,2857017.0,12764411812.36752,99.85963987543991
2022-04-01,San Francisco Bay,6732056.0,18754434726.762203,59.644226596138836
2022-04-01,San Joaquin River,1720528.0,7849577775.167,103.2002630205743
2022-04-01,South Coast,20400242.0,76502461817.56157,80.74807224099806
2022-04-01,South Lahontan,853668.0,3635876162.4659996,107.19283624883492
2022-04-01,Tulare Lake,1987900.0,10595230820.927,115.88396883048328
2022-05-01,Central Coast,1263437.0,4520245455.969,75.01304184660157
2022-05-01,Colorado River,755845.0,6450159034.545,185.98104474452305
2022-05-01,North Coast,412422.0,1262027058.0248,63.80721808851348
2022-05-01,North Lahontan,89721.0,358507092.0,85.89264443718177
2022-05-01,Sacramento River,2860629.0,17282371776.805237,132.10313677074024
2022-05-01,San Francisco Bay,6713765.0,21916181509.559498,64.942445422983
2022-05-01,San Joaquin River,1719028.0,9843256081.436,124.73528815780439
2022-05-01,South Coast,20403825.0,84235554589.79129,85.03137672191215
2022-05-01,South Lahontan,856277.0,4254283414.191,115.46584486282532
2022-05-01,Tulare Lake,1988594.0,13443085327.309,140.315703785344
2022-06-01,Central Coast,1273298.0,4694281909.76,80.66459542336801
2022-06-01,Colorado River,754061.0,6884645540.294,214.75555216860556
2022-06-01,North Coast,412502.0,1342410777.06504,71.32021106986342
2022-06-01,North Lahontan,95696.0,496761355.0,115.93775300535026
2022-06-01,Sacramento River,2860822.0,19604631423.078003,153.0850594145075
2022-06-01,San Francisco Bay,6713847.0,23074307145.8913,71.6450267806148
2022-06-01,San Joaquin River,1720683.0,10864367714.595001,138.41954383429527
2022-06-01,South Coast,20434995.0,85614422822.83604,92.0045810029278
2022-06-01,South Lahontan,863058.0,4506581105.256,124.74981703172625
2022-06-01,Tulare Lake,1989647.0,15170214432.815,163.935530749479
2022-07-01,Central Coast,1275129.0,4943352761.32,81.89569076737986
2022-07-01,Colorado River,760599.0,7156642431.7109995,207.11418782474928
2022-07-01,North Coast,412502.0,1380177287.9725602,71.66929595494918
2022-07-01,North Lahontan,102443.0,643674456.0,130.09692470588678
2022-07-01,Sacramento River,2845962.0,21563165850.08836,164.31269218002788
2022-07-01,San Francisco Bay,6721788.0,23541017801.6446,71.29292069919846
2022-07-01,San Joaquin River,1699905.0,11395256833.7,147.66280911646388
2022-07-01,South Coast,20243205.0,90106349479.64247,93.3140388231245
2022-07-01,South Lahontan,857593.0,4926191121.176,134.99386464042658
2022-07-01,Tulare Lake,1978907.0,16479224202.251001,179.0848692292079
2022-08-01,Central Coast,1275423.0,5011981437.24,82.41713972497043
2022-08-01,Colorado River,760785.0,7633932814.537999,220.62641916720435
2022-08-01,North Coast,412502.0,1540461163.95188,77.51427708466461
2022-08-01,North Lahontan,98132.0,567517707.0,121.43343056455886
2022-08-01,Sacramento River,2865549.0,22113745701.754997,163.49651437385023
2022-08-01,San Francisco Bay,6719668.0,23997165895.024094,72.12190922454083
2022-08-01,San Joaquin River,1723030.0,11439283778.691,144.12904586688603
2022-08-01,South Coast,20178974.0,91983312755.47818,94.84233577852885
2022-08-01,South Lahontan,854422.0,5138803224.114,139.01892984755133
2022-08-01,Tulare Lake,1966828.0,16100183901.140999,171.4049617637209
2022-09-01,Central Coast,1252300.0,4565248577.94,79.56572089352585
2022-09-01,Colorado River,760792.0,6084839990.070999,192.82118103676092
2022-09-01,North Coast,412502.0,1321507826.26284,68.69927355047399
2022-09-01,North Lahontan,93133.0,521420939.0,125.37921494923032
2022-09-01,Sacramento River,2868387.0,19021232180.995,148.687292594248
2022-09-01,San Francisco Bay,6718651.0,22431651434.3769,70.79428790639246
2022-09-01,San Joaquin River,1723261.0,10227629547.585001,129.58670241136718
2022-09-01,South Coast,20342033.0,84178025832.18704,90.88980073890897
2022-09-01,South Lahontan,868522.0,4584834887.36,133.21562581150928
2022-09-01,Tulare Lake,1967477.0,14676778142.947998,166.82866748282717
2022-10-01,Central Coast,1263320.0,4313639720.44,71.89816937002674
2022-10-01,Colorado River,740852.0,5898285858.511,179.7602731118201
2022-10-01,North Coast,412522.0,1268375252.65988,64.66988198645417
2022-10-01,North Lahontan,91159.0,427985470.0,107.76968717331539
2022-10-01,Sacramento River,2868876.0,17048715263.521,125.27397891669115
2022-10-01,San Francisco Bay,6693010.0,20787332871.3641,62.64332961864155
2022-10-01,San Joaquin River,1641611.0,8488071843.383,111.91616777140204
2022-10-01,South Coast,20303446.0,78416106188.15039,81.97018092312813
2022-10-01,South Lahontan,837529.0,3597977466.3980002,101.23447796790248
2022-10-01,Tulare Lake,1990871.0,12957667563.131998,137.19550419173444
2022-11-01,Central Coast,1158187.0,3209755090.7699995,64.78829158851114
2022-11-01,Colorado River,702710.0,4967819745.150001,163.71027519346737
2022-11-01,North Coast,410492.0,980552204.99324,52.95788134299694
2022-11-01,North Lahontan,88823.0,267540912.0,63.047805894869576
2022-11-01,Sacramento River,2875350.0,10614345724.111439,85.12545201555908
2022-11-01,San Francisco Bay,6696421.0,16343925332.1411,51.06641174163571
2022-11-01,San Joaquin River,1685516.0,6176835323.908,83.31073241661188
2022-11-01,South Coast,19869186.0,63887893674.111084,73.33101608755756
2022-11-01,South Lahontan,855555.0,3027592532.48,91.22807453145275
2022-11-01,Tulare Lake,2001361.0,9125727004.616001,100.33809111246602
2022-12-01,Central Coast,1253536.0,2913821927.08,53.30688035714417
2022-12-01,Colorado River,760775.0,4243566081.47,131.71678255005907
2022-12-01,North Coast,410488.0,934404542.797,50.53019297091942
2022-12-01,North Lahontan,89943.0,265988162.0,60.36168742067109
2022-12-01,Sacramento River,2876057.0,8948982866.865,68.2482327383167
2022-12-01,San Francisco Bay,6619725.0,14878544465.3128,45.8096015095736
2022-12-01,San Joaquin River,1696778.0,5389868756.057,69.56910114818639
2022-12-01,South Coast,20177773.0,59351002903.31364,65.86697873269414
2022-12-01,South Lahontan,855353.0,2774038941.3719997,76.81160693626646
2022-12-01,Tulare Lake,1991367.0,7473684250.21,77.72601165574899
2023-01-01,Central Coast,1279228.0,2894554595.1980395,47.84937533297048
2023-01-01,Colorado River,725061.0,3650906699.3598394,112.79332428661955
2023-01-01,North Coast,412371.0,978200264.50224,45.39516927635083
2023-01-01,North Lahontan,63819.0,159891058.0,42.20931272868986
2023-01-01,Sacramento River,2800946.0,8309906609.80712,63.45659242248601
2023-01-01,San Francisco Bay,6672641.0,16706467224.679644,46.091524251580495
2023-01-01,San Joaquin River,1706984.0,5183722265.375999,62.44726969805111
2023-01-01,South Coast,20221512.0,53603886236.476265,62.43530483149248
2023-01-01,South Lahontan,737721.0,2121500426.878874,68.93868980512302
2023-01-01,Tulare Lake,1860163.0,6297629236.698,69.57846605445764
2023-02-01,Central Coast,1279228.0,2822618770.1761494,48.75909747689901
2023-02-01,Colorado River,725061.0,3688697681.9892,111.55018362208736
2023-02-01,North Coast,412371.0,853550811.92352,47.18518701621321
2023-02-01,North Lahontan,63819.0,148776927.0,43.328773003113724
2023-02-01,Sacramento River,2813384.0,7594309552.368392,62.36315560952322
2023-02-01,San Francisco Bay,6672641.0,15828655872.2068,46.35213935790694
2023-02-01,San Joaquin River,1706984.0,4569810839.96,67.06571978301244
2023-02-01,South Coast,20242953.0,55003930114.95763,62.40398841890411
2023-02-01,South Lahontan,756839.0,2111657650.8769996,70.1989093200724
2023-02-01,Tulare Lake,1922290.0,6012508388.325001,68.62772844061361
2023-03-01,Central Coast,1279228.0,3069265753.928276,45.69826200895156
2023-03-01,Colorado River,725061.0,3553143356.7244005,102.18547172253496
2023-03-01,North Coast,412371.0,918607680.9222801,43.45469709142746
2023-03-01,North Lahontan,63819.0,155027046.0,37.50523026563532
2023-03-01,Sacramento River,2854301.0,8475610090.980639,57.19836188684963
2023-03-01,San Francisco Bay,6672641.0,17116215878.191004,42.337294195572824
2023-03-01,San Joaquin River,1706984.0,5207765074.768,57.928222467361024
2023-03-01,South Coast,20141902.0,51572883811.23205,57.752243979751
2023-03-01,South Lahontan,864715.0,2325760813.9538403,66.26109621334645
2023-03-01,Tulare Lake,1872822.0,6107742774.509001,62.735695347845095
2023-04-01,Central Coast,1279228.0,3677561185.0683537,51.64838273793779
2023-04-01,Colorado River,725061.0,4842234008.170681,124.83381186350759
2023-04-01,North Coast,412371.0,940190985.42956,46.17937240046787
2023-04-01,North Lahontan,63819.0,159536977.0,37.93622327728942
2023-04-01,Sacramento River,2865626.0,10919857557.767176,69.18487230716356
2023-04-01,San Francisco Bay,6672641.0,19392231179.9058,46.19923637731298
2023-04-01,San Joaquin River,1706984.0,6597519561.7439995,68.7018838542521
2023-04-01,South Coast,20341275.0,65217644964.59271,62.683873076265535
2023-04-01,South Lahontan,864715.0,3086844102.2791595,72.39362626656259
2023-04-01,Tulare Lake,1780625.0,8205348915.521973,84.17061312497951
2023-05-01,Central Coast,1279228.0,4389410821.842861,60.415416838547884
2023-05-01,Colorado River,725061.0,5757991698.97084,149.22179311685053
2023-05-01,North Coast,412371.0,1224033852.94144,56.15982691502271
2023-05-01,North Lahontan,63819.0,207043232.0,43.69852743823383
2023-05-01,Sacramento River,2808085.0,24567762364.27644,98.28939411858626
2023-05-01,San Francisco Bay,6672641.0,24044399897.55875,50.68784847902052
2023-05-01,San Joaquin River,1706984.0,9076878039.418999,89.24053814292041
2023-05-01,South Coast,18861685.0,68713668782.67909,70.37386824867278
2023-05-01,South Lahontan,864715.0,4239195286.0395603,96.93557581351456
2023-05-01,Tulare Lake,1718498.0,11093960655.388449,115.73263385319717
2023-06-01,Central Coast,1208419.0,4161023944.9339814,69.75838385223999
2023-06-01,Colorado River,724108.0,5979088976.03144,177.19697346169357
2023-06-01,North Coast,412371.0,1321364565.9534402,68.63747736882888
2023-06-01,North Lahontan,173149.0,450870675.0,44.817673410376806
2023-06-01,Sacramento River,2867294.0,19058057390.32007,136.74908901742782
2023-06-01,San Francisco Bay,6672641.0,35400611805.35861,63.328977563119004
2023-06-01,San Joaquin River,1705229.0,10422372838.66,116.63996458577313
2023-06-01,South Coast,20228972.0,76320860075.76067,82.43891583032071
2023-06-01,South Lahontan,864715.0,4384381143.32348,111.24784180602857
2023-06-01,Tulare Lake,1780625.0,12582834109.706839,147.4804554451012
2023-07-01,Central Coast,1279228.0,5074654010.72174,74.78906987944913
2023-07-01,Colorado River,725061.0,7202623062.76916,183.69197463941964
2023-07-01,North Coast,414498.0,1593895081.5202,72.90407245163874
2023-07-01,North Lahontan,173149.0,626469632.0,70.37000111222498
2023-07-01,Sacramento River,2885370.0,-1982878350558.8625,154.23903650638263
2023-07-01,San Francisco Bay,6669455.0,29548647050.50738,68.04458437100783
2023-07-01,San Joaquin River,1705229.0,11872176030.2,121.91654394410256
2023-07-01,South Coast,18763473.0,85647892448.63689,84.57767346892541
2023-07-01,South Lahontan,864715.0,5222563221.87432,119.23821828728727
2023-07-01,Tulare Lake,1782158.0,14556405781.10139,162.5870242017027
2023-08-01,Central Coast,1279228.0,4965122822.450315,75.36163529580894
2023-08-01,Colorado River,725061.0,6539901147.1084,199.61112338094273
2023-08-01,North Coast,414498.0,1587331716.4924,76.80260901355842
2023-08-01,North Lahontan,173149.0,596535577.53,75.21123647561424
2023-08-01,Sacramento River,2870989.0,-10845426209361.59,165.66864384229447
2023-08-01,San Francisco Bay,6699810.0,30028131977.60005,69.38119749946794
2023-08-01,San Joaquin River,1705255.0,11523296853.154,131.55202061271513
2023-08-01,South Coast,18821365.0,81838978684.11203,91.1194112496285
2023-08-01,South Lahontan,864715.0,5154019354.93012,127.42781351884243
2023-08-01,Tulare Lake,1756642.0,13744650170.62908,154.56347075804567
2023-09-01,Central Coast,1279228.0,4585578994.24371,76.89072976225111
2023-09-01,Colorado River,725061.0,6018863774.2984,188.7640931484845
2023-09-01,North Coast,414518.0,1365763910.29596,73.67726583172423
2023-09-01,North Lahontan,173149.0,461932055.37,52.97768439898585
2023-09-01,Sacramento River,2883661.0,18733648589.90683,146.5172098548366
2023-09-01,San Francisco Bay,6670809.0,27654793994.277885,70.85871031931869
2023-09-01,San Joaquin River,1710351.0,10147588736.78191,118.56934370354391
2023-09-01,South Coast,18738691.0,76266009252.07962,89.8000001584569
2023-09-01,South Lahontan,864715.0,4370913129.188721,114.37390237652251
2023-09-01,Tulare Lake,2325487.0,12275766693.18682,120.1021441347554
2023-10-01,Central Coast,1287828.0,4570804121.392412,70.3001104192334
2023-10-01,Colorado River,708039.0,5575468707.439013,156.610635812753
2023-10-01,North Coast,415574.0,1295486177.7504,66.76204063204302
2023-10-01,North Lahontan,173233.0,347351996.79,40.978643881268994
2023-10-01,Sacramento River,2860832.0,16279495046.401665,119.21025123057841
2023-10-01,San Francisco Bay,6609969.0,26715030777.978703,65.34628919151525
2023-10-01,San Joaquin River,1713830.0,9278827307.620201,103.56909485430948
2023-10-01,South Coast,18807414.0,76057327679.93594,81.20583593049602
2023-10-01,South Lahontan,875233.0,3988921965.959918,97.23870146446458
2023-10-01,Tulare Lake,1787315.0,10965048208.014166,124.82756336099034
2023-11-01,Central Coast,1291838.0,3832388484.8166733,65.34360641362143
2023-11-01,Colorado River,708039.0,5028378297.787093,168.48715498877885
2023-11-01,North Coast,415574.0,1012995829.2614,54.59175545498354
2023-11-01,North Lahontan,59502.0,150502370.0,41.62375214278512
2023-11-01,Sacramento River,2887220.0,10719540005.23136,96.05043294032946
2023-11-01,San Francisco Bay,6609969.0,22390357847.06787,59.96290715342286
2023-11-01,San Joaquin River,1685850.0,6696447432.326979,92.84718525074159
2023-11-01,South Coast,19972251.0,71160905563.23035,82.42096734198462
2023-11-01,South Lahontan,751291.0,2645149635.7509604,85.6210300093874
2023-11-01,Tulare Lake,1787315.0,8592424028.615265,106.5178412322767
2023-12-01,Central Coast,1291838.0,3312786785.236867,55.771388572064566
2023-12-01,Colorado River,708039.0,4070431922.732068,135.79697108961875
2023-12-01,North Coast,413162.0,921781873.66604,48.926301761833315
2023-12-01,North Lahontan,59502.0,150319860.0,39.98525015694782
2023-12-01,Sacramento River,2895837.0,9145717969.561861,69.377581596449
2023-12-01,San Francisco Bay,6501067.0,19382943189.891174,50.89270693448955
2023-12-01,San Joaquin River,1572842.0,5465332566.12,73.7365091746188
2023-12-01,South Coast,19945983.0,38295228191.91568,72.95370822268336
2023-12-01,South Lahontan,876086.0,2707950631.39988,70.8572668756367
2023-12-01,Tulare Lake,1917844.0,7955950667.676977,90.94719293318013
2024-01-01,Central Coast,1248390.0,2937348503.7990766,47.58040028847478
2024-01-01,Colorado River,663936.0,3661603455.585,117.60158945615437
2024-01-01,North Coast,413162.0,975880491.608,44.8007481589585
2024-01-01,North Lahontan,51691.0,118144380.0,39.17187493174391
2024-01-01,Sacramento River,2926408.0,8697573880.008282,61.59659622288095
2024-01-01,San Francisco Bay,6579581.0,17920821734.74983,47.54373977768171
2024-01-01,San Joaquin River,1645558.0,5360094572.667213,65.53471945141541
2024-01-01,South Coast,19930056.0,56048324463.1037,68.19406338599168
2024-01-01,South Lahontan,876086.0,2559296775.8068,69.97583024819997
2024-01-01,Tulare Lake,1906405.0,6871195540.4956045,76.50603301858868
2024-02-01,Central Coast,1232809.0,2661482265.4181967,47.732624923076564
2024-02-01,Colorado River,708039.0,3148389752.752,112.49892062569512
2024-02-01,North Coast,413162.0,878157143.882,46.118705949744346
2024-02-01,North Lahontan,51691.0,98636600.0,34.40191682804784
2024-02-01,Sacramento River,2895837.0,7700219760.643906,60.11520529282528
2024-02-01,San Francisco Bay,6609100.0,16474757618.027143,45.07171482762471
2024-02-01,San Joaquin River,1643679.0,4700308343.967785,63.66392107471862
2024-02-01,South Coast,19476415.0,51044450318.34412,63.01514551468875
2024-02-01,South Lahontan,876086.0,1946412645.8221998,66.45714021400985
2024-02-01,Tulare Lake,1929013.0,6082490447.355951,72.34936664234847
2024-03-01,Central Coast,1248390.0,3105769340.1113153,45.62136562535126
2024-03-01,Colorado River,676860.0,4083715994.948008,103.99674122718473
2024-03-01,North Coast,413162.0,882379144.94996,43.28342284505133
2024-03-01,North Lahontan,51691.0,103460511.0,33.49520506783173
2024-03-01,Sacramento River,2926408.0,8699516726.934822,58.39952075319155
2024-03-01,San Francisco Bay,6609100.0,17871726974.003803,45.281480161919085
2024-03-01,San Joaquin River,1645558.0,5416140881.417975,60.051427929908186
2024-03-01,South Coast,19638646.0,56641684908.36607,57.12436859147626
2024-03-01,South Lahontan,876086.0,2647651695.99004,52.33662469800689
2024-03-01,Tulare Lake,1929013.0,7473779428.555524,71.01916863388554
2024-04-01,Central Coast,1248390.0,3191721571.7158523,51.137536232747784
2024-04-01,Colorado River,708039.0,4843574305.5104,133.73813889390271
2024-04-01,North Coast,413162.0,1037693142.444,49.12898364616623
2024-04-01,North Lahontan,59502.0,150352076.02,41.273048524979544
2024-04-01,Sacramento River,2827837.0,10202652957.585655,71.24099662435304
2024-04-01,San Francisco Bay,5029020.0,11870290689.689968,44.35498684152088
2024-04-01,San Joaquin River,1628768.0,6407543394.001876,70.49039923555718
2024-04-01,South Coast,17654760.0,53526476849.644806,59.56034201001404
2024-04-01,South Lahontan,861223.0,2983436892.49716,71.39348652687322
2024-04-01,Tulare Lake,1761074.0,7918516203.573634,89.76957597035825
2024-05-01,Central Coast,1240354.0,4076880944.6077886,59.503931705631175
2024-05-01,Colorado River,708039.0,5734740634.142399,102.07351654426363
2024-05-01,North Coast,385998.0,1185600190.958,55.001610029709326
2024-05-01,North Lahontan,59502.0,234458785.0,66.11038772348124
2024-05-01,Sacramento River,2794690.0,16138701793.22149,94.51430107062713
2024-05-01,San Francisco Bay,4719394.0,14554588013.283585,49.891533929113535
2024-05-01,San Joaquin River,1570245.0,8657613320.66266,92.55607117537339
2024-05-01,South Coast,17614219.0,63723932020.72248,61.76007705169054
2024-05-01,South Lahontan,861223.0,4189594626.264,71.57884393285721
2024-05-01,Tulare Lake,1705755.0,11330716763.476013,113.84323461443284
