display_name,hydrologic_region,total_population_served,cumulative_pct_change,gallons_saved_per_month,gallons_saved_per_day
City of Adelanto,South Lahontan,30743,-0.00735849721575592,31.37994036477439,0.9836971901183196
Alameda County Water District,San Francisco Bay,356823,-0.11530250808000095,406.4199897428137,12.740438549931463
Alco Water Service,Central Coast,30509,-0.02542984747648717,95.99298567635779,3.0091845039610594
City of Alhambra,South Coast,85168,-0.07495652469756078,236.41372860840517,7.411088671109879
Amador Water Agency,San Joaquin River,22468,-0.02718372866285693,130.63022965996083,4.094991525390622
City of Anaheim,South Coast,369033,-0.019637950604257666,85.52290813206392,2.680968906961251
City of Anderson,Sacramento River,11147,-0.10361654569331868,719.8528752130618,22.565920853074037
City of Antioch,San Joaquin River,113061,-0.12353511093538333,479.1855723901257,15.021491297496103
Apple Valley Ranchos Water Company,South Lahontan,62602,-0.05304192893587649,241.36393318743885,7.566267498038836
City of Arcadia,South Coast,57639,-0.08280951573746899,595.367820138101,18.663568029407553
City of Arcata,North Coast,18829,-0.05954512091662139,165.87975994476605,5.199992474757557
Arvin Community Services District,Tulare Lake,21947,-0.016973847780243866,55.893124345012986,1.7521355594047958
Atascadero Mutual Water Company,Central Coast,35896,-0.03630945285492907,148.4984399375975,4.655123509015596
City of Atwater,San Joaquin River,31250,-0.11735430281461233,890.5681936000001,27.917498231974925
City of Azusa,South Coast,106400,-0.06839776622821879,333.1849356431038,10.444668828937424
City of Bakersfield,Tulare Lake,158989,-0.04412080342691652,339.8074906395292,10.65227243384104
Bakman Water Company,Tulare Lake,17003,-0.09682787290445904,521.5994412750691,16.35107966379527
City of Banning,Colorado River,31221,-0.11380297379505773,879.4247914887419,27.568175281778743
Beaumont-Cherry Valley Water District,South Coast,68302,-0.003811431418462665,22.459677311923194,0.7040651194960248
Bellflower-Somerset Mutual Water Company,South Coast,46300,-0.0799891904870945,238.01588563773234,7.461313029395998
City of Beverly Hills,South Coast,43258,-0.06397792168145051,405.3145781976747,12.705786150397326
Big Bear City Community Services District,South Coast,12503,-0.10034452096557508,240.69061403947097,7.545160314716958
City of Brawley,Colorado River,27743,-0.026755961272327558,179.9715243484843,5.641740575187596
City of Brea,South Coast,43601,-0.012661191040500277,79.28309575729924,2.4853635033636126
City of Brentwood,San Joaquin River,66097,-0.08463820654193559,422.1121987382181,13.232357327216869
City of Buena Park,South Coast,81998,-0.040661847401206666,185.43759990451002,5.813090906097493
City of Burlingame,San Francisco Bay,32407,-0.08587902162649033,283.9780587527386,8.902133503220647
Calaveras County Water District,San Joaquin River,27954,-0.023420949510476973,124.75853187379266,3.9109257640687356
California Water Service Company Antelope Valley,South Lahontan,3453,-0.13822538224631184,793.4012580784824,24.871512792428916
California Water Service Company Bakersfield,Tulare Lake,287794,-0.08907950210455338,519.6125484020165,16.28879462075287
California Water Service Company Bear Gulch,San Francisco Bay,60918,-0.13997395683386799,848.1197637398639,26.58682644952551
California Water Service Company Chico District,Sacramento River,111177,-0.06198556419057573,356.2756296501977,11.168515036056354
City of California Water Service Company Dixon,Sacramento River,10622,-0.10891862932046696,402.7937398653749,12.626763005184166
California Water Service Company Dominguez,South Coast,143493,-0.1297131339955209,732.1710668366545,22.95207106071017
California Water Service Company East Los Angeles,South Coast,151466,-0.0470486049802529,126.16735211050658,3.955089407852871
California Water Service Company Hermosa/Redondo,South Coast,96534,-0.06351149526068907,205.89297362064107,6.454325191869626
California Water Service Company Kern River Valley,Tulare Lake,5601,-0.03152446105430049,124.79520952062157,3.9120755335618047
California Water Service Company King City,Central Coast,15920,-0.05824899312564539,173.57277919566587,5.44115295284219
California Water Service Company Livermore,San Francisco Bay,60108,-0.14205400180497985,639.3701992546869,20.042952954692378
California Water Service Company Los Altos/Suburban,San Francisco Bay,70164,-0.18980516623928212,988.4515344904939,30.98594152007818
California Water Service Company Marysville,Sacramento River,12274,-0.11181830017173967,516.2332532426274,16.182860603217158
California Water Service Company Mid Peninsula,San Francisco Bay,137607,-0.09303647406837892,278.9641351056274,8.744957213342552
California Water Service Company Oroville,Sacramento River,11070,-0.09105079350849125,658.9231811278224,20.655899094916062
California Water Service Company Palos Verdes,South Coast,70429,-0.13595401319353465,997.4711299860858,31.268687460378864
California Water Service Company Redwood Valley,North Coast,3314,-0.030234082191966383,99.39771741746094,3.1159159065034774
California Water Service Company Salinas District,Central Coast,123519,-0.05288545369712879,199.82509232231456,6.264109477188544
California Water Service Company Selma,Tulare Lake,26249,-0.17159894992422328,834.7483203564614,26.167658945343618
California Water Service Company South San Francisco,San Francisco Bay,63727,-0.03896833488279855,115.74192129905687,3.6282733949547605
California Water Service Company Stockton,San Joaquin River,174687,-0.050364435995502894,196.02073721918518,6.1448506965261815
California Water Service Company Visalia,Tulare Lake,148211,-0.04744156909384157,273.97759060379883,8.588639203880842
California Water Service Company Westlake,South Coast,19489,-0.20197378933132917,2083.2087222870477,65.30434866103599
California Water Service Company Willows,Sacramento River,7209,-0.15097428459066242,778.3607884061587,24.4000247149266
California-American Water Company Los Angeles District,South Coast,101777,-0.12577053419583498,686.9141404177769,21.533358633786108
California-American Water Company Monterey District,Central Coast,91884,-0.019579767656664325,55.785733745837206,1.7487690829416052
California-American Water Company Sacramento District,Sacramento River,203851,-0.08656160550970873,357.6644951572471,11.212053139725613
California-American Water Company San Diego District,South Coast,94043,-0.017008090848316053,51.97772948544851,1.6293959086347496
California-American Water Ventura District,South Coast,63423,-0.15284448817166713,1039.1171937270378,32.57420669990714
City of Camarillo,South Coast,49694,-0.07767549409039216,346.9610398472658,10.876521625306138
Cambria Community Services District,Central Coast,6032,-0.06968996609929685,176.8930973412632,5.545238161168125
Camrosa Water District,South Coast,32700,-0.22404669672081268,1503.207721348624,47.12249910183774
Carlsbad Municipal Water District,South Coast,92245,0.00045099960749366664,-1.954202309479797,-0.06126026048526009
Carmichael Water District,Sacramento River,37900,-0.09737286839563196,663.5883905013193,20.802143902862674
Casitas Municipal Water District,South Coast,17754,0.017424809253714223,-116.53857719105778,-3.653246933888959
City of Ceres,San Joaquin River,49038,-0.030760401146550882,115.79897222562094,3.6300618252545753
City of Cerritos,South Coast,49994,-0.02481510024079602,106.56843359530312,3.3407032475016654
City of Chino Hills,South Coast,83159,-0.13130895293819506,617.0410980164207,19.3429811290414
Citrus Heights Water District,Sacramento River,69964,-0.08938976258505697,448.7153838202506,14.06631297242165
City of  Newman Water Department,San Joaquin River,11801,-0.08118402774983284,472.35334717396825,14.807314958431608
City of Clovis,Tulare Lake,125722,0.0037770698497783545,-20.932295063711997,-0.6561847982354858
City of Coachella,Colorado River,45635,0.045592615384615384,-202.93634271940397,-6.36164083759887
Coachella Valley Water District,Colorado River,300000,-0.015369138563490646,145.20615540861638,4.551917097448789
Coastside County Water District,San Francisco Bay,18789,-0.16797555168615189,503.166746500612,15.773252241398497
City of Colton,South Coast,54741,-0.14818120329043105,742.4939947080439,23.275673815299182
Contra Costa Water District,San Francisco Bay,204475,-0.10281888653981677,465.01196625504343,14.577177625549952
City of Corcoran,Tulare Lake,13593,-0.08606398219999863,1012.469653498124,31.738860611226457
City of Corona,South Coast,168248,-0.06746021045100074,369.3537480135627,11.578487398544286
City of Covina,South Coast,33300,-0.07791838704310505,356.7345619557061,11.18290162870552
City of Crescent City,North Coast,18999,-0.09132744329587196,352.0185272909101,11.035063551439187
Crestline Village Water District,South Lahontan,9115,-0.07604924438160418,170.0068944651578,5.329369732450089
Cucamonga Valley Water District,South Coast,200000,-0.1338889249679919,920.52516478825,28.856588237876174
City of Daly City,San Francisco Bay,107488,-0.11097254148106868,198.84393974066103,6.2333523429674305
City of Davis,Sacramento River,71075,-0.07965983738733387,330.14421385860004,10.349348396821318
Del Oro Water Company,Sacramento River,6688,-0.010677578776713322,36.24949208142539,1.1363477141512661
Desert Water Agency,Colorado River,73062,-0.06359613173158606,838.4378437455596,26.28331798575422
Diablo Water District,San Joaquin River,42543,-0.07276712586081638,309.59852384646126,9.705282879199412
City of Dinuba,Tulare Lake,26305,-0.045472762357132254,232.92149781410382,7.301614351539304
City of Downey,South Coast,112214,0.028614687819544987,-98.46019802268367,-3.086526583783187
Dublin San Ramon Services District,San Francisco Bay,93616,-0.08281975937238144,273.76196376687744,8.581879741908384
East Bay Municipal Utilities District,San Francisco Bay,1420000,-0.10247983601443786,388.69014084507046,12.184643913638572
East Niles Community Service District,Tulare Lake,32000,-0.003168583770250859,22.496964228123424,0.7052339883424271
East Orange County Water District,South Coast,3210,-0.030522395301261728,232.4706628691584,7.287481594644463
East Valley Water District,South Coast,103000,-0.07042160824133153,374.04689378155365,11.725607955534597
Eastern Municipal Water District,South Coast,614644,-0.008333460934614194,31.416084997169293,0.9848302506949621
City of El Centro,Colorado River,46364,0.0873543298011253,-402.13419894745925,-12.606087741299664
El Dorado Irrigation District,Sacramento River,130044,-0.05876128101030199,454.7342040653557,14.254990723051902
City of El Monte,South Coast,22968,-0.1584712275866723,449.8846220828979,14.102966209495232
City of El Segundo,South Coast,16654,0.2504673566277456,-2374.358455846515,-74.43129955631709
Elk Grove Water Service,Sacramento River,46960,-0.06471997675429864,272.2284742333901,8.53380796969875
Elsinore Valley Municipal Water District,South Coast,160103,-0.05332826451015359,229.128933445157,7.182725186368558
City of Eureka,North Coast,26699,-0.09043868750543246,278.64339488370354,8.734902660931144
Fair Oaks Water District,Sacramento River,36226,-0.10993969063300313,891.9484648853177,27.96076692430463
City of Fairfield,Sacramento River,108615,-0.05631735256682223,305.5287022971045,9.577702266366911
City of Fillmore,South Coast,15200,0.041402399823597,-156.88077492105256,-4.9178926307539985
City of Fortuna,North Coast,12032,-0.1512333091990878,510.3897938829788,15.999680059027547
City of Fountain Valley,South Coast,59227,-0.061646997254890784,264.52883168791305,8.29243986482486
City of Fresno,Tulare Lake,549747,-0.02081408158565368,130.1074648883941,4.07860391499668
Fruitridge Vista Water Company,Sacramento River,15712,-0.04872577378865549,272.95384989180235,8.556547018551797
City of Fullerton,South Coast,141863,-0.058926359626563396,281.96079421812954,8.83889637047428
City of Galt,Sacramento River,26536,-0.09954095463463583,500.9232740428098,15.702923951185259
City of Garden Grove,South Coast,172652,-0.06674530691294307,247.2411768888197,7.750507112502185
City of Gilroy,Central Coast,58209,-0.11265885913773238,450.17093576594687,14.11194156006103
City of Glendale,South Coast,201334,-0.09005079225763259,304.1235556458433,9.533653782001357
City of Glendora,South Coast,51463,-0.12286689796623705,727.2751180730137,22.798593043041183
Golden State Water Company Artesia,South Coast,48150,-0.07938072531952577,227.35503758961585,7.127117165818679
Golden State Water Company Barstow,South Lahontan,31978,-0.008853074181086587,44.99484457408251,1.4104966951123044
Golden State Water Company Bay Point,San Francisco Bay,22400,-0.05139779065295899,124.74301632500014,3.9104393832288444
Golden State Water Company Bell-Bell Gardens,South Coast,58269,-0.03726889252006139,82.3478125436336,2.58143612989447
Golden State Water Company Claremont,South Coast,37580,-0.18541633495990756,1436.33846811602,45.02628426695988
Golden State Water Company Cordova,Sacramento River,44928,-0.14367246008776724,1277.0737046057025,40.03365845158942
Golden State Water Company Culver City,South Coast,36364,-0.04387773266198884,162.9124437717246,5.106973158988232
Golden State Water Company Florence Graham,South Coast,66422,-0.04956189505773677,101.13510550397446,3.1703794828832117
Golden State Water Company Norwalk,South Coast,43903,-0.06373023565990199,176.60800055782065,5.5363009579254125
Golden State Water Company Orcutt,Central Coast,32569,-0.10282499124019749,579.4436786703616,18.164378641704122
Golden State Water Company Placentia,South Coast,53965,-0.0644265431004356,240.4456729391274,7.5374819103174735
Golden State Water Company S Arcadia,South Coast,27113,-0.11602132619862483,378.8798288437282,11.877110622060444
Golden State Water Company S San Gabriel,South Coast,27933,-0.09532911543643106,238.73670509290145,7.483909250561174
Golden State Water Company San Dimas,South Coast,55338,-0.08371315460834897,468.6926948053783,14.692560965685841
Golden State Water Company Simi Valley,South Coast,43934,-0.16372577512209935,689.9931978802294,21.62988081129246
Golden State Water Company Southwest,South Coast,275538,-0.04433292746647052,120.51632695949402,3.7779412839966775
Golden State Water Company West Orange,South Coast,115128,-0.06353018475504627,223.57290501867487,7.0085550162594
Great Oaks Water Company Incorporated,San Francisco Bay,107983,-0.15564747101572235,453.9238463466142,14.229587659768471
Greenfield County Water District,Tulare Lake,11427,-0.017749427407463624,114.61280738601559,3.592877974483247
City of Greenfield,Central Coast,17898,-0.04112266652172066,123.96556886523607,3.8860679895058325
Groveland Community Services District,San Joaquin River,3400,-0.24719674857916626,825.2539852941176,25.870030886962933
City of Hanford,Tulare Lake,59338,-0.04195469537954903,231.9337397620412,7.270650149280288
City of Hawthorne,South Coast,44731,-0.05191164926765975,127.33980340572705,3.991843366950691
City of Hayward,San Francisco Bay,162954,-0.06751276777790519,192.62534558349006,6.0384120872567415
City of Healdsburg,North Coast,11800,-0.35073941022805694,1661.6588983050847,52.08962063652303
Helix Water District,South Coast,276918,-0.049090453113652704,152.72224280635436,4.787531122456249
City of Hemet,South Coast,30433,-0.016870381832314964,61.61136536220597,1.9313907637055163
Hi-Desert Water District,Colorado River,25842,-0.02126543867647009,68.79458559629681,2.156570081388615
Town of Hillsborough,San Francisco Bay,11397,-0.16964292922675794,1217.9694270211655,38.18085978122776
City of Hollister,Central Coast,23583,-0.042725682306334445,182.04074545223256,5.706606440508857
Humboldt Bay Municipal Water District,North Coast,602,-0.411709685193899,5959.053156146179,186.8041741738614
Humboldt Community Service District,North Coast,19486,-0.05622588542244434,167.17445382194316,5.2405784897160865
City of Huntington Beach,South Coast,201281,-0.059570489563203176,224.44729720701372,7.03596542968695
City of Huntington Park,South Coast,62500,-0.027574301854134974,52.660024161600106,1.6507844564764924
Indian Wells Valley Water District,South Lahontan,33476,-0.052549567702594474,260.8752539132513,8.177907646183426
City of Indio,Colorado River,85333,0.008556092894722858,-56.60178360071719,-1.774350583094583
City of Inglewood,South Coast,86584,-0.09000245776484746,265.02161111502113,8.307887495768687
Irvine Ranch Water District,South Coast,428599,-0.007357435579212586,28.18658588728966,0.8835920340843153
Joshua Basin Water District,Colorado River,9665,-0.043277779468015164,172.60475650406661,5.410807413920583
Jurupa Community Service District,South Coast,140147,-0.10694625777123286,591.5680496104766,18.54445296584566
City of Kerman,Tulare Lake,16118,-0.059581801976594725,318.9415560243207,9.998167900448923
City of Kingsburg,Tulare Lake,12338,0.014553913032425356,-102.08299562327768,-3.2000939066858205
City of La Habra  Public Works,South Coast,63118,-0.07853437389572365,314.10623517395965,9.846590444324754
City of La Palma,South Coast,15896,-0.1504754932816189,540.3462653907902,16.93875440096521
City of La Verne,South Coast,32228,-0.08175676928078685,539.8846526129142,16.9242837809691
Laguna Beach County Water District,South Coast,19117,-0.08248054903357255,399.15123178660326,12.51257779895308
Lake Arrowhead Community Services District,South Lahontan,28192,-0.0859973137975065,125.65774429623676,3.9391142412613402
Lake Hemet Municipal Water District,South Coast,54320,-0.014767895820711406,63.12236745268765,1.9787576003977319
Lakeside Water District,South Coast,35500,-0.05644270344480929,163.48461910814132,5.124909689910385
City of Lakewood,South Coast,59081,-0.06201146411460771,215.86892230310954,6.767050855896851
Lamont Public Utility District,Tulare Lake,20009,-0.07225719309185813,369.75710930081465,11.591131953003593
Las Virgenes Municipal Water District,South Coast,75384,-0.20002949779538562,1519.6018983139652,47.63642314463841
City of Lemoore,Tulare Lake,27235,-0.008284403139004972,63.046537543601985,1.9763804872602502
Lincoln Avenue Water Company,South Coast,16126,-0.16914635686489662,686.9475640238751,21.534406395732763
City of Lincoln,Sacramento River,49624,-0.09748678167806811,585.2289214896018,18.34573421597498
Linda County Water District,Sacramento River,20943,-0.06655684219816155,342.0941603399704,10.723954869591548
City of Livermore  Division of Water Resources,San Francisco Bay,31074,-0.1115381631422259,663.9135611765463,20.812337340957566
City of Livingston,San Joaquin River,15052,-0.20987648958107732,3370.356098857295,105.65379620242304
City of Lodi  Public Works Department,San Joaquin River,68272,-0.048842086418332244,279.7266815092571,8.768861489318404
City of Lompoc,Central Coast,40415,-0.05173880074906053,152.7898057651862,4.789649083548157
City of Long Beach,South Coast,467730,-0.08523588111069808,266.3738595085837,8.350277727541807
Los Angeles County Public Works Waterworks District 29,South Coast,22380,-0.09139277948929485,839.9010031722528,26.329185052421717
Los Angeles County Public Works Waterworks District 40,South Lahontan,214629,-0.09358621985802305,559.8310581902724,17.549562952673117
Los Angeles Department of Water and Power,South Coast,3934779,-0.04632664571536315,163.8212435977724,5.135462181748351
City of Los Banos,San Joaquin River,44391,-0.020938788850995385,109.67876371336531,3.438205759039665
City of Lynwood,South Coast,66967,-0.023380633087280996,47.8436633481269,1.4998013588754515
City of Madera,San Joaquin River,66419,0.029261453887484634,-108.4463782953673,-3.3995729873155893
City of Manhattan Beach,South Coast,35996,-0.07156831151675218,275.6060490869823,8.63968805915305
Marin Municipal Water District,San Francisco Bay,192100,-0.25032480779631744,1008.4184023086309,31.611862141336392
Marina Coast Water District,Central Coast,33977,0.05255593120476495,-144.077193565103,-4.516526444047115
City of Martinez,San Francisco Bay,28095,-0.10765419255933642,559.8861007296672,17.5512884241275
McKinleyville Community Service District,North Coast,16900,-0.0243499839612218,64.68047337278107,2.0276010461686855
City of Menlo Park,San Francisco Bay,19297,-0.20497927419478973,979.9207849906646,30.71851990566347
City of Merced,San Joaquin River,88120,-0.017543750929552328,112.4432591920109,3.5248670593106866
Mesa Water District,South Coast,110000,-0.225097209372415,947.5704697727276,29.70440344115134
City of Millbrae,San Francisco Bay,21532,-0.18330190324600534,514.3332751638475,16.123300161876095
City of Milpitas,San Francisco Bay,77961,-0.07315866019007106,246.78778664716978,7.736294252262375
Mission Springs Water District,Colorado River,37600,-0.03923675435557409,243.5167584986712,7.633754184911322
City of Modesto,San Joaquin River,236865,-0.04609742274874962,283.8471616743715,8.89803014653202
Monte Vista Water District,South Coast,56839,-0.05170174451363581,219.23650886764372,6.872617832841496
Montebello Land and Water Company,South Coast,26554,0.031082676246853614,-94.29451110344914,-2.9559407869419796
Montecito Water District,Central Coast,11441,-0.05395541291087509,546.3080986364832,17.125645725281608
City of Morgan Hill,Central Coast,47374,-0.140520930881901,654.3937602904547,20.513910980891996
Moulton Niguel Water District,South Coast,170236,-0.07553471397056918,309.5369844328464,9.703353743976376
Myoma Dunes Mutual Water Company,Colorado River,8948,-0.11532895618384027,1442.8363880196691,45.22998081566361
City of Napa,San Francisco Bay,86906,-0.16982606764487782,747.6490778778222,23.437275168583767
Nevada Irrigation District,Sacramento River,44761,-0.1179508382237889,739.3199437009897,23.176173783730086
City of Newport Beach,South Coast,68230,-0.08541169914150047,526.3388671882317,16.499651009035475
Nipomo Community Services District,Central Coast,13758,-0.08859202528428099,372.32544621420317,11.671644081949943
North Coast County Water District,San Francisco Bay,38640,-0.15108365685014777,311.723034708656,9.77188196578859
North Marin Water District,San Francisco Bay,61655,-0.23466695977137833,865.7043224393805,27.138066534149857
North Tahoe Public Utility District,North Lahontan,7500,-0.0612983222590856,268.2733333333333,8.4098223615465
City of Norwalk,South Coast,20228,-0.12419611776505989,364.222859402808,11.417644495385831
City of Oceanside,South Coast,178021,-0.011813133252392067,42.78961016802304,1.3413670899066783
Oildale Mutual Water Company,Tulare Lake,34133,0.02565745359875026,-186.2381102694009,-5.838185274902849
Olivehurst Public Utility District,Sacramento River,25688,-0.024760570157838276,113.97539707256306,3.5728964599549546
Olivenhain Municipal Water District,South Coast,87084,-0.08808009050840863,505.13194376487206,15.834857171312605
City of Ontario,South Coast,182871,-0.03341142333087227,172.76358073067922,5.415786229801856
City of Orange,South Coast,140094,-0.089861419952917,496.4954122892922,15.564119507501323
Orange Vale Water Company,Sacramento River,16815,-0.06228287420598752,412.31725674531737,12.925305854085183
Otay Water District,South Coast,226413,-0.030494251702310023,112.44143833063936,3.524809979016908
Padre Dam Municipal Water District,South Coast,92045,-0.038285797450995925,118.84468093590097,3.7255385873323186
Palmdale Water District,South Lahontan,117498,-0.09543079281817413,470.9038415164002,14.761875909605022
City of Palo Alto,San Francisco Bay,66573,-0.08192276589782926,380.4308434049834,11.925731768181299
Paradise Irrigation District,Sacramento River,3000,0.06885723217910253,-2459.5,-77.10031347962382
City of Paramount,South Coast,55461,-0.0364092844040549,100.9034017143307,3.1631160412015893
Park Water Company,South Coast,120937,-0.06563529240852,159.67521642921525,5.005492678031826
City of Pasadena,South Coast,170950,-0.11775315633559022,579.4970462631824,18.166051606996312
City of Paso Robles,Central Coast,31221,-0.015038102635726995,78.31908010633869,2.4551435770012127
City of Patterson,San Joaquin River,23865,-0.008166329985638196,37.4885878902158,1.1751908429534732
City of Petaluma,San Francisco Bay,63505,-0.2483577404784095,938.8000061747734,29.429467278206065
Phelan Pinon Hills Community Services District,South Lahontan,23291,-0.027357126104055596,98.03210953821215,3.073106882075616
Pico Water District,South Coast,25825,-0.06370825911276425,198.75111720515036,6.230442545615999
Placer County Water Agency,Sacramento River,110182,-0.0376604268276499,286.38474660107823,8.977578263356683
City of Pleasanton,San Francisco Bay,83647,-0.14858145357519303,740.8151517687425,23.223045509991927
City of Port Hueneme,South Coast,21555,-0.028331915904982026,69.90511329243836,2.1913828618319235
City of Poway,South Coast,49062,-0.05190183205773698,285.1384469812175,8.938509309756036
Rainbow Municipal Water District,South Coast,23536,0.0004120914216347991,-2.663574730095857,-0.0834976404418764
City of Red Bluff,Sacramento River,14076,-0.13029274074140385,1068.73914819551,33.50279461427932
City of Redding,Sacramento River,87741,-0.14457626540200633,1231.1804059675637,38.59499705227472
City of Redlands,South Coast,78052,-0.10293570858738103,920.6095723465123,28.859234242837378
City of Redwood City,San Francisco Bay,89037,-0.12589330577898877,384.0481290141783,12.0391263013849
City of Rialto,South Coast,54453,-0.013588309898861691,63.631845916837506,1.9947287121265675
Rincon Del Diablo Municipal Water District,South Coast,29955,-0.06779397335228406,323.9536088319144,10.1552855433202
Rio Linda - Elverta Community Water District,Sacramento River,14381,-0.0982151891240605,546.3910993672206,17.128247629066475
City of Ripon,San Joaquin River,16613,-0.028529316189812897,191.83470775898394,6.013627202475985
City of Riverbank,San Joaquin River,23734,-0.059073379279250264,309.1408949186821,9.690937144786272
City of Riverside,South Coast,312109,-0.06258232000715193,377.685576268227,11.839673237248494
Riverside Highland Water Company,South Coast,20326,-0.10259815130110897,474.9443990894909,14.888539156410372
City of Rohnert Park,North Coast,42484,-0.05728428305009139,176.81283962197554,5.542722245202995
Rosamond Community Service District,South Lahontan,17700,-0.012391486978437413,50.0,1.567398119122257
City of Roseville,Sacramento River,134832,-0.06412682355544132,417.33595158912624,13.082631711257875
Rowland Water District,South Coast,55038,-0.07080432583194866,357.1295486460271,11.19528365661527
Rubidoux Community Service District,South Coast,36827,-0.027076870259750453,100.22809351834252,3.141946505277195
Rubio Canyon Land and Water Association,South Coast,9600,-0.07158061903879687,438.379448769064,13.742302469249656
City of Sacramento,Sacramento River,515673,-0.11237407656145064,584.0619927744908,18.309153378510683
Sacramento County Water Agency,Sacramento River,198423,-0.06732705359081653,399.9869948292285,12.538777267373934
Sacramento Suburban Water District,Sacramento River,184385,-0.07789351964303035,393.50164058898497,12.33547462661395
City of San Bernardino,South Coast,212137,-0.06607562749558095,353.60658235998716,11.084845842005867
San Bernardino County Service Area 64,South Lahontan,14719,-0.04317576713463153,229.57928054052508,7.1968426501732
San Bernardino County Service Area 70J,South Coast,12536,0.008296304122356933,-31.680730587388574,-0.9931263507018362
City of San Bruno,San Francisco Bay,45454,-0.19381276872020087,378.59963795394617,11.868327208587653
City of San Buenaventura,South Coast,113478,-0.027260437267609707,93.19726873617358,2.9215444744881998
City of San Clemente,South Coast,51065,-0.014943179098934776,60.32266141530384,1.89099252085592
City of San Diego,South Coast,1430489,-0.014709163480616504,48.479812577664276,1.5197433409926107
San Dieguito Water District,South Coast,39125,-0.031213893334969045,124.76140522647954,3.9110158378206754
San Francisco Public Utilities Commission,San Francisco Bay,870493,-0.07090635580258371,164.82671313841698,5.166981603085172
San Gabriel County Water District,South Coast,45000,-0.0823317443565322,272.2637056189892,8.53491240184919
San Gabriel Valley Fontana Water Company,South Coast,237000,-0.03454827579704112,163.72571412141374,5.132467527317045
San Gabriel Valley Water Company,South Coast,254000,-0.08069925546365289,293.80370664187865,9.21014754363256
City of San Jose,San Francisco Bay,136189,-0.10371938312670094,377.783815139255,11.842752825681975
San Jose Water Company,San Francisco Bay,1042326,-0.13808391082023241,455.84107083580375,14.289688740934286
City of San Juan Capistrano,South Coast,38918,-0.03924643969570252,206.16721477208483,6.462922093168804
San Juan Water District,Sacramento River,29682,-0.07882128901601383,941.1757318468783,29.503941437206215
San Lorenzo Valley Water District,Central Coast,26190,-0.05975437198990038,122.25808300496377,3.8325417869894594
City of San Luis Obispo,Central Coast,46058,-0.005366075855380195,16.580298322245334,0.5197585680954651
City of Sanger,Tulare Lake,27185,-0.007822478052397582,51.37943718962663,1.6106406642516184
City of Santa Ana,South Coast,332005,-0.05923907746170275,172.1526173506873,5.396633772748818
City of Santa Barbara,Central Coast,95628,-0.03535927600605101,108.59825883109541,3.4043341326362198
City of Santa Clara,San Francisco Bay,130746,-0.08034749034749035,318.327138115124,9.978907150944325
Santa Clarita Valley Water Agency,South Coast,286868,-0.06478779722400672,412.74427762195785,12.938692088462627
Santa Margarita Water District,South Coast,163248,-0.06549876399545462,282.13718434247295,8.844425841456832
City of Santa Maria,Central Coast,107407,-0.06508842378709857,206.1415332196788,6.462117028830056
City of Santa Monica,South Coast,92968,-0.018377100064048874,60.18199810687548,1.8865830127547174
City of Santa Paula,South Coast,29558,-0.06459190622594979,267.1309211979491,8.374010068901224
City of Santa Rosa,North Coast,174220,-0.17022041996827697,538.500528641947,16.880894314794574
Scotts Valley Water District,Central Coast,10749,-0.07544574355393284,226.29715787515119,7.093954792324489
City of Seal Beach,South Coast,25561,-0.08443530273647783,319.8283756122022,10.025967887529848
City of Shafter,Tulare Lake,20500,-0.03359542530378842,229.2682926829268,7.187093814511813
City of Shasta Lake,Sacramento River,10657,-0.14037814036137972,834.5603171624285,26.161765428289296
City of Sierra Madre,South Coast,11100,-0.0916409891330221,566.1375130067119,17.74725746102545
City of Soledad,Central Coast,17073,-0.06747303277598352,251.977098342412,7.898968600075611
City of Sonoma,San Francisco Bay,11725,-0.19381770251908786,1015.5821620535592,31.836431412337276
Soquel Creek Water District,Central Coast,40677,-0.10952467025693643,253.2352435036999,7.93840888726332
South Coast Water District,South Coast,34462,-0.04152153642229027,187.78367070976702,5.886635445447242
South Feather Water and Power Agency,Sacramento River,16770,-0.09511114087084822,965.587358378056,30.269196187399874
City of South Gate,South Coast,88654,-0.03534179573051176,94.65003219917324,2.967085648876904
South Tahoe Public Utilities District,North Lahontan,33120,-0.11087892661532697,551.274154589372,17.28132146048188
City of Stockton,San Joaquin River,184402,-0.0631574285625865,320.948254357328,10.061073804304954
Suburban Water Systems San Jose Hills,South Coast,178500,-0.09620981008929806,383.99644585416246,12.037506139628917
Suburban Water Systems Whittier/La Mirada,South Coast,115000,-0.09319957027089426,473.648882621518,14.84792735490652
Sunny Slope Water Company,South Coast,30700,-0.11148924439574123,376.7205802649963,11.809422578840008
Sunnyslope County Water District,Central Coast,23910,-0.08426828081384401,261.03844416562106,8.183023328075896
City of Sunnyvale,San Francisco Bay,153827,-0.10439592770594522,381.53729754262275,11.960416850865917
City of Susanville,North Lahontan,7911,-0.04864720643802821,426.3809884970295,13.366175187994655
Sweetwater Authority,South Coast,189719,-0.023213904534963862,59.14701544083631,1.8541384150732385
Sweetwater Springs Water District,North Coast,7968,-0.0869857464927068,217.30812052861455,6.812166787730864
Thermalito Water and Sewer District,Sacramento River,10319,-0.1628359098700217,1106.2700948347126,34.679313317702594
City of Thousand Oaks,South Coast,53157,-0.1933775760803817,1081.8526348320825,33.91387570006528
Trabuco Canyon Water District,South Coast,12921,-0.0520046523268886,238.44894667634117,7.47488861054361
City of Tracy,San Joaquin River,98601,-0.017649973313728202,98.01430625313249,3.072548785364655
Triunfo Sanitation District / Oak Park Water Service,South Coast,12200,-0.2131589258250961,1081.725133606557,33.90987879644379
Truckee-Donner Public Utilities District,North Lahontan,34385,-0.06251036102459617,235.08685764141342,7.3694939699502635
City of Tulare,Tulare Lake,67940,-0.07066338342383298,494.18604651162786,15.491725595975796
Tuolumne Utilities District,San Joaquin River,31110,-0.04166792247928388,174.9239100482164,5.483508151981706
City of Turlock,San Joaquin River,74297,-0.09508086369826556,740.4935596322866,23.212964251795817
City of Tustin,South Coast,66600,-0.047262357536472725,212.42062185795743,6.6589536632588535
Twentynine Palms Water District,Colorado River,18795,-0.08033012327857068,326.6572267854325,10.240038457223589
City of Vacaville,Sacramento River,97198,-0.07588389836296607,402.6976816719492,12.623751776550131
Vallecitos Water District,South Coast,109541,-0.02603375832509866,96.39497224783432,3.0217859638819538
City of Vallejo,San Francisco Bay,124000,-0.08046642164514112,298.3987903225806,9.354194053999393
Valley Center Municipal Water District,South Coast,28507,-0.03442378233340924,213.47271418248138,6.69193461387089
Valley Water Company,South Coast,10070,-0.12454172495170968,1288.3708117939427,40.38779974275682
Valley of the Moon Water District,San Francisco Bay,23077,-0.20999972786555654,695.4006893393391,21.799394650136023
Vaughn Water Company,Tulare Lake,33528,-0.06798279671006541,725.5105195657361,22.743276475414923
Ventura County Waterworks District No 1,South Coast,36284,-0.2509883903477801,1690.2922877939866,52.987219053103026
Ventura County Waterworks District No. 8,South Coast,94738,-0.19160703511360258,1080.318779682245,33.865792466528056
City of Vernon,South Coast,112,-0.10315398479391101,178242.59685846418,5587.54222126847
Victorville Water District,South Lahontan,127650,-0.047876845964691876,241.09910770857795,7.557965758889591
Vista Irrigation District,South Coast,134588,-0.03937205188544826,143.95370978233586,4.51265547907009
Walnut Valley Water District,South Coast,100461,-0.10592472603547064,527.187550081376,16.526255488444388
City of Watsonville,Central Coast,65231,-0.03960891996859724,110.04170256473148,3.44958315249942
West Kern Water District,Tulare Lake,22113,-0.08754629006870193,1693.0565428497077,53.07387281660526
West Valley Water District,South Coast,96401,-0.034840371937405246,210.25398641559732,6.5910340569152766
Westborough Water District,San Francisco Bay,14050,-0.15423143928094016,279.7765350779749,8.7704242971152
Western Municipal Water District of Riverside,South Coast,100579,-0.02058951872818889,127.00635528291282,3.9813904477402136
City of Westminster,South Coast,96179,-0.041157702859777524,131.69435789533082,4.1283497772830975
City of Whittier,South Coast,49954,-0.11212837618657448,487.153383470193,15.271265939504481
Town of Windsor,North Coast,28397,-0.24652670806085772,920.6076943317534,28.859175370901358
City of Woodland,Sacramento River,60978,-0.10138990980545826,486.7332636360655,15.258096038748134
Yorba Linda Water District,South Coast,80540,-0.09724072437015235,689.1420937919048,21.603200432348114
City of Yreka,North Coast,7786,-0.02653917567092273,208.3611610583098,6.531697838818489
City of Yuba City,Sacramento River,73202,-0.037322983875534683,202.57643233791427,6.35035838049888
